tabela;descricao_tabela;campo;tipo;tamanho;descricao_campo;valores_possiveis;sensivel
MTTBAAC;;CODEMP;smallint;2;;;
MTTBAAC;;REGIAO;smallint;2;;;
MTTBAAC;;NUCLEO;smallint;2;;;
MTTBAAC;;CONTRATO;char;10;;;
MTTBAAC;;DATA_COMP;char;6;;;
MTTBAAC;;NOME_TIT;char;35;;;
MTTBAAC;;CONS_MATR;char;7;;;
MTTBAAC;;CCORRENTE_ANT;float;8;;;
MTTBAAC;;INCLUSAO_DEB;float;8;;;
MTTBAAC;;INCLUSAO_CRED;float;8;;;
MTTBAAC;;DIF_ARRECADA_DEB;float;8;;;
MTTBAAC;;DIF_ARRECADA_CRED;float;8;;;
MTTBAAC;;DESC_QUITACAO_DEB;float;8;;;
MTTBAAC;;DESC_QUITACAO_CRED;float;8;;;
MTTBAAC;;PAGAMENTO_DEB;float;8;;;
MTTBAAC;;PAGAMENTO_CRED;float;8;;;
MTTBAAC;;DEV_QUITACAO_DEB;float;8;;;
MTTBAAC;;DEV_QUITACAO_CRED;float;8;;;
MTTBAAC;;ABAT_FGTS_DEB;float;8;;;
MTTBAAC;;ABAT_FGTS_CRED;float;8;;;
MTTBAAC;;DIF_PRESTACAO_DEB;float;8;;;
MTTBAAC;;DIF_PRESTACAO_CRED;float;8;;;
MTTBAAC;;MANUT_PRESTACAO_DEB;float;8;;;
MTTBAAC;;MANUT_PRESTACAO_CRED;float;8;;;
MTTBAAC;;DIFERENCAS_DEB;float;8;;;
MTTBAAC;;DIFERENCAS_CRED;float;8;;;
MTTBAAC;;TRANSF_PENDENCIAS_DEB;float;8;;;
MTTBAAC;;TRANSF_PENDENCIAS_CRED;float;8;;;
MTTBAAC;;PGTO_QUITACAO_DEB;float;8;;;
MTTBAAC;;PGTO_QUITACAO_CRED;float;8;;;
MTTBAAC;;DEV_PARTE_PGTO_DEB;float;8;;;
MTTBAAC;;DEV_PARTE_PGTO_CRED;float;8;;;
MTTBAAC;;ATUAL_DIF_ARRECADA_DEB;float;8;;;
MTTBAAC;;ATUAL_DIF_ARRECADA_CRED;float;8;;;
MTTBAAC;;ATUAL_INCLUSAO_DEB;float;8;;;
MTTBAAC;;ATUAL_INCLUSAO_CRED;float;8;;;
MTTBAAC;;CANCELAMENTO_DEB;float;8;;;
MTTBAAC;;CANCELAMENTO_CRED;float;8;;;
MTTBAAC;;CORRECAO_DEB;float;8;;;
MTTBAAC;;CORRECAO_CRED;float;8;;;
MTTBAAC;;BX_EXTRACAIXA_DEB;float;8;;;
MTTBAAC;;BX_EXTRACAIXA_CRED;float;8;;;
MTTBAAC;;DEV_PAGAMENTO_DEB;float;8;;;
MTTBAAC;;DEV_PAGAMENTO_CRED;float;8;;;
MTTBAAC;;BX_RENEG_DIVIDA_DEB;float;8;;;
MTTBAAC;;BX_RENEG_DIVIDA_CRED;float;8;;;
MTTBAAC;;CANCELA_CAMP_DEB;float;8;;;
MTTBAAC;;CANCELA_CAMP_CRED;float;8;;;
MTTBAAC;;CORRECAO_CAMP_DEB;float;8;;;
MTTBAAC;;CORRECAO_CAMP_CRED;float;8;;;
MTTBAAC;;PAGAMENTO_CAMP_DEB;float;8;;;
MTTBAAC;;PAGAMENTO_CAMP_CRED;float;8;;;
MTTBAAC;;BAIXA_POR_DACAO_DEB;float;8;;;
MTTBAAC;;BAIXA_POR_DACAO_CRED;float;8;;;
MTTBAAC;;BX_POR_ADJUDICACAO_DEB;float;8;;;
MTTBAAC;;BX_POR_ADJUDICACAO_CRED;float;8;;;
MTTBAAC;;BX_QUIT_PX5ACORDO_DEB;float;8;;;
MTTBAAC;;BX_QUIT_PX5ACORDO_CRED;float;8;;;
MTTBAAC;;BX_PREST_DEVOLUCAO_DEB;float;8;;;
MTTBAAC;;BX_PREST_DEVOLUCAO_CRED;float;8;;;
MTTBAAC;;BX_PREST_NORMAL_DEB;float;8;;;
MTTBAAC;;BX_PREST_NORMAL_CRED;float;8;;;
MTTBAAC;;BX_PREST_EXTRACAIXA_DEB;float;8;;;
MTTBAAC;;BX_PREST_EXTRACAIXA_CRED;float;8;;;
MTTBAAC;;BX_PREST_EXTCAIXA_CAMP_DEB;float;8;;;
MTTBAAC;;BX_PREST_EXTCAIXA_CAMP_CRED;float;8;;;
MTTBAAC;;BX_PREST_EXTCAIXA_QUIT_DEB;float;8;;;
MTTBAAC;;BX_PREST_EXTCAIXA_QUIT_CRED;float;8;;;
MTTBAAC;;BX_PREST_INCORPORACAO_DEB;float;8;;;
MTTBAAC;;BX_PREST_INCORPORACAO_CRED;float;8;;;
MTTBAAC;;BX_PREST_ACORDO_DEB;float;8;;;
MTTBAAC;;BX_PREST_ACORDO_CRED;float;8;;;
MTTBAAC;;BX_PREST_PGTO_PARCELADO_DEB;float;8;;;
MTTBAAC;;BX_PREST_PGTO_PARCELADO_CRED;float;8;;;
MTTBAAC;;BX_PREST_RENEG_DIVIDA_DEB;float;8;;;
MTTBAAC;;BX_PREST_RENEG_DIVIDA_CRED;float;8;;;
MTTBAAC;;ESTORNO_BX_PREST_DEB;float;8;;;
MTTBAAC;;ESTORNO_BX_PREST_CRED;float;8;;;
MTTBAAC;;INCORPORACAO_ENCARGOS_DEB;float;8;;;
MTTBAAC;;INCORPORACAO_ENCARGOS_CRED;float;8;;;
MTTBAAC;;AMORTIZACAO_EXTRAORD_DEB;float;8;;;
MTTBAAC;;AMORTIZACAO_EXTRAORD_CRED;float;8;;;
MTTBAAC;;QUIT_ANTECIP_CCOB_FCVS_DEB;float;8;;;
MTTBAAC;;QUIT_ANTECIP_CCOB_FCVS_CRED;float;8;;;
MTTBAAC;;QUIT_ANTECIP_SCOB_FCVS_DEB;float;8;;;
MTTBAAC;;QUIT_ANTECIP_SCOB_FCVS_CRED;float;8;;;
MTTBAAC;;TRANSFERENCIA_CONTRATO_DEB;float;8;;;
MTTBAAC;;TRANSFERENCIA_CONTRATO_CRED;float;8;;;
MTTBAAC;;EST_TRANSFERE_CONTRATO_DEB;float;8;;;
MTTBAAC;;EST_TRANSFERE_CONTRATO_CRED;float;8;;;
MTTBAAC;;BX_PREST_NAO_APROPRIADA_DEB;float;8;;;
MTTBAAC;;BX_PREST_NAO_APROPRIADA_CRED;float;8;;;
MTTBAAC;;BX_POR_QUITACAO_DEB;float;8;;;
MTTBAAC;;BX_POR_QUITACAO_CRED;float;8;;;
MTTBAAC;;CCORRENTE_ATUAL;float;8;;;
MTTBAAC;;FLAG_IMP;smallint;2;;;
MTTBAAC;;ACERTO_DIFCC_DEB;float;8;;;
MTTBAAC;;ACERTO_DIFCC_CRED;float;8;;;
MTTBAAC;;ESTCORR_DIFCC_DEB;float;8;;;
MTTBAAC;;ESTCORR_DIFCC_CRED;float;8;;;
MTTBAAC;;DATA_PROC_FECH_DIARIO;char;8;;;
MTTBAAC;;CTB_CONTA;char;20;;;
MTTBAAC;;COMPENSACAO_DEB;float;8;;;
MTTBAAC;;COMPENSACAO_CRED;float;8;;;
MTTBAAC;;LIQUIDACAO_DEB;float;8;;;
MTTBAAC;;LIQUIDACAO_CRED;float;8;;;
MTTBAAD;;CODEMP;smallint;2;;;
MTTBAAD;;REGIAO;smallint;2;;;
MTTBAAD;;NUCLEO;smallint;2;;;
MTTBAAD;;CONTRATO;char;10;;;
MTTBAAD;;DATA_COMP;char;6;;;
MTTBAAD;;NOME_TIT;char;35;;;
MTTBAAD;;CONS_MATR;char;7;;;
MTTBAAD;;PRAZO;smallint;2;;;
MTTBAAD;;QTD_PRT;smallint;2;;;
MTTBAAD;;SALDO_ANT;float;8;;;
MTTBAAD;;SLD_INICIAL;float;8;;;
MTTBAAD;;SLD_INICIAL_EXC;float;8;;;
MTTBAAD;;SLD_PRO_CM20;float;8;;;
MTTBAAD;;SLD_CORR;float;8;;;
MTTBAAD;;SLD_CORR_EXC;float;8;;;
MTTBAAD;;SLD_CORR_PROR;float;8;;;
MTTBAAD;;SLD_CORR_PROR_EXC;float;8;;;
MTTBAAD;;SLD_AMORT;float;8;;;
MTTBAAD;;SLD_AMORT_EXC;float;8;;;
MTTBAAD;;SLD_SINIST;float;8;;;
MTTBAAD;;SLD_SINIST_EXC;float;8;;;
MTTBAAD;;SLD_SINIST_DESC;float;8;;;
MTTBAAD;;SLD_SINIST_DESC_EXC;float;8;;;
MTTBAAD;;SLD_INCORP;float;8;;;
MTTBAAD;;SLD_INCORP_EXC;float;8;;;
MTTBAAD;;SLD_AMORT_EX;float;8;;;
MTTBAAD;;SLD_AMORT_EX_EXC;float;8;;;
MTTBAAD;;SLD_CANC;float;8;;;
MTTBAAD;;SLD_CANC_EXC;float;8;;;
MTTBAAD;;SLD_QUITA;float;8;;;
MTTBAAD;;SLD_QUITA_EXC;float;8;;;
MTTBAAD;;SLD_DESC;float;8;;;
MTTBAAD;;SLD_DESC_EXC;float;8;;;
MTTBAAD;;SLD_ATUMONET;float;8;;;
MTTBAAD;;SLD_ATUMONET_EXC;float;8;;;
MTTBAAD;;SLD_REC_FGTS;float;8;;;
MTTBAAD;;SLD_REC_FGTS_EXC;float;8;;;
MTTBAAD;;SLD_REC_EMPR;float;8;;;
MTTBAAD;;SLD_REC_EMPR_EXC;float;8;;;
MTTBAAD;;SLD_REC_CC;float;8;;;
MTTBAAD;;SLD_REC_CC_EXC;float;8;;;
MTTBAAD;;SLD_DACAO;float;8;;;
MTTBAAD;;SLD_DACAO_EXC;float;8;;;
MTTBAAD;;SLD_ADJUD;float;8;;;
MTTBAAD;;SLD_ADJUD_EXC;float;8;;;
MTTBAAD;;SLD_ADJUD_DESC;float;8;;;
MTTBAAD;;SLD_ADJUD_DESC_EXC;float;8;;;
MTTBAAD;;SLD_TPZ;float;8;;;
MTTBAAD;;SLD_TPZ_EXC;float;8;;;
MTTBAAD;;SLD_PRO_CM;float;8;;;
MTTBAAD;;SALDO_ATUAL;float;8;;;
MTTBAAD;;ENCARGO_ANT;float;8;;;
MTTBAAD;;ENC_PRO_JUR20;float;8;;;
MTTBAAD;;ENC_AMORT;float;8;;;
MTTBAAD;;ENC_AMORT_EXC;float;8;;;
MTTBAAD;;ENC_JUROS;float;8;;;
MTTBAAD;;ENC_JUROS_EXC;float;8;;;
MTTBAAD;;ENC_SEG;float;8;;;
MTTBAAD;;ENC_SEG_EXC;float;8;;;
MTTBAAD;;ENC_FGTS;float;8;;;
MTTBAAD;;ENC_FGTS_EXC;float;8;;;
MTTBAAD;;BXA_AMORT;float;8;;;
MTTBAAD;;BXA_JUROS;float;8;;;
MTTBAAD;;BXA_SEG;float;8;;;
MTTBAAD;;BXA_FGTS;float;8;;;
MTTBAAD;;BXA_EMP_AMORT;float;8;;;
MTTBAAD;;BXA_EMP_JUROS;float;8;;;
MTTBAAD;;BXA_EMP_SEG;float;8;;;
MTTBAAD;;BXA_EMP_FGTS;float;8;;;
MTTBAAD;;BXA_QCNORM_AMORT;float;8;;;
MTTBAAD;;BXA_QCNORM_JUROS;float;8;;;
MTTBAAD;;BXA_QCNORM_SEG;float;8;;;
MTTBAAD;;BXA_QCNORM_FGTS;float;8;;;
MTTBAAD;;BXA_QCEXCX_AMORT;float;8;;;
MTTBAAD;;BXA_QCEXCX_JUROS;float;8;;;
MTTBAAD;;BXA_QCEXCX_SEG;float;8;;;
MTTBAAD;;BXA_QCEXCX_FGTS;float;8;;;
MTTBAAD;;BXA_INC_AMORT;float;8;;;
MTTBAAD;;BXA_INC_JUROS;float;8;;;
MTTBAAD;;BXA_INC_SEG;float;8;;;
MTTBAAD;;BXA_INC_FGTS;float;8;;;
MTTBAAD;;BXA_ADJ_AMORT;float;8;;;
MTTBAAD;;BXA_ADJ_JUROS;float;8;;;
MTTBAAD;;BXA_ADJ_SEG;float;8;;;
MTTBAAD;;BXA_ADJ_FGTS;float;8;;;
MTTBAAD;;BXA_ADJ_PAGO;float;8;;;
MTTBAAD;;BXA_ADJ_PAGO_EXC;float;8;;;
MTTBAAD;;BXA_ADJ_DESC;float;8;;;
MTTBAAD;;BXA_ADJ_DESC_EXC;float;8;;;
MTTBAAD;;BXA_EST_AMORT;float;8;;;
MTTBAAD;;BXA_EST_JUROS;float;8;;;
MTTBAAD;;BXA_EST_SEG;float;8;;;
MTTBAAD;;BXA_EST_FGTS;float;8;;;
MTTBAAD;;ENC_PRO_JUR;float;8;;;
MTTBAAD;;ENCARGO_ATUAL;float;8;;;
MTTBAAD;;PROV_ATUMON;float;8;;;
MTTBAAD;;PROV_MORA;float;8;;;
MTTBAAD;;PROV_MULTA;float;8;;;
MTTBAAD;;PROV_JURCON;float;8;;;
MTTBAAD;;FLAG_IMP;smallint;2;;;
MTTBAAD;;SLD_LIB_PARC;float;8;;;
MTTBAAD;;SLD_LIB_PARC_EXC;float;8;;;
MTTBAAD;;DATA_PROC_FECH_DIARIO;char;8;;;
MTTBAAD;;CTB_CONTA;char;20;;;
MTTBAAT;;CODEMP;smallint;2;;;
MTTBAAT;;REGIAO;smallint;2;;;
MTTBAAT;;NUCLEO;smallint;2;;;
MTTBAAT;;CONTRATO;char;10;;;
MTTBAAT;;DATA_COMP;char;6;;;
MTTBAAT;;COD_TRANS;char;5;;;
MTTBAAT;;TIPO_LANC;char;1;;;
MTTBAAT;;SIT_PGTO;char;1;;;
MTTBAAT;;VL_SALDO;float;8;;;
MTTBAAT;;VL_JUROS;float;8;;;
MTTBAAT;;VL_TAXA;float;8;;;
MTTBAAT;;VL_SEG;float;8;;;
MTTBAAT;;VL_FCVS;float;8;;;
MTTBAAT;;VL_FGTS;float;8;;;
MTTBAAT;;VL_MORA;float;8;;;
MTTBAAT;;VL_ATUMON;float;8;;;
MTTBAAT;;VL_CC;float;8;;;
MTTBAAT;;VL_SUBS;float;8;;;
MTTBAAT;;VL_MULTA;float;8;;;
MTTBAAT;;VL_IOF;float;8;;;
MTTBAAT;;VL_DESC;float;8;;;
MTTBAAT;;VL_DIF_ENC;float;8;;;
MTTBAAT;;VL_DIF_MORA;float;8;;;
MTTBAAT;;VL_TARIFA;float;8;;;
MTTBAAT;;VL_OUTR;float;8;;;
MTTBAAT;;DATA_PROC_FECH_DIARIO;char;8;;;
MTTBAAT;;CTB_CONTA;char;20;;;
MTTBACC;;CONTRATO;char;10;;;
MTTBACC;;NOMTIT;char;35;;;
MTTBACC;;NUM_IMOVEL;int;4;;;
MTTBACC;;NUM_PROCESSO;int;4;;;
MTTBACC;;ORG_PROCESSO;smallint;2;;;
MTTBACC;;ANO_PROCESSO;smallint;2;;;
MTTBACC;;DATU_CGC_CPF;char;14;;;
MTTBACC;;ENDERECO;char;30;;;
MTTBACC;;COMPLEMENTO;char;15;;;
MTTBACC;;BAIRRO;char;15;;;
MTTBACC;;CIDADE;char;15;;;
MTTBACC;;ESTADO;char;2;;;
MTTBACC;;CODCEP;int;4;;;
MTTBACC;;SUFCEP;smallint;2;;;
MTTBACC;;END_TITC;char;30;;;
MTTBACC;;CPL_ENDC;char;15;;;
MTTBACC;;BAIRROC;char;15;;;
MTTBACC;;CIDADEC;char;15;;;
MTTBACC;;ESTADOC;char;2;;;
MTTBACC;;COD_CEPC;int;4;;;
MTTBACC;;CPL_CEPC;smallint;2;;;
MTTBACC;;RESIDUO;float;8;;;
MTTBACC;;QTD_ATRASO;smallint;2;;;
MTTBACC;;DATU_PRAZO;smallint;2;;;
MTTBACC;;DATU_PRO_VEN;char;8;;;
MTTBACC;;CONDICAO;smallint;2;;;
MTTBACC;;CTR_STC_COD1;char;3;;;
MTTBACC;;DESC_SIT;char;50;;;
MTTBACC;;DAT_ALT;char;8;;;
MTTBACC;;HOR_ALT;char;8;;;
MTTBACC;;USU_ALT;char;8;;;
MTTBACS;;CODEMP;smallint;2;;;
MTTBACS;;SOL_ID;int;4;;;
MTTBACS;;STATUS_SOL;smallint;2;;;
MTTBACS;;DTA_STATUS;char;8;;;
MTTBACS;;HOR_STATUS;char;8;;;
MTTBACS;;RESP_EXEC;char;8;;;
MTTBACS;;OBS_STATUS;char;250;;;
MTTBACS;;DTA_PREVISTA;char;8;;;
MTTBACS;;DTA_FINAL;char;8;;;
MTTBACS;;ANEXO_01;char;250;;;
MTTBACS;;ANEXO_02;char;250;;;
MTTBACS;;ANEXO_03;char;250;;;
MTTBACS;;USU_INCL;char;8;;;
MTTBACS;;DTA_INCL;char;8;;;
MTTBACS;;HOR_INCL;char;8;;;
MTTBACS;;USU_ALTER;char;8;;;
MTTBACS;;DTA_ALTER;char;8;;;
MTTBACS;;HOR_IALTER;char;8;;;
MTTBADB;;Codemp;smallint;2;;;
MTTBADB;;CgcCpf;char;14;;;
MTTBADB;;Regiao;smallint;2;;;
MTTBADB;;Nucleo;smallint;2;;;
MTTBADB;;Contrato;char;10;;;
MTTBADB;;Flag_EndCob;char;1;;;
MTTBADB;;Flag_Adq;char;1;;;
MTTBADB;;Data_Ocor;char;8;;;
MTTBADB;;PercPart;float;8;;;
MTTBADB;;Flag_Ori_Adq;char;1;;;
MTTBADQ;;Codemp;smallint;2;;;
MTTBADQ;;CgcCpf;char;14;;;
MTTBADQ;;Regiao;smallint;2;;;
MTTBADQ;;Nucleo;smallint;2;;;
MTTBADQ;;Contrato;char;10;;;
MTTBADQ;;Flag_EndCob;char;1;;;
MTTBADQ;;Flag_Adq;char;1;;;
MTTBADQ;;Data_Ocor;char;8;;;
MTTBADQ;;PercPart;float;8;;;
MTTBADQ;;Flag_Ori_Adq;char;1;;;
MTTBADQC;;CODEMP;smallint;2;;;
MTTBADQC;;CGCCPF;char;14;;;
MTTBADQC;;REGIAO;smallint;2;;;
MTTBADQC;;NUCLEO;smallint;2;;;
MTTBADQC;;CONTRATO;char;10;;;
MTTBADQC;;CONTR_UNICO;int;4;;;
MTTBADQC;;CLIENTE_UNIC;int;4;;;
MTTBADQC;;FLAG_ENDCOB;char;1;;;
MTTBADQC;;FLAG_ADQ;char;1;;;
MTTBADQC;;DATA_OCOR;char;8;;;
MTTBADQC;;PERCPART;float;8;;;
MTTBAGD;;CODEMP;smallint;2;;;
MTTBAGD;;REGIAO;smallint;2;;;
MTTBAGD;;NUCLEO;smallint;2;;;
MTTBAGD;;CONTRATO;char;10;;;
MTTBAGD;;DT_AGENDA;char;8;;;
MTTBAGD;;HR_AGENDA;char;6;;;
MTTBAGD;;USR_AGENDA;char;8;;;
MTTBAGD;;DT_SOLUCAO;char;8;;;
MTTBAGD;;HR_SOLUCAO;char;6;;;
MTTBAGD;;USR_SOLUCAO;char;8;;;
MTTBAGD;;DT_LEMBRA;char;8;;;
MTTBAGD;;ASSUNTO;char;1000;;;
MTTBAGD;;ORIGEM;smallint;2;;;
MTTBAGD;;ASSUNTO_01;char;1000;;;
MTTBAGD;;DT_EXCLUSAO;varchar;8;;;
MTTBAGD;;HR_EXCLUSAO;varchar;6;;;
MTTBAGD;;USR_EXCLUSAO;varchar;8;;;
MTTBAGE;;CODEMP;smallint;2;;;
MTTBAGE;;BCOAGE;char;8;;;
MTTBAGE;;AGENCIA;char;25;;;
MTTBAGE;;N_CONVENIO;char;20;;;
MTTBAGE;;DDD;smallint;2;;;
MTTBAGE;;FONE;int;4;;;
MTTBAGT;;codemp;smallint;2;;;
MTTBAGT;;regiao;smallint;2;;;
MTTBAGT;;nucleo;smallint;2;;;
MTTBAGT;;contrato;char;10;;;
MTTBAGT;;dt_agenda;char;8;;;
MTTBAGT;;hr_agenda;char;6;;;
MTTBAGT;;Hr_inicio;char;6;;;
MTTBAGT;;hr_termino;char;6;;;
MTTBAGX;;CODEMP;smallint;2;;;
MTTBAGX;;REGIAO;smallint;2;;;
MTTBAGX;;NUCLEO;smallint;2;;;
MTTBAGX;;CONTRATO;char;10;;;
MTTBAGX;;DT_AGENDA;char;8;;;
MTTBAGX;;HR_AGENDA;char;6;;;
MTTBAGX;;USR_AGENDA;char;8;;;
MTTBAGX;;DT_SOLUCAO;char;8;;;
MTTBAGX;;HR_SOLUCAO;char;6;;;
MTTBAGX;;USR_SOLUCAO;char;8;;;
MTTBAGX;;DT_LEMBRA;char;8;;;
MTTBAGX;;ASSUNTO;char;1000;;;
MTTBAGX;;ORIGEM;smallint;2;;;
MTTBAGX;;ASSUNTO_01;char;1000;;;
MTTBAMR;;CODEMP;smallint;2;;;
MTTBAMR;;REGIAO;smallint;2;;;
MTTBAMR;;NUCLEO;smallint;2;;;
MTTBAMR;;CONTRATO;char;10;;;
MTTBAMR;;DATA_COMP;char;8;;;
MTTBAMR;;LIN_CRED;smallint;2;;;
MTTBAMR;;VAL_MOVTO;float;8;;;
MTTBAMR;;SALDO_ATUAL;float;8;;;
MTTBAPM;;CODEMP;smallint;2;;;
MTTBAPM;;CODAPM;char;8;;;
MTTBAPM;;MODULO;char;20;;;
MTTBAPM;;BLOQUEIO;char;3;;;
MTTBAPM;;CLASSE;char;510;;;
MTTBAPM;;CARTAO;char;3;;;
MTTBAPM;;SEQOBRIG;char;3;;;
MTTBAPM;;COD_TAREFA_PSE;char;30;;;
MTTBAQP;;CODEMP;smallint;2;;;
MTTBAQP;;REGIAO;smallint;2;;;
MTTBAQP;;NUCLEO;smallint;2;;;
MTTBAQP;;CONTRATO;char;10;;;
MTTBAQP;;ACORDO;int;4;;;
MTTBAQP;;DATAACD;char;8;;;
MTTBAQP;;TIPOACD;smallint;2;;;
MTTBAQP;;DTPRINI;char;8;;;
MTTBAQP;;DTPRFIM;char;8;;;
MTTBAQP;;PRAZO;smallint;2;;;
MTTBAQP;;VALDEB;float;8;;;
MTTBAQP;;TOTENC;float;8;;;
MTTBAQP;;TOTATM;float;8;;;
MTTBAQP;;TOTJUM;float;8;;;
MTTBAQP;;TOTJMO;float;8;;;
MTTBAQP;;PRIPREPAR;char;8;;;
MTTBAQP;;ULTPREPAR;char;8;;;
MTTBAQP;;DESCJURM;float;8;;;
MTTBAQP;;DESCJUMO;float;8;;;
MTTBAQP;;DESCATUA;float;8;;;
MTTBAQP;;DTCANCEL;char;8;;;
MTTBAQP;;MOTCANCE;char;100;;;
MTTBAQP;;STATUS;smallint;2;;;
MTTBAQP;;DATAINC;char;8;;;
MTTBAQP;;HORAINC;char;8;;;
MTTBAQP;;USUINC;char;10;;;
MTTBAQP;;DATAALT;char;8;;;
MTTBAQP;;HORAALT;char;8;;;
MTTBAQP;;USUALT;char;10;;;
MTTBAQP;;COBRANCA;smallint;2;;;
MTTBAQP;;RESERVA1;smallint;2;;;
MTTBAQP;;RESERVA2;float;8;;;
MTTBARB;;CODEMP;smallint;2;;;
MTTBARB;;BCOAGE;char;8;;;
MTTBARB;;DATA;char;8;;;
MTTBARB;;VL_PAGO;float;8;;;
MTTBARB;;QT_PAGO;int;4;;;
MTTBARB;;VL_ESTR;float;8;;;
MTTBARB;;QT_ESTR;int;4;;;
MTTBARB;;DATAPROC;char;8;;;
MTTBARB;;DATA_REMESSA;char;8;;;
MTTBARE;;CODEMP;smallint;2;;;
MTTBARE;;BCOAGE;char;8;;;
MTTBARE;;TIPO;char;1;;;
MTTBARE;;DATA;char;8;;;
MTTBARE;;REGIAO;smallint;2;;;
MTTBARE;;NUCLEO;smallint;2;;;
MTTBARE;;CONTRATO;char;10;;;
MTTBARE;;DATAPROC;char;8;;;
MTTBARE;;SEQ;smallint;2;;;
MTTBARE;;VL_PAGO;float;8;;;
MTTBARE;;DATA_REMESSA;char;8;;;
MTTBARR;;CODEMP;smallint;2;;;
MTTBARR;;REGIAO;smallint;2;;;
MTTBARR;;NUCLEO;smallint;2;;;
MTTBARR;;CONTRATO;char;10;;;
MTTBARR;;TIPO_ARREC;smallint;2;;;
MTTBARR;;COD_ARREC;char;1;;;
MTTBARR;;SEQ_LOTE;int;4;;;
MTTBARR;;SEQ;smallint;2;;;
MTTBARR;;PAG_COD_BCO;char;3;;;
MTTBARR;;PAG_COD_AGE;char;5;;;
MTTBARR;;PAG_DTA_REME;char;8;;;
MTTBARR;;PAG_DTA_PGTO;char;8;;;
MTTBARR;;PAG_SEQ_REC;char;8;;;
MTTBARR;;PAG_VL_PGTO;float;8;;;
MTTBARR;;PAG_VL_MORA;float;8;;;
MTTBARR;;EVM_NUM_PRES;smallint;2;;;
MTTBARR;;EVM_DTA_VENC;char;8;;;
MTTBARR;;EVM_VL_AMORT;float;8;;;
MTTBARR;;EVM_VL_JUROS;float;8;;;
MTTBARR;;EVM_VL_TAXA;float;8;;;
MTTBARR;;EVM_VL_SEG;float;8;;;
MTTBARR;;EVM_VL_FCVS;float;8;;;
MTTBARR;;EVM_VL_FGTS;float;8;;;
MTTBARR;;EVM_VL_CC;float;8;;;
MTTBARR;;EVM_VL_SUBS;float;8;;;
MTTBARR;;EVM_VL_OUTR;float;8;;;
MTTBARR;;EVM_VL_MORA;float;8;;;
MTTBARR;;DESC_MOR_ANT;float;8;;;
MTTBARR;;DESC_MORA;float;8;;;
MTTBARR;;DESC_ATU_MON;float;8;;;
MTTBARR;;CAL_VL_ENC;float;8;;;
MTTBARR;;CAL_VL_MORA;float;8;;;
MTTBARR;;CAL_DIF_ENC;float;8;;;
MTTBARR;;CAL_DIF_MORA;float;8;;;
MTTBARR;;CAL_MOR_DISP;float;8;;;
MTTBARR;;VLR_REC_FGTS;float;8;;;
MTTBARR;;VLR_REC_OUTR;float;8;;;
MTTBARR;;DTA_MOVT_CTB;char;8;;;
MTTBARR;;TIPO_DIGT;smallint;2;;;
MTTBARR;;TIPO_EMISS;char;1;;;
MTTBARR;;COD_DOC_RENG;int;4;;;
MTTBARR;;SIT_ATUALIZ;char;4;;;
MTTBARR;;DTA_INCL;char;8;;;
MTTBARR;;HOR_INCL;char;8;;;
MTTBARR;;DTA_ULT_PROC;char;8;;;
MTTBARR;;HOR_ULT_PROC;char;8;;;
MTTBARR;;DTA_INCL_CTB;char;8;;;
MTTBARR;;BCO_PAGTO;char;4;;;
MTTBARR;;AGE_PAGTO;char;5;;;
MTTBARR;;CAIXA_PAGTO;smallint;2;;;
MTTBARR;;HORA_PAGTO;char;8;;;
MTTBARR;;USU_INCL;char;8;;;
MTTBARR;;CAL_VL_ATMON;float;8;;;
MTTBARR;;CAL_VL_JRREM;float;8;;;
MTTBARR;;CAL_VL_MULTA;float;8;;;
MTTBARR;;CAL_VL_IOF;float;8;;;
MTTBARR;;DESC_ENCARGO;float;8;;;
MTTBARR;;TP_DESC_ENC;smallint;2;;;
MTTBARR;;VL_DES_ENC;float;8;;;
MTTBARR;;VL_DES_MORAN;float;8;;;
MTTBARR;;VL_DES_ATMON;float;8;;;
MTTBARR;;VL_DES_MORA;float;8;;;
MTTBARR;;VL_DES_JRREM;float;8;;;
MTTBARR;;VAL_REC_CC;float;8;;;
MTTBARR;;DTA_CAR_PAGT;char;8;;;
MTTBARR;;DTA_PAG_UTIL;char;8;;;
MTTBARR;;FLG_PG_EMDIA;smallint;2;;;
MTTBARR;;LCT_COD_TRAN;char;5;;;
MTTBARR;;USU_ALTER;char;8;;;
MTTBARR;;ARQ_BANCO;char;50;;;
MTTBARR;;INT_RES01;smallint;2;;;
MTTBARR;;INT_RES02;smallint;2;;;
MTTBARR;;INT_RES03;smallint;2;;;
MTTBARR;;DBL_RES01;float;8;;;
MTTBARR;;DBL_RES02;float;8;;;
MTTBARR;;DBL_RES03;float;8;;;
MTTBARR;;STR_RES01;char;50;;;
MTTBARR;;STR_RES02;char;50;;;
MTTBARR;;STR_RES03;char;50;;;
MTTBAS1;;EMPSIMUL;smallint;2;;;
MTTBAS1;;EMPORIG;smallint;2;;;
MTTBAS1;;DESCRICAO;char;150;;;
MTTBAS1;;DATA_INC;char;8;;;
MTTBAS1;;HORA_INC;char;8;;;
MTTBAS1;;USUA_INC;char;8;;;
MTTBAS2;;EMPSIMUL;smallint;2;;;
MTTBAS2;;EMPORIG;smallint;2;;;
MTTBAS2;;EMPFONTE;smallint;2;;;
MTTBAS2;;REGIAO;smallint;2;;;
MTTBAS2;;NUCLEO;smallint;2;;;
MTTBAS2;;CONTRATO;char;10;;;
MTTBAS2;;DATA_INC;char;8;;;
MTTBAS2;;HORA_INC;char;8;;;
MTTBAS2;;USUA_INC;char;8;;;
MTTBASM;;CODEMP;smallint;2;;;
MTTBASM;;CODASM;smallint;2;;;
MTTBASM;;CODMUN;int;4;;;
MTTBASM;;DESCRICAO;char;30;;;
MTTBATI;;CODEMP;smallint;2;;;
MTTBATI;;REGIAO;smallint;2;;;
MTTBATI;;NUCLEO;smallint;2;;;
MTTBATI;;CONTRATO;char;10;;;
MTTBATI;;GRUPO;smallint;2;;;
MTTBATI;;SEQ_GRUPO;smallint;2;;;
MTTBATI;;SEQ_ATIV;smallint;2;;;
MTTBATI;;SEQ_DOC;smallint;2;;;
MTTBATI;;TIPODOC;smallint;2;;;
MTTBATI;;REFERDOC;smallint;2;;;
MTTBATI;;DATA_DOC;char;8;;;
MTTBATI;;HORA_DOC;char;8;;;
MTTBATR;;DATA_ATLZ;char;8;;;
MTTBATR;;CODEMP;smallint;2;;;
MTTBATR;;REGIAO;smallint;2;;;
MTTBATR;;NUCLEO;smallint;2;;;
MTTBATR;;CONTRATO;char;10;;;
MTTBATR;;MODALIDADE;smallint;2;;;
MTTBATR;;SITUACAO;char;3;;;
MTTBATR;;QTDE_ATRASO;smallint;2;;;
MTTBATR;;VL_ATRASO;float;8;;;
MTTBATR;;VL_ATLZ;float;8;;;
MTTBATR;;VL_MORA;float;8;;;
MTTBATR;;VL_MULTA;float;8;;;
MTTBATR;;VL_AMORTIZ;float;8;;;
MTTBATR;;VL_JTP;float;8;;;
MTTBATR;;VL_TAXA;float;8;;;
MTTBATR;;VL_SEGURO;float;8;;;
MTTBATV;;CODEMP;smallint;2;;;
MTTBATV;;REGIAO;smallint;2;;;
MTTBATV;;NUCLEO;smallint;2;;;
MTTBATV;;CONTRATO;char;10;;;
MTTBATV;;GRUPO;smallint;2;;;
MTTBATV;;SEQ_GRUPO;smallint;2;;;
MTTBATV;;SEQ_ATIV;smallint;2;;;
MTTBATV;;ATIV_INI;int;4;;;
MTTBATV;;ST_GRUPO;smallint;2;;;
MTTBATV;;NOMTIT;char;35;;;
MTTBATV;;DT_AGENDA;char;8;;;
MTTBATV;;HR_AGENDA;char;6;;;
MTTBATV;;EXISTE_DOC;char;1;;;
MTTBATV;;USR_INC;char;8;;;
MTTBATV;;DATA_INC;char;8;;;
MTTBATV;;HORA_INC;char;8;;;
MTTBATV;;USR_ALT;char;8;;;
MTTBATV;;DATA_ALT;char;8;;;
MTTBATV;;HORA_ALT;char;8;;;
MTTBATV;;USR_EXC;char;8;;;
MTTBATV;;DATA_EXC;char;8;;;
MTTBATV;;HORA_EXC;char;8;;;
MTTBATV;;USR_CONC;char;8;;;
MTTBATV;;DATA_CONC;char;8;;;
MTTBATV;;HORA_CONC;char;8;;;
MTTBAVS;;CODEMP;smallint;2;;;
MTTBAVS;;DT_COMPET;char;6;;;
MTTBAVS;;COD_SEG;smallint;2;;;
MTTBAVS;;REGIAO;smallint;2;;;
MTTBAVS;;NUCLEO;smallint;2;;;
MTTBAVS;;CONTRATO;char;10;;;
MTTBAVS;;ETAPA;smallint;2;;;
MTTBAVS;;DT_CONTR;char;8;;;
MTTBAVS;;PRT_DIA_VENC;char;2;;;
MTTBAVS;;TX_JUROS;float;8;;;
MTTBAVS;;VAL_CES;float;8;;;
MTTBAVS;;PL_REAJ;smallint;2;;;
MTTBAVS;;PL_SIS_AMORT;smallint;2;;;
MTTBAVS;;PL_EPC_REAJ;smallint;2;;;
MTTBAVS;;PL_TP_REAJ;smallint;2;;;
MTTBAVS;;PL_PER_REAJ;smallint;2;;;
MTTBAVS;;COD_ESPECIAl;smallint;2;;;
MTTBAVS;;SINOPSE;smallint;2;;;
MTTBAVS;;FX_FINANC;smallint;2;;;
MTTBAVS;;COD_OPERACAO;smallint;2;;;
MTTBAVS;;COD_ALTERA;char;3;;;
MTTBAVS;;FLG_FCVS;char;1;;;
MTTBAVS;;OPE_LASTREAD;smallint;2;;;
MTTBAVS;;CATEGORIA;int;4;;;
MTTBAVS;;PRAZO;smallint;2;;;
MTTBAVS;;PRAZO_REM;smallint;2;;;
MTTBAVS;;VL_BASE_MIP;float;8;;;
MTTBAVS;;VL_BASE_CRED;float;8;;;
MTTBAVS;;VL_BASE_DFI;float;8;;;
MTTBAVS;;SLD_DEVEDOR;float;8;;;
MTTBAVS;;PREMIO_MIP;float;8;;;
MTTBAVS;;PREMIO_CRED;float;8;;;
MTTBAVS;;PREMIO_DFI;float;8;;;
MTTBAVS;;INDICE;float;8;;;
MTTBAVS;;VLR_PREST;float;8;;;
MTTBAVS;;RAZAO;float;8;;;
MTTBAVS;;CGCCPF;char;14;;;
MTTBAVS;;VAL_FCVS;float;8;;;
MTTBAVS;;INDICA_SFH;smallint;2;;;
MTTBAVS;;APOLICE;int;4;;;
MTTBAVS;;VALOR_IOF;float;8;;;
MTTBAVS;;STATUS_1;char;740;;;
MTTBAVS;;STATUS_2;char;740;;;
MTTBBCB;;CODEMP;smallint;2;;;
MTTBBCB;;REGIAO;smallint;2;;;
MTTBBCB;;NUCLEO;smallint;2;;;
MTTBBCB;;CONTRATO;char;10;;;
MTTBBCB;;VENCPRAB;char;8;;;
MTTBBCB;;INTERC;char;1;;;
MTTBBCB;;FLGCOBR;char;1;;;
MTTBBCB;;FLGEDIT;char;1;;;
MTTBBCB;;DTULTCOB;char;8;;;
MTTBBCB;;DTULTEDIT;char;8;;;
MTTBBCB;;CARTCOBR;char;1;;;
MTTBBCB;;EMP_COB_TER;smallint;2;;;
MTTBBCB;;DTA_MOV_COB;char;8;;;
MTTBBCB;;MOV_COB_TER;char;2;;;
MTTBBCB;;DTA_INC_TER;char;8;;;
MTTBBCB;;DTA_EXC_TER;char;8;;;
MTTBBCB;;DT_EMISS_CAR;char;8;;;
MTTBBCB;;CONTROLE_CAR;char;30;;;
MTTBBCB;;SITUA_CLIENT;char;20;;;
MTTBBCB;;SITUA_SGH;char;20;;;
MTTBBCB;;PLANO;char;5;;;
MTTBBCB;;SISTEMA_AMOR;char;5;;;
MTTBBCB;;TAXA_MORA;float;8;;;
MTTBBCB;;TP_CALC_MORA;char;2;;;
MTTBBCB;;MULTA;float;8;;;
MTTBBCB;;CEDULA_HIPO;char;17;;;
MTTBBCB;;DATA_NOVACAO;char;8;;;
MTTBBCB;;FLG_RES1;char;1;;;
MTTBBCB;;FLG_RES2;char;1;;;
MTTBBCB;;FLG_RES3;char;1;;;
MTTBBCB;;FLG_RES4;char;1;;;
MTTBBCB;;FLG_RES5;char;1;;;
MTTBBCB;;FLG_RES6;char;1;;;
MTTBBCB;;FLG_RES7;char;1;;;
MTTBBCB;;FLG_RES8;char;1;;;
MTTBBCB;;FLG_RES9;char;1;;;
MTTBBCB;;FLG_RES10;char;1;;;
MTTBBCB;;CP_RES01;smallint;2;;;
MTTBBCB;;CP_RES02;smallint;2;;;
MTTBBCB;;CP_RES03;smallint;2;;;
MTTBBCB;;CP_RES04;smallint;2;;;
MTTBBCB;;CP_RES05;smallint;2;;;
MTTBBCB;;CP_RES_DB01;float;8;;;
MTTBBIN;;DATA;char;8;;;
MTTBBIN;;CODIGO;char;5;;;
MTTBBIN;;INDICE;float;8;;;
MTTBBIN;;VALOR;float;8;;;
MTTBBLQ;;CODEMP;smallint;2;;;
MTTBBLQ;;CODEPE;int;4;;;
MTTBBLQ;;CODBLQ;char;5;;;
MTTBBLQ;;NOME;char;50;;;
MTTBBLQ;;DISPOSICAO;char;1;;;
MTTBBLQ;;ENDERECO;char;50;;;
MTTBBLQ;;BAIRRO;char;15;;;
MTTBBLQ;;CIDADE;char;15;;;
MTTBBLQ;;UF;char;2;;;
MTTBBLQ;;CEP;char;8;;;
MTTBBLQ;;QTD_PAV;smallint;2;;;
MTTBBLQ;;QTD_UNI;smallint;2;;;
MTTBBLQ;;SIGLA_UNIDAD;char;5;;;
MTTBBLQ;;NOME_UNIDAD;char;30;;;
MTTBBPP;;CODEMP;smallint;2;;;
MTTBBPP;;REGIAO;smallint;2;;;
MTTBBPP;;NUCLEO;smallint;2;;;
MTTBBPP;;CONTRATO;char;10;;;
MTTBBPP;;DATA_EVM;char;6;;;
MTTBBPP;;NUMSEQ;smallint;2;;;
MTTBBPP;;EVM_VAL_AMJ;float;8;;;
MTTBBPP;;EVM_VAL_JUR;float;8;;;
MTTBBPP;;EVM_VAL_TXA1;float;8;;;
MTTBBPP;;EVM_VAL_TXA2;float;8;;;
MTTBBPP;;EVM_VAL_TXA3;float;8;;;
MTTBBPP;;EVM_VAL_FCVS;float;8;;;
MTTBBPP;;EVM_SEG_MIP;float;8;;;
MTTBBPP;;EVM_SEG_CRED;float;8;;;
MTTBBPP;;EVM_SEG_DFI;float;8;;;
MTTBBPP;;EVM_VAL_CC;float;8;;;
MTTBBPP;;EVM_VAL_MORA;float;8;;;
MTTBBPP;;EVM_VAL_SUBS;float;8;;;
MTTBBPP;;EVM_VAL_OUTR;float;8;;;
MTTBBPP;;EVM_VAL_IOF;float;8;;;
MTTBBPP;;EVM_VAL_FGTS;float;8;;;
MTTBBPP;;EVM_ATU_MON;float;8;;;
MTTBBPP;;EVM_MORA_DEV;float;8;;;
MTTBBPP;;EVM_JUR_REM;float;8;;;
MTTBBPP;;EVM_MUL_DEV;float;8;;;
MTTBBPP;;PAG_DTA_PGTO;char;8;;;
MTTBBPP;;PAG_VAL_PGTO;float;8;;;
MTTBBPP;;PAG_BCO_AGE;char;8;;;
MTTBBPP;;PAG_COD_BAIX;smallint;2;;;
MTTBBPP;;PAG_SEQ_REC;char;8;;;
MTTBBPP;;CALC_DTA_INI;char;8;;;
MTTBBPP;;CALC_DTA_FIM;char;8;;;
MTTBBPP;;CALC_ATU_MON;float;8;;;
MTTBBPP;;CALC_MORADEV;float;8;;;
MTTBBPP;;CALC_JUR_REM;float;8;;;
MTTBBPP;;CALC_MUL_DEV;float;8;;;
MTTBBPP;;IND_ATU_MON;float;8;;;
MTTBBPP;;IND_MORA_DEV;float;8;;;
MTTBBPP;;IND_MUL_DEV;float;8;;;
MTTBBPP;;IND_JUR_REM;float;8;;;
MTTBBPP;;INCL_USR;char;8;;;
MTTBBPP;;INCL_DATA;char;8;;;
MTTBBPP;;INCL_HORA;char;8;;;
MTTBBPP;;EXCL_USR;char;8;;;
MTTBBPP;;EXCL_DATA;char;8;;;
MTTBBPP;;EXCL_HORA;char;8;;;
MTTBBXA;;CODEMP;smallint;2;;;
MTTBBXA;;COD_BCO;char;3;;;
MTTBBXA;;COD_AGE;char;5;;;
MTTBBXA;;DTA_BXA;char;8;;;
MTTBBXA;;LOTE;smallint;2;;;
MTTBBXA;;SEQ;smallint;2;;;
MTTBBXA;;REGIAO;smallint;2;;;
MTTBBXA;;NUCLEO;smallint;2;;;
MTTBBXA;;CONTRATO;char;10;;;
MTTBBXA;;PAG_COD_BAIX;smallint;2;;;
MTTBBXA;;PRT_NUM_PRES;smallint;2;;;
MTTBBXA;;PRT_VAL_PGTO;float;8;;;
MTTBBXA;;PGT_DIF_PGTO;float;8;;;
MTTBBXA;;FLG_ATZ;smallint;2;;;
MTTBCAB;;CODEMP;smallint;2;;;
MTTBCAB;;REGIAO;smallint;2;;;
MTTBCAB;;NUCLEO;smallint;2;;;
MTTBCAB;;CONTRATO;char;10;;;
MTTBCAB;;NUMCRONOG;smallint;2;;;
MTTBCAB;;SEQUENCIA;smallint;2;;;
MTTBCAB;;DATA_EVM;char;8;;;
MTTBCAB;;VALOR;float;8;;;
MTTBCAB;;USR_INCL;char;8;;;
MTTBCAB;;DTA_INCL;char;8;;;
MTTBCAB;;HRO_INCL;char;6;;;
MTTBCAB;;VAL_AVAL_TOTAL;float;8;;;
MTTBCAB;;CORR_VAL_AVAL;float;8;;;
MTTBCAB;;IND_CORR;float;8;;;
MTTBCAB;;PERC_EVOL;float;8;;;
MTTBCAC;;CODEMP;smallint;2;;;
MTTBCAC;;REGIAO;smallint;2;;;
MTTBCAC;;NUCLEO;smallint;2;;;
MTTBCAC;;CONTRATO;char;10;;;
MTTBCAC;;DATA_ACORDO;char;8;;;
MTTBCAC;;DT_INIVIGEN;char;8;;;
MTTBCAC;;DT_FIMVIGEN;char;8;;;
MTTBCAC;;DT_CANCEL;char;8;;;
MTTBCAC;;PDESC_ATMON;float;8;;;
MTTBCAC;;PDESC_JURMOR;float;8;;;
MTTBCAC;;SITUACAO;smallint;2;;;
MTTBCAC;;IND_PREMES;char;1;;;
MTTBCAC;;PRIM_ATRASO;char;8;;;
MTTBCAC;;ACCSEQ;char;17;;;
MTTBCAC;;USR_CANCEL;char;10;;;
MTTBCAC;;MOTIVO_CANC;char;60;;;
MTTBCAC;;PDESC_JURREM;float;8;;;
MTTBCAC;;PDESC_MORANT;float;8;;;
MTTBCAC;;SEQUENCIAL;char;200;;;
MTTBCAC;;DATA_VALIDADE;char;8;;;
MTTBCAI;;CODEMP;smallint;2;;;
MTTBCAI;;REGIAO;smallint;2;;;
MTTBCAI;;NUCLEO;smallint;2;;;
MTTBCAI;;CONTRATO;char;10;;;
MTTBCAI;;NUMCRONOG;smallint;2;;;
MTTBCAI;;SEQUENCIA;smallint;2;;;
MTTBCAI;;DATA_EVM;char;8;;;
MTTBCAI;;VALOR;float;8;;;
MTTBCAI;;USR_INCL;char;8;;;
MTTBCAI;;DTA_INCL;char;8;;;
MTTBCAI;;HRO_INCL;char;6;;;
MTTBCAI;;VAL_AVAL_TOTAL;float;8;;;
MTTBCAI;;CORR_VAL_AVAL;float;8;;;
MTTBCAI;;IND_CORR;float;8;;;
MTTBCAI;;PERC_EVOL;float;8;;;
MTTBCAR;;CODEMP;smallint;2;;;
MTTBCAR;;CODIGO;smallint;2;;;
MTTBCAR;;DESC_CAR;char;40;;;
MTTBCAR;;DESC_CAR_RED;char;10;;;
MTTBCAR;;PERC_TX_AG;float;8;;;
MTTBCAR;;NDIAS_AVUNIC;smallint;2;;;
MTTBCAR;;NDIAS_1AVISO;smallint;2;;;
MTTBCAR;;NDIAS_2AVISO;smallint;2;;;
MTTBCAR;;NDIAS_NOTIF;smallint;2;;;
MTTBCAR;;EMIT_COOBRIG;smallint;2;;;
MTTBCAR;;ENVIA_ENDCOR;smallint;2;;;
MTTBCAR;;NUM_VIAS;smallint;2;;;
MTTBCAR;;SFH;smallint;2;;;
MTTBCAR;;MINMESSPC;smallint;2;;;
MTTBCAR;;MAXMESSPC;smallint;2;;;
MTTBCAR;;LIM_DESC_ATU;float;8;;;
MTTBCAR;;LIM_DESC_MOR;float;8;;;
MTTBCAR;;LIM_DESC_REM;float;8;;;
MTTBCAR;;LIM_DESC_MUL;float;8;;;
MTTBCAR;;LIM_DEB_CC;float;8;;;
MTTBCAR;;LIM_CRED_CC;float;8;;;
MTTBCAR;;TAXA_2VIA;float;8;;;
MTTBCAR;;EVOL_FCVS;char;2;;;
MTTBCAR;;TIPO_COR;char;3;;;
MTTBCAR;;TIPO_REAJ;char;3;;;
MTTBCAR;;TIPO_CARNE;smallint;2;;;
MTTBCAR;;TIPO_DIGITO;smallint;2;;;
MTTBCAR;;TIPO_MORA;smallint;2;;;
MTTBCAR;;CMP_RES1;smallint;2;;;
MTTBCAR;;CMP_RES2;smallint;2;;;
MTTBCAR;;CMP_RES3;float;8;;;
MTTBCAR;;CMP_RES4;float;8;;;
MTTBCART;;COD_CNS;int;4;;;
MTTBCART;;DESCRICAO;char;50;;;
MTTBCART;;COD_BNH;int;4;;;
MTTBCART;;MUNICIPIO;char;25;;;
MTTBCarteiraGeral;;DataCarga;datetime;8;;;
MTTBCarteiraGeral;;Nucleo;smallint;2;;;
MTTBCarteiraGeral;;CONTRATO;char;10;;;
MTTBCarteiraGeral;;CADMUT;char;13;;;
MTTBCarteiraGeral;;Imovel;int;4;;;
MTTBCarteiraGeral;;DataContr;char;8;;;
MTTBCarteiraGeral;;ValFin;float;8;;;
MTTBCarteiraGeral;;Moeda;char;5;;;
MTTBCarteiraGeral;;ValMoeda;float;8;;;
MTTBCarteiraGeral;;ValFinMoeda;float;8;;;
MTTBCarteiraGeral;;CTR_FLG_ATIV;smallint;2;;;
MTTBCarteiraGeral;;DT_HAB;char;8;;;
MTTBCarteiraGeral;;DT_FATURA;char;8;;;
MTTBCarteiraGeral;;DT_FATREC;char;8;;;
MTTBCarteiraGeral;;DT_FATRCV;char;8;;;
MTTBCarteiraGeral;;DOCPLANOVENDA;smallint;2;;;
MTTBCarteiraGeral;;DocContr;smallint;2;;;
MTTBCarteiraGeral;;DocFIF;smallint;2;;;
MTTBCarteiraGeral;;DocFCVS;smallint;2;;;
MTTBCarteiraGeral;;DocSocio;smallint;2;;;
MTTBCarteiraGeral;;DTA_BASE;char;8;;;
MTTBCarteiraGeral;;Vaf12_Ag;float;8;;;
MTTBCarteiraGeral;;Vaf3_Ag;float;8;;;
MTTBCarteiraGeral;;Vaf4_Ag;float;8;;;
MTTBCarteiraGeral;;TipoReg;smallint;2;;;
MTTBCarteiraGeral;;MANIFESTACAO;char;4;;;
MTTBCarteiraGeral;;AUDITAGEM;char;4;;;
MTTBCarteiraGeral;;Saldo_CAIXA;float;8;;;
MTTBCarteiraGeral;;VAF12_CAIXA;float;8;;;
MTTBCarteiraGeral;;VAF3_CAIXA;float;8;;;
MTTBCarteiraGeral;;VAF4_CAIXA;float;8;;;
MTTBCarteiraGeral;;DossieEnv;smallint;2;;;
MTTBCarteiraGeral;;DtaEnvioDo;char;8;;;
MTTBCarteiraGeral;;RecursoEnv;smallint;2;;;
MTTBCarteiraGeral;;DtaRecEnv;char;8;;;
MTTBCarteiraGeral;;GRUPO1;smallint;2;;;
MTTBCarteiraGeral;;GRUPO2;smallint;2;;;
MTTBCarteiraGeral;;GRUPO3;smallint;2;;;
MTTBCarteiraGeral;;GRUPO4;smallint;2;;;
MTTBCarteiraGeral;;GRUPO5;smallint;2;;;
MTTBCarteiraGeral;;GRUPO6;smallint;2;;;
MTTBCarteiraGeral;;GRUPO7;smallint;2;;;
MTTBCarteiraGeral;;GRUPO8;smallint;2;;;
MTTBCarteiraGeral;;AGENDAS;varchar;50;;;
MTTBCASS;;codigo;int;4;;;
MTTBCASS;;identificador;varchar;500;;;
MTTBCASS;;email;varchar;500;;;
MTTBCASS;;emissor;varchar;500;;;
MTTBCASS;;link_emissor;varchar;1000;;;
MTTBCASS;;inicio_validade;datetime2;8;;;
MTTBCASS;;termino_validade;datetime2;8;;;
MTTBCAT;;CodEmp;smallint;2;;;
MTTBCAT;;AnoCateg;char;11;;;
MTTBCAT;;Ind01;float;8;;;
MTTBCAT;;Ind02;float;8;;;
MTTBCAT;;Ind03;float;8;;;
MTTBCAT;;Ind04;float;8;;;
MTTBCAT;;Ind05;float;8;;;
MTTBCAT;;Ind06;float;8;;;
MTTBCAT;;Ind07;float;8;;;
MTTBCAT;;Ind08;float;8;;;
MTTBCAT;;Ind09;float;8;;;
MTTBCAT;;Ind10;float;8;;;
MTTBCAT;;Ind11;float;8;;;
MTTBCAT;;Ind12;float;8;;;
MTTBCBP;;CODEMP;smallint;2;;;
MTTBCBP;;REGIAO;smallint;2;;;
MTTBCBP;;LIN_CRED;smallint;2;;;
MTTBCBP;;BCL_FX1;char;20;;;
MTTBCBP;;BCL_FX2;char;20;;;
MTTBCBP;;BCL_FX3;char;20;;;
MTTBCBP;;CCC_AA;char;20;;;
MTTBCBP;;CCC_A;char;20;;;
MTTBCBP;;CCC_B_CN;char;20;;;
MTTBCBP;;CCC_B_VE;char;20;;;
MTTBCBP;;CCC_C_CN;char;20;;;
MTTBCBP;;CCC_C_VE;char;20;;;
MTTBCBP;;CCC_D_CN;char;20;;;
MTTBCBP;;CCC_D_VE;char;20;;;
MTTBCBP;;CCC_E_CN;char;20;;;
MTTBCBP;;CCC_E_VE;char;20;;;
MTTBCBP;;CCC_F_CN;char;20;;;
MTTBCBP;;CCC_F_VE;char;20;;;
MTTBCBP;;CCC_G_CN;char;20;;;
MTTBCBP;;CCC_G_VE;char;20;;;
MTTBCBP;;CCC_H_CN;char;20;;;
MTTBCBP;;CCC_H_VE;char;20;;;
MTTBCBP;;PCL_AA;char;20;;;
MTTBCBP;;PCL_A;char;20;;;
MTTBCBP;;PCL_B;char;20;;;
MTTBCBP;;PCL_C;char;20;;;
MTTBCBP;;PCL_D;char;20;;;
MTTBCBP;;PCL_E;char;20;;;
MTTBCBP;;PCL_F;char;20;;;
MTTBCBP;;PCL_G;char;20;;;
MTTBCBP;;PCL_H;char;20;;;
MTTBCBP;;QTD_REF;int;4;;;
MTTBCBX;;CODEMP;smallint;2;;;
MTTBCBX;;COD_BCO;char;3;;;
MTTBCBX;;COD_AGE;char;5;;;
MTTBCBX;;DTA_BXA;char;8;;;
MTTBCBX;;LOTE;smallint;2;;;
MTTBCBX;;VAL_LOTE;float;8;;;
MTTBCBX;;PAG_COD_BAIX;smallint;2;;;
MTTBCBX;;FLG_SIT;smallint;2;;;
MTTBCBX;;DTA_BASE_PRO;char;8;;;
MTTBCBX;;HORA_PRO;char;6;;;
MTTBCBX;;DATA_REMESSA;char;8;;;
MTTBCCA;;CODEMP;smallint;2;;;
MTTBCCA;;COD_CAMPANHA;smallint;2;;;
MTTBCCA;;DSC_CAMPANHA;char;60;;;
MTTBCCA;;RESTRICAO;smallint;2;;;
MTTBCCB;;CodEmp;smallint;2;;;
MTTBCCB;;Regiao;smallint;2;;;
MTTBCCB;;Nucleo;smallint;2;;;
MTTBCCB;;Contrato;char;10;;;
MTTBCCB;;Data_Cad;char;8;;;
MTTBCCB;;Seq;smallint;2;;;
MTTBCCB;;TpLanc;char;1;;;
MTTBCCB;;VlOrig;float;8;;;
MTTBCCB;;TpMoeda;char;3;;;
MTTBCCB;;CodHist;smallint;2;;;
MTTBCCB;;QtdParc;smallint;2;;;
MTTBCCB;;QtdParcRem;smallint;2;;;
MTTBCCB;;Saldo;float;8;;;
MTTBCCB;;Data_ULT;char;8;;;
MTTBCCB;;DtCancel;char;8;;;
MTTBCCB;;AccSeq;char;29;;;
MTTBCCB;;FlgBloq;char;1;;;
MTTBCCB;;DtBloq;char;8;;;
MTTBCCB;;DtDesBloq;char;8;;;
MTTBCCB;;Seq_Rec;char;8;;;
MTTBCCB;;Data_Incl;char;8;;;
MTTBCCB;;Hora_Incl;char;8;;;
MTTBCCB;;Flg_Res1;char;1;;;
MTTBCCB;;Flg_Res2;char;1;;;
MTTBCCB;;Flg_Res3;char;1;;;
MTTBCCB;;Flg_Res4;smallint;2;;;
MTTBCCB;;Flg_Res5;smallint;2;;;
MTTBCCB;;Flg_Res6;smallint;2;;;
MTTBCCB;;USR_INCL;char;8;;;
MTTBCCB;;USR_BLOQ;char;8;;;
MTTBCCB;;HORA_BLOQ;char;8;;;
MTTBCCB;;USR_DESBLOQ;char;8;;;
MTTBCCB;;HORA_DESBLOQ;char;8;;;
MTTBCCB;;USR_CANCEL;char;8;;;
MTTBCCB;;HORA_CANCEL;char;8;;;
MTTBCCB;;VAL_CORR_INI;float;8;;;
MTTBCCB;;SALDO_INI;float;8;;;
MTTBCCB;;DTA_CORR;char;8;;;
MTTBCCB;;VAL_CORR;float;8;;;
MTTBCCB;;VAL_COMP;float;8;;;
MTTBCCB;;VAL_ENC;float;8;;;
MTTBCCB;;SALDO_CANC;float;8;;;
MTTBCCB;;DTA_CORR_ANT;char;8;;;
MTTBCCB;;VAL_CORR_ANT;float;8;;;
MTTBCCB;;VAL_COMP_ANT;float;8;;;
MTTBCCB;;VAL_ENC_ANT;float;8;;;
MTTBCCB;;SALDO_ANT;float;8;;;
MTTBCCB;;DTA_CORR_PRX;char;8;;;
MTTBCCB;;DTA_CONTABIL;char;8;;;
MTTBCCB;;SEQ_ULT_LCC;int;4;;;
MTTBCCB;;VAL_RES1;float;8;;;
MTTBCCB;;VAL_RES2;float;8;;;
MTTBCCB;;VAL_RES3;float;8;;;
MTTBCCB;;STR_RES1;char;20;;;
MTTBCCB;;STR_RES2;char;20;;;
MTTBCCB;;STR_RES3;char;20;;;
MTTBCCBR;;Id;bigint;8;;;
MTTBCCBR;;Numero;varchar;20;;;
MTTBCCBR;;Nome;nvarchar;400;;;
MTTBCCBR;;Canal;varchar;20;;;
MTTBCCBR;;Status;varchar;30;;;
MTTBCCBR;;MensagemErro;nvarchar;4000;;;
MTTBCCBR;;DataEnvio;datetime2;8;;;
MTTBCCC;;CodEmp;smallint;2;;;
MTTBCCC;;Regiao;smallint;2;;;
MTTBCCC;;Nucleo;smallint;2;;;
MTTBCCC;;Contrato;char;10;;;
MTTBCCC;;Data_Cad;char;8;;;
MTTBCCC;;Seq;smallint;2;;;
MTTBCCC;;TpLanc;char;1;;;
MTTBCCC;;VlOrig;float;8;;;
MTTBCCC;;TpMoeda;char;3;;;
MTTBCCC;;CodHist;smallint;2;;;
MTTBCCC;;QtdParc;smallint;2;;;
MTTBCCC;;QtdParcRem;smallint;2;;;
MTTBCCC;;Saldo;float;8;;;
MTTBCCC;;Data_ULT;char;8;;;
MTTBCCC;;DtCancel;char;8;;;
MTTBCCC;;AccSeq;char;29;;;
MTTBCCC;;FlgBloq;char;1;;;
MTTBCCC;;DtBloq;char;8;;;
MTTBCCC;;DtDesBloq;char;8;;;
MTTBCCC;;Seq_Rec;char;8;;;
MTTBCCC;;Data_Incl;char;8;;;
MTTBCCC;;Hora_Incl;char;8;;;
MTTBCCC;;Flg_Res1;char;1;;;
MTTBCCC;;Flg_Res2;char;1;;;
MTTBCCC;;Flg_Res3;char;1;;;
MTTBCCC;;Flg_Res4;smallint;2;;;
MTTBCCC;;Flg_Res5;smallint;2;;;
MTTBCCC;;Flg_Res6;smallint;2;;;
MTTBCCC;;USR_INCL;char;8;;;
MTTBCCC;;USR_BLOQ;char;8;;;
MTTBCCC;;HORA_BLOQ;char;8;;;
MTTBCCC;;USR_DESBLOQ;char;8;;;
MTTBCCC;;HORA_DESBLOQ;char;8;;;
MTTBCCC;;USR_CANCEL;char;8;;;
MTTBCCC;;HORA_CANCEL;char;8;;;
MTTBCCC;;VAL_CORR_INI;float;8;;;
MTTBCCC;;SALDO_INI;float;8;;;
MTTBCCC;;DTA_CORR;char;8;;;
MTTBCCC;;VAL_CORR;float;8;;;
MTTBCCC;;VAL_COMP;float;8;;;
MTTBCCC;;VAL_ENC;float;8;;;
MTTBCCC;;SALDO_CANC;float;8;;;
MTTBCCC;;DTA_CORR_ANT;char;8;;;
MTTBCCC;;VAL_CORR_ANT;float;8;;;
MTTBCCC;;VAL_COMP_ANT;float;8;;;
MTTBCCC;;VAL_ENC_ANT;float;8;;;
MTTBCCC;;SALDO_ANT;float;8;;;
MTTBCCC;;DTA_CORR_PRX;char;8;;;
MTTBCCC;;DTA_CONTABIL;char;8;;;
MTTBCCC;;SEQ_ULT_LCC;int;4;;;
MTTBCCC;;VAL_RES1;float;8;;;
MTTBCCC;;VAL_RES2;float;8;;;
MTTBCCC;;VAL_RES3;float;8;;;
MTTBCCC;;STR_RES1;char;20;;;
MTTBCCC;;STR_RES2;char;20;;;
MTTBCCC;;STR_RES3;char;20;;;
MTTBCCO;;CODEMP;smallint;2;;;
MTTBCCO;;COD_CAMPANHA;smallint;2;;;
MTTBCCO;;COD_CONVOCA;smallint;2;;;
MTTBCCO;;NUC_INICIAL;smallint;2;;;
MTTBCCO;;NUC_FINAL;smallint;2;;;
MTTBCCO;;DTA_INICIAL;char;8;;;
MTTBCCO;;DTA_FINAL;char;8;;;
MTTBCCO;;TURNOS_ATEND;char;1;;;
MTTBCCO;;DTA_ATU_VAL;char;8;;;
MTTBCCO;;SITUACAO_ATR;char;1;;;
MTTBCCO;;SITUACAO_FCV;char;1;;;
MTTBCCO;;QTD_CONTRATO;smallint;2;;;
MTTBCCO;;MUN_INICIAL;int;4;;;
MTTBCCO;;MUN_FINAL;int;4;;;
MTTBCCSO;;sequencial;int;4;;;
MTTBCCSO;;ano;char;4;;;
MTTBCCV;;CODEMP;smallint;2;;;
MTTBCCV;;REGIAO;smallint;2;;;
MTTBCCV;;NUCLEO;smallint;2;;;
MTTBCCV;;CONTRATO;varchar;10;;;
MTTBCCV;;TIPO_CREDITO;smallint;2;;;
MTTBCCV;;TIPO_RECURSO;smallint;2;;;
MTTBCCV;;TIPO_LIBERACAO;smallint;2;;;
MTTBCCV;;SITUACAO;smallint;2;;;
MTTBCCV;;DATA_SITUACAO;varchar;8;;;
MTTBCCV;;CNPJ_CPF_BENEFICIARIO;varchar;14;;;
MTTBCCV;;PERCENTUAL_PARTICIPACAO;float;8;;;
MTTBCCV;;VALOR_COMPRA_VENDA;float;8;;;
MTTBCCV;;BANCO;smallint;2;;;
MTTBCCV;;AGENCIA;int;4;;;
MTTBCCV;;TIPO_CONTA;smallint;2;;;
MTTBCCV;;NUMERO_CONTA;varchar;10;;;
MTTBCCV;;MOEDA_CORRECAO;varchar;5;;;
MTTBCCV;;INDICE_CORRECAO;float;8;;;
MTTBCCV;;INDICE_JUROS;float;8;;;
MTTBCCV;;DATA_FINANCIAMENTO;varchar;8;;;
MTTBCCV;;VALOR_FINANCIAMENTO;float;8;;;
MTTBCCV;;VAL_ATUALIZACAO_FINANCIAMENTO;float;8;;;
MTTBCCV;;VALOR_JUROS_FINANCIAMENTO;float;8;;;
MTTBCCV;;VALOR_IR_FINANCIAMENTO;float;8;;;
MTTBCCV;;ALIQUOTA_IR_FINANCIAMENTO;float;8;;;
MTTBCCV;;VALOR_TOTAL_FINANCIAMENTO;float;8;;;
MTTBCCV;;DATA_RECEBIMENTO_FGTS;varchar;8;;;
MTTBCCV;;VALOR_FGTS;float;8;;;
MTTBCCV;;VALOR_ATUALIZACAO_FGTS;float;8;;;
MTTBCCV;;VALOR_JUROS_FGTS;float;8;;;
MTTBCCV;;VALOR_IR_FGTS;float;8;;;
MTTBCCV;;ALIQUOTA_IR_FGTS;float;8;;;
MTTBCCV;;VALOR_TOTAL_FGTS;float;8;;;
MTTBCCV;;DATA_CREDITO;varchar;8;;;
MTTBCCV;;VALOR_CREDITO;float;8;;;
MTTBCCV;;SEQ_REC_LCT;varchar;10;;;
MTTBCCV;;DATA_INCLUSAO;varchar;8;;;
MTTBCCV;;HORA_INCLUSAO;varchar;6;;;
MTTBCCV;;USUARIO_INCLUSAO;varchar;8;;;
MTTBCDA;;CODEMP;smallint;2;;;
MTTBCDA;;REGIAO;smallint;2;;;
MTTBCDA;;NUCLEO;smallint;2;;;
MTTBCDA;;CONTRATO;char;10;;;
MTTBCDA;;DATA_EVM;char;6;;;
MTTBCDA;;SEQUENCIAL;smallint;2;;;
MTTBCDA;;TIPO_COB;smallint;2;;;
MTTBCDA;;BANCO_COB;smallint;2;;;
MTTBCDA;;AGENCIA_COB;int;4;;;
MTTBCDA;;TIPO_CTA_COB;int;4;;;
MTTBCDA;;CONTA_COB;char;10;;;
MTTBCDA;;DTA_INC_ARR;char;8;;;
MTTBCDA;;DTA_DEB;char;8;;;
MTTBCDA;;VAL_DEB;float;8;;;
MTTBCDA;;DTA_EST;char;8;;;
MTTBCDA;;VAL_EST;float;8;;;
MTTBCDA;;EMI_CART_DEB;smallint;2;;;
MTTBCDA;;DTA_CART_DEB;char;8;;;
MTTBCDA;;EMI_CART_EST;smallint;2;;;
MTTBCDA;;DTA_CART_EST;char;8;;;
MTTBCDA;;TP_MOVIM;smallint;2;;;
MTTBCDA;;DT_MOVIM;char;8;;;
MTTBCDA;;HO_MOVIM;char;8;;;
MTTBCDA;;USU_MOVIM;char;8;;;
MTTBCDA;;FLG_EST_DEB;char;1;;;
MTTBCDA;;EST_ATUALIZ;float;8;;;
MTTBCDA;;EST_INDICE;float;8;;;
MTTBCDC;;CodEmp;smallint;2;;;
MTTBCDC;;Regiao;smallint;2;;;
MTTBCDC;;Nucleo;smallint;2;;;
MTTBCDC;;Contrato;char;10;;;
MTTBCDC;;Ident_Cliente_Emp;char;25;;;
MTTBCDC;;Agencia_Deb;char;4;;;
MTTBCDC;;Ident_Cliente_Bco;char;14;;;
MTTBCDC;;Data_Incl;char;8;;;
MTTBCDC;;Data_Excl;char;8;;;
MTTBCDEC;;codigo;int;4;;;
MTTBCDEC;;cadmut;char;13;;;
MTTBCDEC;;nome;varchar;40;;;
MTTBCDEC;;cpf;varchar;14;;;
MTTBCDEC;;agente_financeiro;varchar;8;;;
MTTBCDEC;;grau_hipoteca;smallint;2;;;
MTTBCDEC;;data_assinatura;datetime2;8;;;
MTTBCDEC;;data_habilitacao;datetime2;8;;;
MTTBCDEC;;data_carga;datetime2;8;;;
MTTBCDEC;;data_envio;datetime2;8;;;
MTTBCDEC;;base64;varbinary;-1;;;
MTTBCDEC;;texto_outros_arquivos;varchar;100;;;
MTTBCDEC;;status_baixado;bit;1;;;
MTTBCDEC;;usuario_responsavel;varchar;40;;;
MTTBCDEC;;nota_tecnica;varchar;250;;;
MTTBCDEC;;status;smallint;2;;;
MTTBCDI;;DATA_CDI;char;8;;;
MTTBCDI;;VALOR_PERC;float;8;;;
MTTBCDI;;VALOR_IND;float;8;;;
MTTBCDOC;;codigo;bigint;8;;;
MTTBCDOC;;doc_titulo;varchar;-1;;;
MTTBCDOC;;doc_descricao;varchar;-1;;;
MTTBCDOC;;doc_base64;varbinary;-1;;;
MTTBCDOC;;status;bit;1;;;
MTTBCDOC;;MimeType;char;20;;;
MTTBCDOC;;Extensao;char;10;;;
MTTBCDPD;;codigo;int;4;;;
MTTBCDPD;;fk_codigo_dec;int;4;;;
MTTBCDPD;;fk_codigo_idc;int;4;;;
MTTBCDPD;;de;smallint;2;;;
MTTBCDPD;;ate;smallint;2;;;
MTTBCEF;;DATA_BASE;char;8;;;
MTTBCEF;;CODEMP;smallint;2;;;
MTTBCEF;;REGIAO;smallint;2;;;
MTTBCEF;;NUCLEO;smallint;2;;;
MTTBCEF;;CONTRATO;char;10;;;
MTTBCEF;;CGCCPF;char;14;;;
MTTBCEF;;DATA_ASS;char;8;;;
MTTBCEF;;VAL_FIN;float;8;;;
MTTBCEF;;TAXA_JUR;float;8;;;
MTTBCEF;;DIA_VENC;char;2;;;
MTTBCEF;;ORIG_REC;smallint;2;;;
MTTBCEF;;CODCAUCAO;char;12;;;
MTTBCEF;;FLG_COB_FCVS;smallint;2;;;
MTTBCEF;;TIPO_EVENTO;char;3;;;
MTTBCEF;;FLG_INTERC;smallint;2;;;
MTTBCEF;;PRAZO_TOT;smallint;2;;;
MTTBCEF;;NUM_PREST;smallint;2;;;
MTTBCEF;;SALDO_DEV;float;8;;;
MTTBCEF;;SALDO_97222;float;8;;;
MTTBCEF;;CORR_INTEGR;float;8;;;
MTTBCEF;;CORR_PRORAT;float;8;;;
MTTBCEF;;CORR_AAPROP;float;8;;;
MTTBCEF;;CORR_DIABASE;char;2;;;
MTTBCEF;;CORR_INDEX;char;3;;;
MTTBCEF;;CORR_PERIOD;char;1;;;
MTTBCEF;;JUROS_PRORAT;float;8;;;
MTTBCEF;;REND_CORR;float;8;;;
MTTBCEF;;REND_JUROS;float;8;;;
MTTBCEF;;REND_TAXAS;float;8;;;
MTTBCEF;;REND_AMNEG;float;8;;;
MTTBCEF;;REND_MORA;float;8;;;
MTTBCEF;;ENC_AMORT;float;8;;;
MTTBCEF;;ENC_JUR_ANT;float;8;;;
MTTBCEF;;ENC_JUR_ATU;float;8;;;
MTTBCEF;;ENC_SEG;float;8;;;
MTTBCEF;;ENC_TAXAS;float;8;;;
MTTBCEF;;ENC_FCVS;float;8;;;
MTTBCEF;;ENC_DIF_MEN;float;8;;;
MTTBCEF;;ENC_DIF_MAI;float;8;;;
MTTBCEF;;ENC_TOTAL;float;8;;;
MTTBCEF;;ENC_SUBS;float;8;;;
MTTBCEF;;ENC_OUTROS;float;8;;;
MTTBCEF;;ENC_FGT_COTA;float;8;;;
MTTBCEF;;ENC_FGT_SOBR;float;8;;;
MTTBCEF;;ENC_PRO_MOR;float;8;;;
MTTBCEF;;ENC_LIQUIDO;float;8;;;
MTTBCEF;;ENC_DIA_ATRS;smallint;2;;;
MTTBCEF;;ENC_PRT_ATRS;smallint;2;;;
MTTBCEF;;ENC_COB_ESP;smallint;2;;;
MTTBCEF;;PRP_AMORT;float;8;;;
MTTBCEF;;PRP_JUROS;float;8;;;
MTTBCEF;;PRP_SEG;float;8;;;
MTTBCEF;;PRP_TAXAS;float;8;;;
MTTBCEF;;PRP_FCVS;float;8;;;
MTTBCEF;;PRP_DIF_MEN;float;8;;;
MTTBCEF;;PRP_DIF_MAI;float;8;;;
MTTBCEF;;PRP_TOTAL;float;8;;;
MTTBCEF;;PRP_SUBS;float;8;;;
MTTBCEF;;PRP_OUTROS;float;8;;;
MTTBCEF;;PRP_FGT_COTA;float;8;;;
MTTBCEF;;PRP_FGT_SOBR;float;8;;;
MTTBCEF;;PRP_LIQUIDO;float;8;;;
MTTBCEF;;JUROS_CONTR;float;8;;;
MTTBCEF;;JUROS_1520;float;8;;;
MTTBCEF;;FLG_RES1;char;1;;;
MTTBCEF;;FLG_RES2;char;1;;;
MTTBCEF;;FLG_RES3;char;1;;;
MTTBCEF;;FLG_RES4;smallint;2;;;
MTTBCEF;;FLG_RES5;smallint;2;;;
MTTBCEF;;FLG_RES6;smallint;2;;;
MTTBCEM;;CODEMP_C;smallint;2;;;
MTTBCEM;;REGIAO_C;smallint;2;;;
MTTBCEM;;NUCLEO_C;smallint;2;;;
MTTBCEM;;CONTRATO_C;char;10;;;
MTTBCEM;;SEQ_IMP_C;int;4;;;
MTTBCEM;;DTA_PALT_C;char;6;;;
MTTBCEM;;COD_HIST_C;smallint;2;;;
MTTBCEM;;SUB_SEQ_C;int;4;;;
MTTBCEM;;REGIAO_G;smallint;2;;;
MTTBCEM;;NUCLEO_G;smallint;2;;;
MTTBCEM;;CONTRATO_G;char;10;;;
MTTBCEM;;DTA_PALT_G;char;6;;;
MTTBCEM;;SEQ_G;char;2;;;
MTTBCEM;;DTA_ALT_G;char;8;;;
MTTBCEM;;COD_HIST_G;smallint;2;;;
MTTBCEM;;VL_RENEG_G;float;8;;;
MTTBCEM;;VL_FGTS_G;float;8;;;
MTTBCEM;;VL_CC_G;float;8;;;
MTTBCEP;;CEP;char;8;;;
MTTBCEP;;ESTADO;char;2;;;
MTTBCEP;;MUNICIPIO;varchar;72;;;
MTTBCEP;;BAIRRO_INI;varchar;72;;;
MTTBCEP;;BAIRRO_FIM;varchar;72;;;
MTTBCEP;;TIPO_LOGRADOURO;varchar;26;;;
MTTBCEP;;LOGRADOURO;varchar;72;;;
MTTBCEP;;LOGRADOURO_ABREVIADO;varchar;36;;;
MTTBCEP;;INFORMACAO_ADICIONAL;varchar;36;;;
MTTBCEP;;PARIDADE;char;1;;;
MTTBCEP;;NUMERO_INI;varchar;11;;;
MTTBCEP;;NUMERO_FIM;varchar;11;;;
MTTBCEP;;LOTE;varchar;11;;;
MTTBCEP;;COMPLEMENTO1;varchar;36;;;
MTTBCEP;;COMPLEMENTO_NUMERO1;varchar;11;;;
MTTBCEP;;COMPLEMENTO2;varchar;11;;;
MTTBCEP;;COMPLEMENTO_NUMERO2;varchar;11;;;
MTTBCEP;;STATUS_LOGRADOURO;char;1;;;
MTTBCEP;;DTA_INCLUSAO;char;8;;;
MTTBCEP;;HOR_INCLUSAO;char;8;;;
MTTBCEP;;USU_INCLUSAO;char;8;;;
MTTBCEP;;DTA_ALTER;char;8;;;
MTTBCEP;;HOR_ALTER;char;8;;;
MTTBCEP;;USU_ALTER;char;8;;;
MTTBCEP;;FLG_ATUALIZACAO;char;1;;;
MTTBCER;;CODEMP;smallint;2;;;
MTTBCER;;DATA_COMP;char;6;;;
MTTBCER;;REGIAO;smallint;2;;;
MTTBCER;;NUCLEO;smallint;2;;;
MTTBCER;;CONTRATO;char;10;;;
MTTBCER;;DATA_VENC;char;8;;;
MTTBCER;;ENC_NUM_PRES;smallint;2;;;
MTTBCER;;ENC_AMORT;float;8;;;
MTTBCER;;ENC_JUROS;float;8;;;
MTTBCER;;ENC_TAXA1;float;8;;;
MTTBCER;;ENC_TAXA2;float;8;;;
MTTBCER;;ENC_TAXA3;float;8;;;
MTTBCER;;ENC_TAXAS;float;8;;;
MTTBCER;;ENC_FCVS;float;8;;;
MTTBCER;;ENC_SEG_MIP;float;8;;;
MTTBCER;;ENC_SEG_CRED;float;8;;;
MTTBCER;;ENC_SEG_DFI;float;8;;;
MTTBCER;;ENC_SEGS;float;8;;;
MTTBCER;;ENC_FGTS;float;8;;;
MTTBCER;;ENC_SUBS;float;8;;;
MTTBCER;;ENC_TOTAL;float;8;;;
MTTBCER;;RAP_CMON;float;8;;;
MTTBCER;;RAP_JUROS;float;8;;;
MTTBCER;;RAP_TAXA1;float;8;;;
MTTBCER;;RAP_TAXA2;float;8;;;
MTTBCER;;RAP_TAXA3;float;8;;;
MTTBCER;;RAP_TAXAS;float;8;;;
MTTBCER;;PRV_ATU_MON;float;8;;;
MTTBCER;;PRV_JUR_REM;float;8;;;
MTTBCER;;PRV_JUR_MOR;float;8;;;
MTTBCER;;PRV_MULTA;float;8;;;
MTTBCER;;PRV_ATRASO;float;8;;;
MTTBCER;;QTD_DD_ATS;smallint;2;;;
MTTBCER;;PRV_CRELI;float;8;;;
MTTBCER;;DIA_CORR;smallint;2;;;
MTTBCER;;FLG_CRED;smallint;2;;;
MTTBCER;;BPP_VAL_PGTO;float;8;;;
MTTBCER;;ENC_EXT_CC;float;8;;;
MTTBCES;;CodEmp;smallint;2;;;
MTTBCES;;DataCes;char;6;;;
MTTBCES;;IReaj2;float;8;;;
MTTBCES;;IReaj5;float;8;;;
MTTBCES;;IReaj7;float;8;;;
MTTBCES;;IReaj8;float;8;;;
MTTBCES;;IReaj11;float;8;;;
MTTBCEVR;;codigo;bigint;8;;;
MTTBCEVR;;fk_codigo_svr;smallint;2;;;
MTTBCEVR;;fk_codigo_str;smallint;2;;;
MTTBCEVR;;fk_codigo_tpr;smallint;2;;;
MTTBCEVR;;codemp;smallint;2;;;
MTTBCEVR;;regiao;smallint;2;;;
MTTBCEVR;;nucleo;smallint;2;;;
MTTBCEVR;;contrato;char;10;;;
MTTBCEVR;;json_envio;varbinary;-1;;;
MTTBCEVR;;status_retorno;smallint;2;;;
MTTBCEVR;;json_retorno;varbinary;-1;;;
MTTBCEVR;;data_hora_criacao;datetime2;8;;;
MTTBCEVR;;data_hora_envio;datetime2;8;;;
MTTBCEX;;CODEMP;smallint;2;;;
MTTBCEX;;REGIAO;smallint;2;;;
MTTBCEX;;NUCLEO;smallint;2;;;
MTTBCEX;;CONTRATO;char;10;;;
MTTBCEX;;DATA_COMP;char;6;;;
MTTBCEX;;AMORT;float;8;;;
MTTBCEX;;JUROS;float;8;;;
MTTBCEX;;OUTROS;float;8;;;
MTTBCEX;;AMT_POS_COR;float;8;;;
MTTBCEX;;JUR_POS_COR;float;8;;;
MTTBCEX;;OUT_POS_COR;float;8;;;
MTTBCEX;;PGTO_ANTEC;float;8;;;
MTTBCEX;;REF_REC_CHB;float;8;;;
MTTBCEX;;REF_CST_CHB;float;8;;;
MTTBCEX;;REF_JUR_CHB;float;8;;;
MTTBCEX;;REF_REC_FMH;float;8;;;
MTTBCEX;;REF_CST_FMH;float;8;;;
MTTBCEX;;REF_JUR_FMH;float;8;;;
MTTBCEX;;REG_CUMULAT;char;10;;;
MTTBCEX;;PERC_PAR_FMH;float;8;;;
MTTBCEX;;PERC_CST_CHB;float;8;;;
MTTBCEX;;PERC_CST_FMH;float;8;;;
MTTBCEX;;LIN_CRED;float;8;;;
MTTBCEX;;VL_SALDO;float;8;;;
MTTBCEX;;VL_CUSTO;float;8;;;
MTTBCFB;;CODEMP;smallint;2;;;
MTTBCFB;;REGIAO;smallint;2;;;
MTTBCFB;;NUCLEO;smallint;2;;;
MTTBCFB;;CONTRATO;char;10;;;
MTTBCFB;;DAMP;int;4;;;
MTTBCFB;;DTA_AUT;char;8;;;
MTTBCFB;;DTA_INI;char;8;;;
MTTBCFB;;DTA_FIM;char;8;;;
MTTBCFB;;QTD_PARC;smallint;2;;;
MTTBCFB;;PERC_UTI;float;8;;;
MTTBCFB;;VAL_UTIL;float;8;;;
MTTBCFB;;VAL_PRES;float;8;;;
MTTBCFB;;VAL_PARC;float;8;;;
MTTBCFB;;TIPO_CALCULO;char;1;;;
MTTBCFB;;DATU_DTA_BAS;char;8;;;
MTTBCFB;;DATU_PAR_UTI;smallint;2;;;
MTTBCFB;;DATU_PAR_REM;smallint;2;;;
MTTBCFB;;DATU_AJ;float;8;;;
MTTBCFB;;DATU_JUROS;float;8;;;
MTTBCFB;;DATU_VAL_UTI;float;8;;;
MTTBCFB;;DATU_VL_RESG;float;8;;;
MTTBCFB;;DATU_VL_RESU;float;8;;;
MTTBCFB;;DATU_VL_CMON;float;8;;;
MTTBCFB;;DATU_SAL_TE;float;8;;;
MTTBCFB;;DATU_COR_RES;float;8;;;
MTTBCFB;;DATU_SAL_RES;float;8;;;
MTTBCFB;;FGT_DTU_UTI;char;8;;;
MTTBCFB;;FGT_DTP_UTI;char;8;;;
MTTBCFB;;FGT_DTL_RETR;char;8;;;
MTTBCFB;;FGT_FLG_ATIV;smallint;2;;;
MTTBCFB;;ACCSEQ;char;25;;;
MTTBCFB;;FGT_FLG_RES1;char;50;;;
MTTBCFB;;FGT_FLG_RES2;char;50;;;
MTTBCFB;;FGT_FLG_RES3;char;50;;;
MTTBCFB;;FGT_FLG_RES4;int;4;;;
MTTBCFB;;FGT_FLG_RES5;int;4;;;
MTTBCFB;;FGT_FLG_RES6;int;4;;;
MTTBCFB;;USR_INC;char;8;;;
MTTBCFB;;DATA_INC;char;8;;;
MTTBCFB;;HORA_INC;char;8;;;
MTTBCFB;;USR_ALT;char;8;;;
MTTBCFB;;DTA_ALT;char;8;;;
MTTBCFB;;HORA_ALT;char;8;;;
MTTBCFB;;DAMP1;int;4;;;
MTTBCFB;;CPF_TITULAR1;char;11;;;
MTTBCFB;;VAL_PARC1;float;8;;;
MTTBCFB;;VAL_UTIL1;float;8;;;
MTTBCFB;;DAMP2;int;4;;;
MTTBCFB;;CPF_TITULAR2;char;11;;;
MTTBCFB;;VAL_PARC2;float;8;;;
MTTBCFB;;VAL_UTIL2;float;8;;;
MTTBCFB;;DAMP3;int;4;;;
MTTBCFB;;CPF_TITULAR3;char;11;;;
MTTBCFB;;VAL_PARC3;float;8;;;
MTTBCFB;;VAL_UTIL3;float;8;;;
MTTBCFB;;FLG_PAGTO;smallint;2;;;
MTTBCFB;;DTA_PAGTO;char;8;;;
MTTBCFB;;VLA_PAGTO;float;8;;;
MTTBCFG;;CODEMP;smallint;2;;;
MTTBCFG;;REGIAO;smallint;2;;;
MTTBCFG;;NUCLEO;smallint;2;;;
MTTBCFG;;CONTRATO;char;10;;;
MTTBCFG;;DAMP;int;4;;;
MTTBCFG;;DTA_AUT;char;8;;;
MTTBCFG;;DTA_INI;char;8;;;
MTTBCFG;;DTA_FIM;char;8;;;
MTTBCFG;;QTD_PARC;smallint;2;;;
MTTBCFG;;PERC_UTI;float;8;;;
MTTBCFG;;VAL_UTIL;float;8;;;
MTTBCFG;;VAL_PRES;float;8;;;
MTTBCFG;;VAL_PARC;float;8;;;
MTTBCFG;;TIPO_CALCULO;char;1;;;
MTTBCFG;;DATU_DTA_BAS;char;8;;;
MTTBCFG;;DATU_PAR_UTI;smallint;2;;;
MTTBCFG;;DATU_PAR_REM;smallint;2;;;
MTTBCFG;;DATU_AJ;float;8;;;
MTTBCFG;;DATU_JUROS;float;8;;;
MTTBCFG;;DATU_VAL_UTI;float;8;;;
MTTBCFG;;DATU_VL_RESG;float;8;;;
MTTBCFG;;DATU_VL_RESU;float;8;;;
MTTBCFG;;DATU_VL_CMON;float;8;;;
MTTBCFG;;DATU_SAL_TE;float;8;;;
MTTBCFG;;DATU_COR_RES;float;8;;;
MTTBCFG;;DATU_SAL_RES;float;8;;;
MTTBCFG;;FGT_DTU_UTI;char;8;;;
MTTBCFG;;FGT_DTP_UTI;char;8;;;
MTTBCFG;;FGT_DTL_RETR;char;8;;;
MTTBCFG;;FGT_FLG_ATIV;smallint;2;;;
MTTBCFG;;ACCSEQ;char;25;;;
MTTBCFG;;FGT_FLG_RES1;char;50;;;
MTTBCFG;;FGT_FLG_RES2;char;50;;;
MTTBCFG;;FGT_FLG_RES3;char;50;;;
MTTBCFG;;FGT_FLG_RES4;int;4;;;
MTTBCFG;;FGT_FLG_RES5;int;4;;;
MTTBCFG;;FGT_FLG_RES6;int;4;;;
MTTBCFG;;USR_INC;char;8;;;
MTTBCFG;;DATA_INC;char;8;;;
MTTBCFG;;HORA_INC;char;8;;;
MTTBCFG;;USR_ALT;char;8;;;
MTTBCFG;;DTA_ALT;char;8;;;
MTTBCFG;;HORA_ALT;char;8;;;
MTTBCFG;;DAMP1;int;4;;;
MTTBCFG;;CPF_TITULAR1;char;11;;;
MTTBCFG;;VAL_PARC1;float;8;;;
MTTBCFG;;VAL_UTIL1;float;8;;;
MTTBCFG;;DAMP2;int;4;;;
MTTBCFG;;CPF_TITULAR2;char;11;;;
MTTBCFG;;VAL_PARC2;float;8;;;
MTTBCFG;;VAL_UTIL2;float;8;;;
MTTBCFG;;DAMP3;int;4;;;
MTTBCFG;;CPF_TITULAR3;char;11;;;
MTTBCFG;;VAL_PARC3;float;8;;;
MTTBCFG;;VAL_UTIL3;float;8;;;
MTTBCFG;;FLG_PAGTO;smallint;2;;;
MTTBCFG;;DTA_PAGTO;char;8;;;
MTTBCFG;;VLA_PAGTO;float;8;;;
MTTBCFP;;CODEMP;smallint;2;;;
MTTBCFP;;NUM_PROC;char;20;;;
MTTBCFP;;COD_FASE;smallint;2;;;
MTTBCFP;;DTA_FASE;char;8;;;
MTTBCFP;;SEQ_FASE;smallint;2;;;
MTTBCFP;;DTA_AGENDADA;char;8;;;
MTTBCFP;;FLG_DESPESA;smallint;2;;;
MTTBCFP;;TIPO_VL_VLP;char;3;;;
MTTBCFP;;COD_VL_VLP;smallint;2;;;
MTTBCFP;;DTA_VC_VLP;char;8;;;
MTTBCFP;;SEQ_VL_VLP;smallint;2;;;
MTTBCFP;;FLG_AGENDA;smallint;2;;;
MTTBCFP;;COD_AGENDA;smallint;2;;;
MTTBCFP;;REGIAO;smallint;2;;;
MTTBCFP;;NUCLEO;smallint;2;;;
MTTBCFP;;CONTRATO;char;10;;;
MTTBCFP;;DTA_AGENDA;char;8;;;
MTTBCFP;;HOR_AGENDA;char;8;;;
MTTBCFP;;ATZ_FASE_ATL;smallint;2;;;
MTTBCFP;;FLG_RES1;char;1;;;
MTTBCFP;;FLG_RES2;char;1;;;
MTTBCFP;;FLG_RES3;char;1;;;
MTTBCFP;;FLG_RES4;smallint;2;;;
MTTBCFP;;FLG_RES5;smallint;2;;;
MTTBCFP;;FLG_RES6;smallint;2;;;
MTTBCFP;;DTA_INCLUSAO;char;8;;;
MTTBCFP;;HOR_INCLUSAO;char;8;;;
MTTBCFP;;USU_INCLUSAO;char;8;;;
MTTBCFP;;DTA_ALTER;char;8;;;
MTTBCFP;;HOR_ALTER;char;8;;;
MTTBCFP;;USU_ALTER;char;8;;;
MTTBCFP;;DTA_VALID_FASE;char;8;;;
MTTBCFU;;CODEMP;smallint;2;;;
MTTBCFU;;CLIENTE_UNIC;int;4;;;
MTTBCFU;;CODFIN;smallint;2;;;
MTTBCFU;;DTA_INCLUSAO;char;8;;;
MTTBCFU;;HOR_INCLUSAO;char;8;;;
MTTBCFU;;USU_INCLUSAO;char;8;;;
MTTBCGE;;CODEMP;smallint;2;;;
MTTBCGE;;REGIAO;smallint;2;;;
MTTBCGE;;NUCLEO;smallint;2;;;
MTTBCGE;;CONTRATO;char;10;;;
MTTBCGE;;DATA_INC;char;8;;;
MTTBCGE;;HORA_INC;char;6;;;
MTTBCGE;;CODUSR_INC;char;8;;;
MTTBCGE;;CODIGO;smallint;2;;;
MTTBCGE;;DESCRICAO;varchar;1000;;;
MTTBCGE;;DATA_SOL;char;8;;;
MTTBCGE;;HORA_SOL;char;6;;;
MTTBCGE;;CODUSR_SOL;char;8;;;
MTTBCGE;;DESCRICAO_SOL;varchar;1000;;;
MTTBCGE;;CODIGO_SOL;smallint;2;;;
MTTBCHAN;;codigo;int;4;;;
MTTBCHAN;;descricao;text;16;;;
MTTBCHAN;;datahora_historico;datetime2;8;;;
MTTBCID;;CODEMP;smallint;2;;;
MTTBCID;;CODIGO;smallint;2;;;
MTTBCID;;DESCRICAO;char;15;;;
MTTBCID;;USR_INCL;char;8;;;
MTTBCID;;DTA_INCL;char;8;;;
MTTBCID;;HOR_INCL;char;8;;;
MTTBCID;;USR_ALT;char;8;;;
MTTBCID;;DTA_ALT;char;8;;;
MTTBCID;;HOR_ALT;char;8;;;
MTTBCIF;;CODEMP;smallint;2;;;
MTTBCIF;;LOTE;smallint;2;;;
MTTBCIF;;PACOTE;smallint;2;;;
MTTBCIF;;SEQUENCIAL;int;4;;;
MTTBCIF;;DATA_EMI;char;8;;;
MTTBCIF;;PERIODO;char;25;;;
MTTBCIF;;ANO;char;4;;;
MTTBCIF;;ACCSEQ;char;11;;;
MTTBCIN;;CODIGO;char;5;;;
MTTBCIN;;TIPO;char;1;;;
MTTBCIN;;PERIODO;char;2;;;
MTTBCIN;;DESCRICAO;char;35;;;
MTTBCIN;;CALCPRORMES;char;10;;;
MTTBCIN;;CALCPRORDIA;char;10;;;
MTTBCIN;;DATA_INI_VAL;char;8;;;
MTTBCIN;;DATA_FIM_VAL;char;8;;;
MTTBCIN;;CASAS_DEC;smallint;2;;;
MTTBCIN;;PERI_DIVULG;char;1;;;
MTTBCIN;;DEFASAGEM;smallint;2;;;
MTTBCIT;;CODEMP;smallint;2;;;
MTTBCIT;;REGIAO;smallint;2;;;
MTTBCIT;;NUCLEO;smallint;2;;;
MTTBCIT;;CONTRATO;char;10;;;
MTTBCIT;;IMOVEL;int;4;;;
MTTBCIT;;CONDICAO;smallint;2;;;
MTTBCIT;;DATAINI;char;8;;;
MTTBCIT;;HORAINI;char;8;;;
MTTBCIT;;USUARIO;char;8;;;
MTTBCL2;;CODEMP;smallint;2;;;
MTTBCL2;;REGIAO;smallint;2;;;
MTTBCL2;;NUCLEO;smallint;2;;;
MTTBCL2;;CONTRATO;char;10;;;
MTTBCL2;;SEQCRONO;smallint;2;;;
MTTBCL2;;NUM_PAR;smallint;2;;;
MTTBCL2;;SEQ_PAR;smallint;2;;;
MTTBCL2;;DATA_PREV;char;8;;;
MTTBCL2;;DATA_LIBPAR;char;8;;;
MTTBCL2;;TIPO_PARC;smallint;2;;;
MTTBCL2;;SIT_PARC;smallint;2;;;
MTTBCL2;;VALOR_PAR;float;8;;;
MTTBCL2;;VALOR_LIB;float;8;;;
MTTBCL2;;VALOR_CORR;float;8;;;
MTTBCL2;;VALOR_JUROS;float;8;;;
MTTBCL2;;VALOR_IOF;float;8;;;
MTTBCL2;;VALOR_LIQ;float;8;;;
MTTBCL2;;VALOR_MULTA;float;8;;;
MTTBCL2;;PERC_MULTA;float;8;;;
MTTBCL2;;SALDO_PAR;float;8;;;
MTTBCL2;;COD_IND_CORR;char;5;;;
MTTBCL2;;IND_CORR;float;8;;;
MTTBCL2;;DIAS_PRTCOR;smallint;2;;;
MTTBCL2;;COD_TAXA1;smallint;2;;;
MTTBCL2;;TIPO_TAXA1;smallint;2;;;
MTTBCL2;;FLG_TAXA1;smallint;2;;;
MTTBCL2;;VAL_TAXA1;float;8;;;
MTTBCL2;;COD_TAXA2;smallint;2;;;
MTTBCL2;;TIPO_TAXA2;smallint;2;;;
MTTBCL2;;FLG_TAXA2;smallint;2;;;
MTTBCL2;;VAL_TAXA2;float;8;;;
MTTBCL2;;COD_TAXA3;smallint;2;;;
MTTBCL2;;TIPO_TAXA3;smallint;2;;;
MTTBCL2;;FLG_TAXA3;smallint;2;;;
MTTBCL2;;VAL_TAXA3;float;8;;;
MTTBCL2;;IND_JUR;float;8;;;
MTTBCL2;;DIAS_PRTJUR;float;8;;;
MTTBCL2;;PERC_PARC;float;8;;;
MTTBCL2;;DATA_REP;char;8;;;
MTTBCL2;;NUM_CODREP;char;15;;;
MTTBCL2;;SIT_REP;smallint;2;;;
MTTBCL2;;SIT_PROC;smallint;2;;;
MTTBCL2;;VL_RES1;float;8;;;
MTTBCL2;;VL_RES2;float;8;;;
MTTBCL2;;VL_RES3;char;10;;;
MTTBCL2;;USR_INC;char;8;;;
MTTBCL2;;DATA_INC;char;8;;;
MTTBCL2;;HORA_INC;char;8;;;
MTTBCL2;;USR_ALT;char;8;;;
MTTBCL2;;DATA_ALT;char;8;;;
MTTBCL2;;HORA_ALT;char;8;;;
MTTBCLI;;CODEMP;smallint;2;;;
MTTBCLI;;EMPR_CLIENTE;smallint;2;;;
MTTBCLI;;TIPO_EMP;smallint;2;;;
MTTBCLI;;SIGLA;char;4;;;
MTTBCLI;;CGCCPF;char;14;;;
MTTBCLI;;NOME_COMPAC;char;15;;;
MTTBCLI;;RAZSOCIAL;char;40;;;
MTTBCLI;;CIDADE;char;25;;;
MTTBCLI;;ESTADO;char;2;;;
MTTBCLP;;CODEMP;smallint;2;;;
MTTBCLP;;REGIAO;smallint;2;;;
MTTBCLP;;NUCLEO;smallint;2;;;
MTTBCLP;;CONTRATO;char;10;;;
MTTBCLP;;SEQCRONO;smallint;2;;;
MTTBCLP;;NUM_PAR;smallint;2;;;
MTTBCLP;;SEQ_PAR;smallint;2;;;
MTTBCLP;;DATA_PREV;char;8;;;
MTTBCLP;;DATA_LIBPAR;char;8;;;
MTTBCLP;;TIPO_PARC;smallint;2;;;
MTTBCLP;;SIT_PARC;smallint;2;;;
MTTBCLP;;VALOR_PAR;float;8;;;
MTTBCLP;;VALOR_LIB;float;8;;;
MTTBCLP;;VALOR_CORR;float;8;;;
MTTBCLP;;VALOR_JUROS;float;8;;;
MTTBCLP;;VALOR_IOF;float;8;;;
MTTBCLP;;VALOR_LIQ;float;8;;;
MTTBCLP;;VALOR_MULTA;float;8;;;
MTTBCLP;;PERC_MULTA;float;8;;;
MTTBCLP;;SALDO_PAR;float;8;;;
MTTBCLP;;COD_IND_CORR;char;5;;;
MTTBCLP;;IND_CORR;float;8;;;
MTTBCLP;;DIAS_PRTCOR;smallint;2;;;
MTTBCLP;;COD_TAXA1;smallint;2;;;
MTTBCLP;;TIPO_TAXA1;smallint;2;;;
MTTBCLP;;FLG_TAXA1;smallint;2;;;
MTTBCLP;;VAL_TAXA1;float;8;;;
MTTBCLP;;COD_TAXA2;smallint;2;;;
MTTBCLP;;TIPO_TAXA2;smallint;2;;;
MTTBCLP;;FLG_TAXA2;smallint;2;;;
MTTBCLP;;VAL_TAXA2;float;8;;;
MTTBCLP;;COD_TAXA3;smallint;2;;;
MTTBCLP;;TIPO_TAXA3;smallint;2;;;
MTTBCLP;;FLG_TAXA3;smallint;2;;;
MTTBCLP;;VAL_TAXA3;float;8;;;
MTTBCLP;;IND_JUR;float;8;;;
MTTBCLP;;DIAS_PRTJUR;float;8;;;
MTTBCLP;;PERC_PARC;float;8;;;
MTTBCLP;;DATA_REP;char;8;;;
MTTBCLP;;NUM_CODREP;char;15;;;
MTTBCLP;;SIT_REP;smallint;2;;;
MTTBCLP;;SIT_PROC;smallint;2;;;
MTTBCLP;;VL_RES1;float;8;;;
MTTBCLP;;VL_RES2;float;8;;;
MTTBCLP;;VL_RES3;char;10;;;
MTTBCLP;;USR_INC;char;8;;;
MTTBCLP;;DATA_INC;char;8;;;
MTTBCLP;;HORA_INC;char;8;;;
MTTBCLP;;USR_ALT;char;8;;;
MTTBCLP;;DATA_ALT;char;8;;;
MTTBCLP;;HORA_ALT;char;8;;;
MTTBCLS;;CODEMP;smallint;2;;;
MTTBCLS;;CODCLS;char;3;;;
MTTBCLS;;DESCLS;char;20;;;
MTTBCMRR;;codigo;int;4;;;
MTTBCMRR;;motivo_negativa;text;16;;;
MTTBCMRR;;resposta;text;16;;;
MTTBCMRR;;status_analise;smallint;2;;;
MTTBCMRR;;status;bit;1;;;
MTTBCMRR;;tipo_negativa;bit;1;;;
MTTBCMRR_Motivo;;id_motivo;int;4;;;
MTTBCMRR_Motivo;;motivo_negativa_texto;varchar;-1;;;
MTTBCMRR_Motivo;;hash_motivo;varbinary;32;;;
MTTBCND;;CODEMP;smallint;2;;;
MTTBCND;;COD_CONDICAO;smallint;2;;;
MTTBCND;;DESCRICAO;char;40;;;
MTTBCND;;COD_USR_INC;char;8;;;
MTTBCND;;DATA_INC;char;8;;;
MTTBCND;;HOTA_INC;char;8;;;
MTTBCND;;USR_ALT;char;8;;;
MTTBCND;;DATA_ALT;char;8;;;
MTTBCND;;HORA_ALT;char;8;;;
MTTBCNG;;CODEMP;smallint;2;;;
MTTBCNG;;CGC_CPF;char;14;;;
MTTBCNG;;PERIODO_REF;char;6;;;
MTTBCNG;;SEQUENCIAL;char;8;;;
MTTBCNG;;CONS_ORGAO;char;3;;;
MTTBCNG;;CONS_MUNIC;char;3;;;
MTTBCNG;;CONS_SETOR;char;6;;;
MTTBCNG;;CONS_MATR;char;7;;;
MTTBCNH;;CodEmp;smallint;2;;;
MTTBCNH;;Regiao;smallint;2;;;
MTTBCNH;;Nucleo;smallint;2;;;
MTTBCNH;;Contrato;char;10;;;
MTTBCNH;;Dta_Base;char;6;;;
MTTBCNH;;DataContr;char;8;;;
MTTBCNH;;Taxa_Jur;float;8;;;
MTTBCNH;;Val_Fin;float;8;;;
MTTBCNH;;CodCaucao;char;12;;;
MTTBCNH;;Orig_Rec;smallint;2;;;
MTTBCNH;;Dta_Ult_Corr;char;8;;;
MTTBCNH;;Dta_Quitacao;char;8;;;
MTTBCNH;;Tipo_Evento;char;3;;;
MTTBCNH;;Saldo_Resid;float;8;;;
MTTBCNH;;Saldo_RPropr;float;8;;;
MTTBCNH;;Saldo_FCVS;float;8;;;
MTTBCNH;;Saldo_CEF;float;8;;;
MTTBCNH;;Corr_Liquid;float;8;;;
MTTBCNH;;Jur_Liquid;float;8;;;
MTTBCNH;;Corr_Habilit;float;8;;;
MTTBCNH;;Jur_Habilit;float;8;;;
MTTBCNH;;Dta_FCVS;char;8;;;
MTTBCNH;;Corr_Mes_Ant;float;8;;;
MTTBCNH;;Jur_Mes_Ant;float;8;;;
MTTBCNH;;Saldo_Anter;float;8;;;
MTTBCNH;;Corr_Mes_Atu;float;8;;;
MTTBCNH;;Jur_Mes_Atu;float;8;;;
MTTBCNH;;Saldo_Atual;float;8;;;
MTTBCNH;;Dta_Saldo;char;8;;;
MTTBCNH;;Dta_Ini_Ctb;char;8;;;
MTTBCNH;;Dta_Fim_Ctb;char;8;;;
MTTBCNH;;Situacao;smallint;2;;;
MTTBCNH;;Dta_Impl;char;8;;;
MTTBCNH;;Dta_Alt;char;8;;;
MTTBCNM;;CODEMP;smallint;2;;;
MTTBCNM;;REGIAO;smallint;2;;;
MTTBCNM;;NUCLEO;smallint;2;;;
MTTBCNM;;CONTRATO;char;10;;;
MTTBCNM;;CODAGEN_CNM;int;4;;;
MTTBCNM;;CONTRATO_CNM;char;13;;;
MTTBCNM;;HIPOTECA_CNM;char;1;;;
MTTBCNM;;NOME_CNM;char;40;;;
MTTBCNM;;CGCCPF_CNM;char;14;;;
MTTBCNM;;FISJUR_CNM;smallint;2;;;
MTTBCNM;;FLG_ATIV_CNM;smallint;2;;;
MTTBCNM;;COB_FCVS_CNM;smallint;2;;;
MTTBCNM;;SITCADAS_CNM;char;1;;;
MTTBCNM;;SITMULTI_CNM;char;1;;;
MTTBCNM;;SITSINIS_CNM;char;2;;;
MTTBCNM;;PROCEDEN_CNM;smallint;2;;;
MTTBCNM;;DATA_CARGA;char;8;;;
MTTBCNMD9014;;CODEMP;smallint;2;;;
MTTBCNMD9014;;REGIAO;smallint;2;;;
MTTBCNMD9014;;NUCLEO;smallint;2;;;
MTTBCNMD9014;;CONTRATO_SGH;char;10;;;
MTTBCNMD9014;;NOME_MUTUARIO;nvarchar;80;;;
MTTBCNMD9014;;CPF_MUTUARIO;nvarchar;20;;;
MTTBCNMD9014;;DV_MUTUARIO;int;4;;;
MTTBCNMD9014;;DATA_DE_NACIMENTO;nvarchar;20;;;
MTTBCNMD9014;;IDENTIDADE;nvarchar;34;;;
MTTBCNMD9014;;ENDERECO;nvarchar;80;;;
MTTBCNMD9014;;MUNICIPIO;int;4;;;
MTTBCNMD9014;;UF_DO_IMOVEL;nvarchar;20;;;
MTTBCNMD9014;;AGENTE;int;4;;;
MTTBCNMD9014;;CONTRATO;nvarchar;26;;;
MTTBCNMD9014;;HIPOTECA;int;4;;;
MTTBCNMD9014;;PROCEDENCIA;int;4;;;
MTTBCNMD9014;;SITUACAO_DE_NOVACAO;int;4;;;
MTTBCNMD9014;;SITUACAO_DO_CONTRATO;int;4;;;
MTTBCNMD9014;;TIPO_OPERACAO;int;4;;;
MTTBCNMD9014;;DATA_DE_ASSINATURA;datetime;8;;;
MTTBCNMD9014;;DATA_DE_SUBROGACAO;nvarchar;20;;;
MTTBCNMD9014;;SITUACAO_DE_QUALIFICACAO;int;4;;;
MTTBCNMD9014;;DATA_DE_EVENTO;nvarchar;20;;;
MTTBCNMD9014;;TIPO_DE_EVENTO;nvarchar;20;;;
MTTBCNMD9014;;SITUACAO_DE_MULTIPLICIDADE;int;4;;;
MTTBCNMD9014;;SITUACAO_DE_SINISTRO;int;4;;;
MTTBCNMD9014;;SEQUENCIAL;int;4;;;
MTTBCNMD9014;;ACAO_JUDICIAL_01;nvarchar;20;;;
MTTBCNMD9014;;ACAO_JUDICIAL_02;nvarchar;20;;;
MTTBCNMD9014;;ACAO_JUDICIAL_03;nvarchar;20;;;
MTTBCNMD9014;;ACAO_JUDICIAL_04;nvarchar;20;;;
MTTBCNMD9014;;ACAO_JUDICIAL_05;nvarchar;20;;;
MTTBCNMD9014;;ACAO_JUDICIAL_06;nvarchar;20;;;
MTTBCNMD9014;;ACAO_JUDICIAL_07;nvarchar;20;;;
MTTBCNMD9014;;ACAO_JUDICIAL_08;nvarchar;20;;;
MTTBCNMD9014;;ACAO_JUDICIAL_09;nvarchar;20;;;
MTTBCNMD9014;;ACAO_JUDICIAL_10;nvarchar;20;;;
MTTBCNMD9014;;DATA_REFERENCIA;datetime;8;;;
MTTBCNMD9014;;COMPARATIVO;varchar;10;;;
MTTBCOF;;SEQUENCIAL;int;4;;;
MTTBCOF;;CODEMP;smallint;2;;;
MTTBCOF;;REGIAO;smallint;2;;;
MTTBCOF;;NUCLEO;smallint;2;;;
MTTBCOF;;CONTRATO;char;10;;;
MTTBCOF;;DTA_AQUIS;char;8;;;
MTTBCOF;;VAL_AQUIS;float;8;;;
MTTBCOF;;DTA_CONTABIL;char;8;;;
MTTBCOF;;VAL_CONTABIL;float;8;;;
MTTBCOF;;DTA_AVAL;char;8;;;
MTTBCOF;;VAL_AVAL;float;8;;;
MTTBCOF;;DTA_AVAL_CEF;char;8;;;
MTTBCOF;;VAL_AVAL_CEF;float;8;;;
MTTBCOF;;DTA_MERCADO;char;8;;;
MTTBCOF;;VAL_MERCADO;float;8;;;
MTTBCOF;;DTA_CMP_VEND;char;8;;;
MTTBCOF;;VAL_CMP_VEND;float;8;;;
MTTBCOF;;VAL_FINANC;float;8;;;
MTTBCOF;;POUP_ESPECIE;float;8;;;
MTTBCOF;;POUP_FGTS;float;8;;;
MTTBCOF;;POUP_OUTROS;float;8;;;
MTTBCOF;;POUP_TOTAL;float;8;;;
MTTBCOF;;SLD_SUBR_TRF;float;8;;;
MTTBCOF;;VAL_CONT_PAR;float;8;;;
MTTBCOF;;VAL_SUBS;float;8;;;
MTTBCOF;;VAL_FIN_PSH;float;8;;;
MTTBCOF;;VAL_TAX_TIE;float;8;;;
MTTBCOF;;VAL_FUNDHAB;float;8;;;
MTTBCOF;;VAL_TAX_CAC;float;8;;;
MTTBCOF;;VAL_SEG_INI;float;8;;;
MTTBCOF;;VAL_TAX_FCVS;float;8;;;
MTTBCOF;;VAL_TAX_OUT;float;8;;;
MTTBCOF;;TIPO_DESC;smallint;2;;;
MTTBCOF;;VAR_DESC;float;8;;;
MTTBCOF;;VAL_DESC_VIS;float;8;;;
MTTBCOF;;VAL_SUBS_ADI_CON;float;8;;;
MTTBCOF;;VAL_JUR_REM_FIN;float;8;;;
MTTBCOF;;VAL_JUR_REM_ADI;float;8;;;
MTTBCOFB;;SEQUENCIAL;int;4;;;
MTTBCOFB;;CODEMP;smallint;2;;;
MTTBCOFB;;REGIAO;smallint;2;;;
MTTBCOFB;;NUCLEO;smallint;2;;;
MTTBCOFB;;CONTRATO;char;10;;;
MTTBCOFB;;DTA_AQUIS;char;8;;;
MTTBCOFB;;VAL_AQUIS;float;8;;;
MTTBCOFB;;DTA_CONTABIL;char;8;;;
MTTBCOFB;;VAL_CONTABIL;float;8;;;
MTTBCOFB;;DTA_AVAL;char;8;;;
MTTBCOFB;;VAL_AVAL;float;8;;;
MTTBCOFB;;DTA_AVAL_CEF;char;8;;;
MTTBCOFB;;VAL_AVAL_CEF;float;8;;;
MTTBCOFB;;DTA_MERCADO;char;8;;;
MTTBCOFB;;VAL_MERCADO;float;8;;;
MTTBCOFB;;DTA_CMP_VEND;char;8;;;
MTTBCOFB;;VAL_CMP_VEND;float;8;;;
MTTBCOFB;;VAL_FINANC;float;8;;;
MTTBCOFB;;POUP_ESPECIE;float;8;;;
MTTBCOFB;;POUP_FGTS;float;8;;;
MTTBCOFB;;POUP_OUTROS;float;8;;;
MTTBCOFB;;POUP_TOTAL;float;8;;;
MTTBCOFB;;SLD_SUBR_TRF;float;8;;;
MTTBCOFB;;VAL_CONT_PAR;float;8;;;
MTTBCOFB;;VAL_SUBS;float;8;;;
MTTBCOFB;;VAL_FIN_PSH;float;8;;;
MTTBCOFB;;VAL_TAX_TIE;float;8;;;
MTTBCOFB;;VAL_FUNDHAB;float;8;;;
MTTBCOFB;;VAL_TAX_CAC;float;8;;;
MTTBCOFB;;VAL_SEG_INI;float;8;;;
MTTBCOFB;;VAL_TAX_FCVS;float;8;;;
MTTBCOFB;;VAL_TAX_OUT;float;8;;;
MTTBCOFB;;TIPO_DESC;smallint;2;;;
MTTBCOFB;;VAR_DESC;float;8;;;
MTTBCOFB;;VAL_DESC_VIS;float;8;;;
MTTBCOFB;;VAL_SUBS_ADI_CON;float;8;;;
MTTBCOFB;;VAL_JUR_REM_FIN;float;8;;;
MTTBCOFB;;VAL_JUR_REM_ADI;float;8;;;
MTTBCOIC;;codigo;int;4;;;
MTTBCOIC;;accseq;char;20;;;
MTTBCOIC;;cadmut;varchar;13;;;
MTTBCOIC;;nome_mutuario;varchar;150;;;
MTTBCOIC;;nome_oficio;varchar;255;;;
MTTBCOIC;;texto_negativas;text;16;;;
MTTBCOIC;;caminho_oficio;varchar;1000;;;
MTTBCOIC;;origem_agenda;smallint;2;;;
MTTBCOIC;;datahora_agenda;datetime2;8;;;
MTTBCOIC;;data_lembrar_em;datetime2;8;;;
MTTBCOIC;;usuario_responsavel;varchar;200;;;
MTTBCOIC;;data_limite;datetime2;8;;;
MTTBCOIC;;oficio_base64;varbinary;-1;;;
MTTBCOIC;;texto_analise;text;16;;;
MTTBCOIC;;bnh_cod_agen;varchar;-1;;;
MTTBCOIC;;nota_sobrestar;text;16;;;
MTTBCOIC;;id_recurso;varchar;20;;;
MTTBCOIC;;obs_oficio;text;16;;;
MTTBCOIC;;status_atual;smallint;2;;;
MTTBCOIC;;of_gifus;varchar;500;;;
MTTBCOIC;;status_baixado;bit;1;;;
MTTBCON;;CODEMP;smallint;2;;;
MTTBCON;;REGIAO;smallint;2;;;
MTTBCON;;NUCLEO;smallint;2;;;
MTTBCON;;CONTRATO;char;10;;;
MTTBCON;;FISJUR;smallint;2;;;
MTTBCON;;ADQ1_CPFCGC;char;14;;;
MTTBCON;;ADQ1_PART;float;8;;;
MTTBCON;;ADQ2_CPF;char;11;;;
MTTBCON;;ADQ2_PART;float;8;;;
MTTBCON;;ADQ3_CPF;char;11;;;
MTTBCON;;ADQ3_PART;float;8;;;
MTTBCON;;ADQ4_CPF;char;11;;;
MTTBCON;;ADQ4_PART;float;8;;;
MTTBCON;;TIPOFIN;smallint;2;;;
MTTBCON;;PART_CEF;float;8;;;
MTTBCON;;ORI_REC_TIPO;smallint;2;;;
MTTBCON;;CODCAUCAO;char;12;;;
MTTBCON;;CODIGO_IM;smallint;2;;;
MTTBCON;;CODMUN_BNH;int;4;;;
MTTBCON;;CATEGORIA;smallint;2;;;
MTTBCON;;MODALIDADE;smallint;2;;;
MTTBCON;;CH_CODIGO;int;4;;;
MTTBCON;;CH_TIPO;char;3;;;
MTTBCON;;CH_NUMERO;int;4;;;
MTTBCON;;CH_SERIE;char;3;;;
MTTBCON;;CH_REGISTRO;int;4;;;
MTTBCON;;CH_INSCRICAO;int;4;;;
MTTBCON;;CH_COMARCA;char;15;;;
MTTBCON;;CH_CART;char;15;;;
MTTBCON;;CH_DATA;char;8;;;
MTTBCON;;CH_LIVRO;char;8;;;
MTTBCON;;CH_FOLHA;char;6;;;
MTTBCON;;GRAU_HIPO;smallint;2;;;
MTTBCON;;IMFIN_QUADRA;char;5;;;
MTTBCON;;IMFIN_LOTE;char;5;;;
MTTBCON;;IMFIN_BLOCO;char;5;;;
MTTBCON;;IMFIN_APTO;char;9;;;
MTTBCON;;IMFIN_DV;smallint;2;;;
MTTBCON;;IMFIN_PADRAO;smallint;2;;;
MTTBCON;;DATA_ASS;char;8;;;
MTTBCON;;DATACONTR;char;8;;;
MTTBCON;;VAL_IMOVEL;float;8;;;
MTTBCON;;VAL_AVAL;float;8;;;
MTTBCON;;DATA_AVAL;char;8;;;
MTTBCON;;PREST_PAGAS;smallint;2;;;
MTTBCON;;VAL_FIN;float;8;;;
MTTBCON;;VAL_FIN_CONT;float;8;;;
MTTBCON;;PLANO_FIN;smallint;2;;;
MTTBCON;;PRAZO_FIN;smallint;2;;;
MTTBCON;;FAIXA_FIN;smallint;2;;;
MTTBCON;;TAXA_JUR;float;8;;;
MTTBCON;;CES;float;8;;;
MTTBCON;;FATOR_Q;float;8;;;
MTTBCON;;RED_GRAD;float;8;;;
MTTBCON;;CAR_PRAZO;smallint;2;;;
MTTBCON;;CAR_TIPO;smallint;2;;;
MTTBCON;;ORIG_FIN;smallint;2;;;
MTTBCON;;ORI_LIN_CRED;smallint;2;;;
MTTBCON;;DTA_PRI_PRES;char;8;;;
MTTBCON;;DTA_PRI_REAJ;char;8;;;
MTTBCON;;CODIGO_SEG;smallint;2;;;
MTTBCON;;PLANO_SEG;smallint;2;;;
MTTBCON;;NUMERO_FIF;char;13;;;
MTTBCON;;ORI_SEG_MIP;smallint;2;;;
MTTBCON;;ORI_SEG_CRED;smallint;2;;;
MTTBCON;;ORI_SEG_DFI;smallint;2;;;
MTTBCON;;DTA_INI_SEG;char;8;;;
MTTBCON;;DTA_TAXAS;char;8;;;
MTTBCON;;TXI_ABR_CRED;float;8;;;
MTTBCON;;TXI_SEG_AVI;float;8;;;
MTTBCON;;TXI_FUNDAB;float;8;;;
MTTBCON;;TXI_FCVS_AVI;float;8;;;
MTTBCON;;TXI_OUTRAS;float;8;;;
MTTBCON;;TXA1_COB_COD;smallint;2;;;
MTTBCON;;TXA1_COB_ARG;float;8;;;
MTTBCON;;TXA2_COB_COD;smallint;2;;;
MTTBCON;;TXA2_COB_ARG;float;8;;;
MTTBCON;;TXA3_COB_COD;smallint;2;;;
MTTBCON;;TXA3_COB_ARG;float;8;;;
MTTBCON;;CES_COD_CP;int;4;;;
MTTBCON;;CES_MES_DISS;smallint;2;;;
MTTBCON;;CES_TIP_REAJ;smallint;2;;;
MTTBCON;;ORI_COB_FCVS;smallint;2;;;
MTTBCON;;JP_DT_INIC;char;6;;;
MTTBCON;;JP_PERC;float;8;;;
MTTBCON;;JP_FREQ;smallint;2;;;
MTTBCON;;JP_TX_FINAL;float;8;;;
MTTBCON;;TAXA_MORA;float;8;;;
MTTBCON;;TP_CALC_MORA;char;2;;;
MTTBCON;;TAXA_MULTA;float;8;;;
MTTBCON;;LCOB_TIPO;smallint;2;;;
MTTBCON;;LCOB_END;char;1;;;
MTTBCON;;LCOB_BANCO;smallint;2;;;
MTTBCON;;LCOB_AGENCIA;int;4;;;
MTTBCON;;LCOB_CONTA;char;10;;;
MTTBCON;;CONS_ORGAO;char;3;;;
MTTBCON;;CONS_MUNIC;char;3;;;
MTTBCON;;CONS_SETOR;char;6;;;
MTTBCON;;CONS_MATR;char;7;;;
MTTBCON;;RCON_COMARCA;varchar;50;;;
MTTBCON;;RCON_CART;char;15;;;
MTTBCON;;RCON_DATA;char;8;;;
MTTBCON;;RCON_LIVRO;char;8;;;
MTTBCON;;RCON_FOLHA;char;6;;;
MTTBCON;;LIG_CON_IDEN;char;20;;;
MTTBCON;;LIG_CON_DATA;char;8;;;
MTTBCON;;LIG_CON_CODM;smallint;2;;;
MTTBCON;;LPX_CON_IDEN;char;20;;;
MTTBCON;;LPX_CON_DATA;char;8;;;
MTTBCON;;LPX_CON_CODM;smallint;2;;;
MTTBCON;;TIPO_CALCULO;char;1;;;
MTTBCON;;ENC_MEN_DTI;char;8;;;
MTTBCON;;ENC_MEN_SDI;float;8;;;
MTTBCON;;ENC_MEN_AJ;float;8;;;
MTTBCON;;ENC_MEN_JUR;float;8;;;
MTTBCON;;ENC_MEN_MIP;float;8;;;
MTTBCON;;ENC_MEN_CRED;float;8;;;
MTTBCON;;ENC_MEN_DFI;float;8;;;
MTTBCON;;ENC_MEN_TXA1;float;8;;;
MTTBCON;;ENC_MEN_TXA2;float;8;;;
MTTBCON;;ENC_MEN_TXA3;float;8;;;
MTTBCON;;ENC_MEN_RAZ;float;8;;;
MTTBCON;;ENC_MEN_FCVS;float;8;;;
MTTBCON;;DATA_LIB_HIP;char;8;;;
MTTBCON;;DATU_DTA_LEG;char;8;;;
MTTBCON;;DATU_DTA_BAS;char;8;;;
MTTBCON;;DATU_PRO_VEN;char;8;;;
MTTBCON;;DATU_PRT_EMI;smallint;2;;;
MTTBCON;;DATU_PRT_PAG;smallint;2;;;
MTTBCON;;DATU_PLANO;smallint;2;;;
MTTBCON;;DATU_PRAZO;smallint;2;;;
MTTBCON;;DATU_TX_JUR;float;8;;;
MTTBCON;;DATU_CES;float;8;;;
MTTBCON;;DATU_FATORQ;float;8;;;
MTTBCON;;DATU_RED_GRA;float;8;;;
MTTBCON;;DATU_CAR_PRZ;smallint;2;;;
MTTBCON;;DATU_CAR_TIP;smallint;2;;;
MTTBCON;;LIN_CRED;smallint;2;;;
MTTBCON;;DATU_SAL_DEV;float;8;;;
MTTBCON;;DATU_VL_MERC;float;8;;;
MTTBCON;;DATU_VL_AVAL;float;8;;;
MTTBCON;;DATU_AJ;float;8;;;
MTTBCON;;DATU_JUROS;float;8;;;
MTTBCON;;DATU_COD_SEG;smallint;2;;;
MTTBCON;;DATU_PLA_SEG;smallint;2;;;
MTTBCON;;FLG_SEG_MIP;smallint;2;;;
MTTBCON;;FLG_SEG_CRED;smallint;2;;;
MTTBCON;;FLG_SEG_DFI;smallint;2;;;
MTTBCON;;DATU_SG_MIP;float;8;;;
MTTBCON;;DATU_SG_CRED;float;8;;;
MTTBCON;;DATU_SG_DFI;float;8;;;
MTTBCON;;DATU_COD_TX1;smallint;2;;;
MTTBCON;;DATU_TAXA1;float;8;;;
MTTBCON;;DATU_COD_TX2;smallint;2;;;
MTTBCON;;DATU_TAXA2;float;8;;;
MTTBCON;;DATU_COD_TX3;smallint;2;;;
MTTBCON;;DATU_TAXA3;float;8;;;
MTTBCON;;DATU_VL_FCVS;float;8;;;
MTTBCON;;DATU_RAZAO;float;8;;;
MTTBCON;;DATU_VL_EXT;float;8;;;
MTTBCON;;DATU_VL_MORA;float;8;;;
MTTBCON;;DATU_VL_SUBS;float;8;;;
MTTBCON;;DATU_VL_OUTR;float;8;;;
MTTBCON;;DATU_VL_FGTS;float;8;;;
MTTBCON;;DATU_COD_CP;int;4;;;
MTTBCON;;DATU_MES_DIS;smallint;2;;;
MTTBCON;;DATU_TIP_REA;smallint;2;;;
MTTBCON;;DATU_JP_INIC;char;6;;;
MTTBCON;;DATU_JP_PERC;float;8;;;
MTTBCON;;DATU_JP_FREQ;smallint;2;;;
MTTBCON;;DATU_JP_TXFI;float;8;;;
MTTBCON;;DATU_TX_MORA;float;8;;;
MTTBCON;;DATU_TP_CALC;char;2;;;
MTTBCON;;DATU_TX_MULT;float;8;;;
MTTBCON;;DATU_PERIOD;char;1;;;
MTTBCON;;DATU_CGC_CPF;char;14;;;
MTTBCON;;DATU_AD1_PAR;float;8;;;
MTTBCON;;DATU_AD2_CPF;char;11;;;
MTTBCON;;DATU_AD2_PAR;float;8;;;
MTTBCON;;DATU_AD3_CPF;char;11;;;
MTTBCON;;DATU_AD3_PAR;float;8;;;
MTTBCON;;DATU_AD4_CPF;char;11;;;
MTTBCON;;DATU_AD4_PAR;float;8;;;
MTTBCON;;CTR_COB_FCVS;smallint;2;;;
MTTBCON;;CTR_MEN_FCVS;smallint;2;;;
MTTBCON;;CTR_SIT_CONT;smallint;2;;;
MTTBCON;;CTR_DTU_REAJ;char;8;;;
MTTBCON;;CTR_DTP_REAJ;char;8;;;
MTTBCON;;CTR_RET_REAJ;char;1;;;
MTTBCON;;CTR_REAJ_ANT;float;8;;;
MTTBCON;;CTR_DTU_CORR;char;8;;;
MTTBCON;;CTR_DTP_CORR;char;8;;;
MTTBCON;;CTR_CORR_SAL;float;8;;;
MTTBCON;;CTR_PRV_COR;float;8;;;
MTTBCON;;CTR_PRV_JUR;float;8;;;
MTTBCON;;CTR_PRV_TXA;float;8;;;
MTTBCON;;CTR_DTA_FIM;char;8;;;
MTTBCON;;CTR_STC_COD1;char;3;;;
MTTBCON;;CTR_STC_DTA1;char;8;;;
MTTBCON;;CTR_STC_COD2;char;3;;;
MTTBCON;;CTR_STC_DTA2;char;8;;;
MTTBCON;;CTR_STC_COD3;char;3;;;
MTTBCON;;CTR_STC_DTA3;char;8;;;
MTTBCON;;CTR_STC_COD4;char;3;;;
MTTBCON;;CTR_STC_DTA4;char;8;;;
MTTBCON;;CTR_STC_COD5;char;3;;;
MTTBCON;;CTR_STC_DTA5;char;8;;;
MTTBCON;;CTR_DTL_RETR;char;8;;;
MTTBCON;;CTR_DTA_IMPL;char;8;;;
MTTBCON;;CTR_DTC_INI;char;8;;;
MTTBCON;;CTR_DTC_FIM;char;8;;;
MTTBCON;;CTR_ETP_SEG;smallint;2;;;
MTTBCON;;CTR_FLG_LIM;smallint;2;;;
MTTBCON;;CTR_FLG_2065;smallint;2;;;
MTTBCON;;CTR_IND_2068;float;8;;;
MTTBCON;;CTR_FLG_MCAT;smallint;2;;;
MTTBCON;;CTR_FLG_ATIV;smallint;2;;;
MTTBCON;;ACCSEQ;char;17;;;
MTTBCON;;SITUACOES;char;20;;;
MTTBCON;;CC_TIP_CORR;char;3;;;
MTTBCON;;CC_TX_JUROS;float;8;;;
MTTBCON;;CC_TX_MORA;float;8;;;
MTTBCON;;CC_TX_MULTA;float;8;;;
MTTBCON;;CC_LIM_CRED;float;8;;;
MTTBCON;;CC_LIM_DEB;float;8;;;
MTTBCON;;CC_FLG_BLOQ;char;1;;;
MTTBCON;;CC_DTA_BLOQ;char;8;;;
MTTBCON;;CC_QTD_PAR;smallint;2;;;
MTTBCON;;CC_VLR_PAR;float;8;;;
MTTBCON;;CCA_TIP_CORR;char;3;;;
MTTBCON;;CCA_TX_JUROS;float;8;;;
MTTBCON;;CCA_TX_MORA;float;8;;;
MTTBCON;;CCA_TX_MULTA;float;8;;;
MTTBCON;;CCA_LIM_CRED;float;8;;;
MTTBCON;;CCA_LIM_DEB;float;8;;;
MTTBCON;;CCA_FLG_BLOQ;char;1;;;
MTTBCON;;CCA_DTA_BLOQ;char;8;;;
MTTBCON;;CCA_QTD_PAR;smallint;2;;;
MTTBCON;;CCA_VLR_PAR;float;8;;;
MTTBCON;;CC_QTD_EMI;smallint;2;;;
MTTBCON;;CC_DTA_LCT;char;8;;;
MTTBCON;;CC_VLR_LCT;float;8;;;
MTTBCON;;CC_DTA_SALDO;char;8;;;
MTTBCON;;CC_SALDO;float;8;;;
MTTBCON;;PSW_ADQ;char;8;;;
MTTBCON;;CTR_FLG_BLOQ;char;1;;;
MTTBCON;;CTR_FLG_RES1;char;1;;;
MTTBCON;;CTR_FLG_RES2;char;1;;;
MTTBCON;;CTR_FLG_RES3;char;1;;;
MTTBCON;;CTR_FLG_RES4;char;1;;;
MTTBCON;;CTR_FLG_RES5;char;1;;;
MTTBCON;;CTR_FLG_RES6;smallint;2;;;
MTTBCON;;CTR_FLG_RES7;smallint;2;;;
MTTBCON;;CTR_FLG_RES8;smallint;2;;;
MTTBCON;;CTR_FLG_RES9;smallint;2;;;
MTTBCON;;CTR_FLG_RE10;smallint;2;;;
MTTBCON;;CTR_COD_USR;char;8;;;
MTTBCON;;DATA_INC;char;8;;;
MTTBCON;;HORA_INC;char;8;;;
MTTBCON;;USR_ALT;char;8;;;
MTTBCON;;DATA_ALT;char;8;;;
MTTBCON;;HORA_ALT;char;8;;;
MTTBCON;;CPF_GAVETA;char;11;;;
MTTBCON;;FLG_TIP_GAV;smallint;2;;;
MTTBCON;;DIA_VENC;char;2;;;
MTTBCON;;DATU_DIA_VEN;char;2;;;
MTTBCON;;PRAZ_PROR;smallint;2;;;
MTTBCON;;DATU_PZ_PROR;smallint;2;;;
MTTBCON;;ORI_REP_PRO;smallint;2;;;
MTTBCON;;DATU_REP_PRO;smallint;2;;;
MTTBCON;;CTR_DTU_JPRO;char;8;;;
MTTBCON;;CTR_DTU_CPRO;char;8;;;
MTTBCON;;CTR_FX_CBP;smallint;2;;;
MTTBCON;;LCOB_TIPO_CC;int;4;;;
MTTBCON;;COD_SEGUR;char;20;;;
MTTBCON;;CAMPO_EXTRA;char;20;;;
MTTBCON;;VAL_AQUIS;float;8;;;
MTTBCON;;VAL_CONTABIL;float;8;;;
MTTBCON;;VAL_AVAL_CEF;float;8;;;
MTTBCON;;POUP_ESPECIE;float;8;;;
MTTBCON;;POUP_FGTS;float;8;;;
MTTBCON;;POUP_OUTROS;float;8;;;
MTTBCON;;POUP_TOTAL;float;8;;;
MTTBCON;;VAL_CMP_VEND;float;8;;;
MTTBCON;;PC_CUST_VEND;float;8;;;
MTTBCON;;PC_PART_FMH;float;8;;;
MTTBCON;;APU_FINANC;float;8;;;
MTTBCON;;APU_TX_JUR;float;8;;;
MTTBCON;;APU_AMJ;float;8;;;
MTTBCON;;APU_JUROS;float;8;;;
MTTBCON;;DATU_APTXJUR;float;8;;;
MTTBCON;;DATU_APU_AMJ;float;8;;;
MTTBCON;;DATU_APU_JUR;float;8;;;
MTTBCON;;CTR_FLGRES11;char;10;;;
MTTBCON;;CTR_FLGRES12;char;10;;;
MTTBCON;;CTR_FLGRES13;int;4;;;
MTTBCON;;CTR_FLGRES14;int;4;;;
MTTBCON;;CTR_FLGRES15;float;8;;;
MTTBCON;;CTR_FLGRES16;float;8;;;
MTTBCON;;DATU_APU_SLD;float;8;;;
MTTBCON;;PROG_HABIT;smallint;2;;;
MTTBCON;;SUBSID_TX_ADM;float;8;;;
MTTBCON;;SUBSID_DIF_JUR;float;8;;;
MTTBCON;;TX_JUR_PG_MUT;float;8;;;
MTTBCON;;TX_JUR_PG_CEF;float;8;;;
MTTBCON;;ORI_TX_RISCO;float;8;;;
MTTBCON;;DATU_TX_RISCO;float;8;;;
MTTBCON;;ORI_TX_ADM;float;8;;;
MTTBCON;;DATU_TX_ADM;float;8;;;
MTTBCON;;NUM_FIF_FORA_SFH;char;40;;;
MTTBCON;;ALIQ_IOF;float;8;;;
MTTBCON;;ALIQ_ADIC_IOF;float;8;;;
MTTBCON;;VAL_IOF;float;8;;;
MTTBCON;;TIPO_DESC;smallint;2;;;
MTTBCON;;VAR_DESC;float;8;;;
MTTBCON;;DATU_TP_DESC;smallint;2;;;
MTTBCON;;DATU_VL_DESC;float;8;;;
MTTBCON;;IMOVEL_UNICO;int;4;;;
MTTBCON;;VALOR_ITBI;float;8;;;
MTTBCON;;VALOR_CUSTAS_CARTORARIAS;float;8;;;
MTTBCON;;RCON_NUMERO;varchar;10;;;
MTTBCON;;RCON_MATRIC;varchar;15;;;
MTTBCON;;VALOR_IQ;float;8;;;
MTTBCON;;SUBSIDIO;float;8;;;
MTTBCON;;SUBSIDIO_COND;float;8;;;
MTTBCON;;CANCELAMENTO;float;8;;;
MTTBCON;;DESC_AGENTE;float;8;;;
MTTBCON;;DATU_DTA_AVAL;char;8;;;
MTTBCON;;TXA4_COB_COD;smallint;2;;;
MTTBCON;;TXA4_COB_ARG;float;8;;;
MTTBCON;;DATU_COD_TX4;smallint;2;;;
MTTBCON;;DATU_TAXA4;float;8;;;
MTTBCOP;;CODEMP;smallint;2;;;
MTTBCOP;;REGIAO;smallint;2;;;
MTTBCOP;;NUCLEO;smallint;2;;;
MTTBCOP;;CONTRATO;char;10;;;
MTTBCOP;;NUM_IMOVEL;int;4;;;
MTTBCOP;;ORG_PROCESSO;smallint;2;;;
MTTBCOP;;NUM_PROCESSO;int;4;;;
MTTBCOP;;ANO_PROCESSO;smallint;2;;;
MTTBCOP;;NUM_EDITAL;int;4;;;
MTTBCOP;;ANO_EDITAL;smallint;2;;;
MTTBCOP;;DTA_EDITAL;char;8;;;
MTTBCOP;;HAB_DTA_LIM;char;8;;;
MTTBCOP;;HAB_DTA_ENT;char;8;;;
MTTBCOP;;HAB_PMULTA;float;8;;;
MTTBCOP;;COD_DEST;int;4;;;
MTTBCOP;;SETOR_IMOVEL;int;4;;;
MTTBCOP;;VAL_INCORP;float;8;;;
MTTBCOP;;CONTR_BASE;char;10;;;
MTTBCRB;;CODEMP;smallint;2;;;
MTTBCRB;;REGIAO;smallint;2;;;
MTTBCRB;;NUCLEO;smallint;2;;;
MTTBCRB;;CONTRATO;char;10;;;
MTTBCRB;;REG_CUMULAT;char;1;;;
MTTBCRB;;DATA_REG;char;8;;;
MTTBCRB;;PERC_PAR_FMH;float;8;;;
MTTBCRB;;PERC_CST_CHB;float;8;;;
MTTBCRB;;PERC_CST_FMH;float;8;;;
MTTBCRB;;DATU_REG_CUMULAT;char;1;;;
MTTBCRB;;DATU_DATA_REG;char;8;;;
MTTBCRB;;DATU_PERC_PAR_FMH;float;8;;;
MTTBCRB;;DATU_PERC_CST_CHB;float;8;;;
MTTBCRB;;DATU_PERC_CST_FMH;float;8;;;
MTTBCRB;;DATA_INC;char;8;;;
MTTBCRB;;DATA_ATUAL;char;8;;;
MTTBCRF;;CODEMP;smallint;2;;;
MTTBCRF;;REGIAO;smallint;2;;;
MTTBCRF;;NUCLEO;smallint;2;;;
MTTBCRF;;CONTRATO;char;10;;;
MTTBCRF;;REG_CUMULAT;char;1;;;
MTTBCRF;;DATA_REG;char;8;;;
MTTBCRF;;PERC_PAR_FMH;float;8;;;
MTTBCRF;;PERC_CST_CHB;float;8;;;
MTTBCRF;;PERC_CST_FMH;float;8;;;
MTTBCRF;;DATU_REG_CUMULAT;char;1;;;
MTTBCRF;;DATU_DATA_REG;char;8;;;
MTTBCRF;;DATU_PERC_PAR_FMH;float;8;;;
MTTBCRF;;DATU_PERC_CST_CHB;float;8;;;
MTTBCRF;;DATU_PERC_CST_FMH;float;8;;;
MTTBCRF;;DATA_INC;char;8;;;
MTTBCRF;;DATA_ATUAL;char;8;;;
MTTBCSA;;CODEMP;smallint;2;;;
MTTBCSA;;REGIAO;smallint;2;;;
MTTBCSA;;NUCLEO;smallint;2;;;
MTTBCSA;;CONTRATO;char;10;;;
MTTBCSA;;LOTE;int;4;;;
MTTBCSA;;SEQUENCIA;int;4;;;
MTTBCSA;;COD_BANCO;int;4;;;
MTTBCSA;;COD_AGENCIA;int;4;;;
MTTBCSA;;TIPO_ARREC;smallint;2;;;
MTTBCSA;;COD_ARREC;char;1;;;
MTTBCSA;;TIPO_MOV;int;4;;;
MTTBCSA;;ANO_VENC;char;4;;;
MTTBCSA;;AAMM_VENC;char;6;;;
MTTBCSA;;DATA_VENC;char;8;;;
MTTBCSA;;NUM_PREST;smallint;2;;;
MTTBCSA;;ANO_PAGTO;char;4;;;
MTTBCSA;;AAMM_PAGTO;char;6;;;
MTTBCSA;;ANO_CTB;char;4;;;
MTTBCSA;;AAMM_CTB;char;6;;;
MTTBCSA;;VALOR_PAGTO;float;8;;;
MTTBCSA;;VLR_ATU_MON;float;8;;;
MTTBCSA;;VALOR_MORA;float;8;;;
MTTBCSA;;DIF_ENC;float;8;;;
MTTBCSA;;DIF_MORA;float;8;;;
MTTBCSA;;MORA_DISPENS;float;8;;;
MTTBCSA;;DESC_MORA;float;8;;;
MTTBCSA;;DESC_ATR_MON;float;8;;;
MTTBCSA;;RECUR_FGTS;float;8;;;
MTTBCSA;;RECUR_OUTROS;float;8;;;
MTTBCSA;;ACORDO;float;8;;;
MTTBCSA;;PEND_MANUAL;float;8;;;
MTTBCSA;;ACERTO_FIN;float;8;;;
MTTBCSA;;TXA_COB;float;8;;;
MTTBCSA;;USUARIO;char;8;;;
MTTBCSA;;SEQ_REC;char;8;;;
MTTBCSG;;CODEMP;smallint;2;;;
MTTBCSG;;REGIAO;smallint;2;;;
MTTBCSG;;NUCLEO;smallint;2;;;
MTTBCSG;;CONTRATO;char;10;;;
MTTBCSG;;FILIAL;smallint;2;;;
MTTBCSG;;DTA_CALC;char;8;;;
MTTBCSG;;DTA_FECH_CTB;char;8;;;
MTTBCSG;;DATA_GERACAO;char;8;;;
MTTBCSG;;ADQ1_CPFCGC;char;14;;;
MTTBCSG;;ADQ1_FISJUR;smallint;2;;;
MTTBCSG;;ADQ1_PART;float;8;;;
MTTBCSG;;ADQ1_NOME;char;35;;;
MTTBCSG;;ADQ1_DT_NASC;char;8;;;
MTTBCSG;;ADQ1_ID;char;18;;;
MTTBCSG;;ADQ1_ORG_ID;char;3;;;
MTTBCSG;;ADQ1_UF_ID;char;2;;;
MTTBCSG;;ADQ1_CODNAC;smallint;2;;;
MTTBCSG;;ADQ1_ESTCIV;smallint;2;;;
MTTBCSG;;ADQ1_NOMECNJ;char;35;;;
MTTBCSG;;ADQ1_DATCNJ;char;8;;;
MTTBCSG;;ADQ2_CPF;char;11;;;
MTTBCSG;;ADQ2_PART;float;8;;;
MTTBCSG;;ADQ2_NOME;char;35;;;
MTTBCSG;;ADQ2_DT_NASC;char;8;;;
MTTBCSG;;ADQ2_ID;char;18;;;
MTTBCSG;;ADQ2_ORG_ID;char;3;;;
MTTBCSG;;ADQ2_UF_ID;char;2;;;
MTTBCSG;;ADQ2_CODNAC;smallint;2;;;
MTTBCSG;;ADQ2_ESTCIV;smallint;2;;;
MTTBCSG;;ADQ2_NOMECNJ;char;35;;;
MTTBCSG;;ADQ2_DATCNJ;char;8;;;
MTTBCSG;;ADQ3_CPF;char;11;;;
MTTBCSG;;ADQ3_PART;float;8;;;
MTTBCSG;;ADQ3_NOME;char;35;;;
MTTBCSG;;ADQ3_DT_NASC;char;8;;;
MTTBCSG;;ADQ3_ID;char;18;;;
MTTBCSG;;ADQ3_ORG_ID;char;3;;;
MTTBCSG;;ADQ3_UF_ID;char;2;;;
MTTBCSG;;ADQ3_CODNAC;smallint;2;;;
MTTBCSG;;ADQ3_ESTCIV;smallint;2;;;
MTTBCSG;;ADQ3_NOMECNJ;char;35;;;
MTTBCSG;;ADQ3_DATCNJ;char;8;;;
MTTBCSG;;ADQ4_CPF;char;11;;;
MTTBCSG;;ADQ4_PART;float;8;;;
MTTBCSG;;ADQ4_NOME;char;35;;;
MTTBCSG;;ADQ4_DT_NASC;char;8;;;
MTTBCSG;;ADQ4_ID;char;18;;;
MTTBCSG;;ADQ4_ORG_ID;char;3;;;
MTTBCSG;;ADQ4_UF_ID;char;2;;;
MTTBCSG;;ADQ4_CODNAC;smallint;2;;;
MTTBCSG;;ADQ4_ESTCIV;smallint;2;;;
MTTBCSG;;ADQ4_NOMECNJ;char;35;;;
MTTBCSG;;ADQ4_DATCNJ;char;8;;;
MTTBCSG;;ADQA1_CPFCGC;char;14;;;
MTTBCSG;;ADQA1_FISJUR;smallint;2;;;
MTTBCSG;;ADQA1_PART;float;8;;;
MTTBCSG;;ADQA1_NOME;char;35;;;
MTTBCSG;;ADQA1_DT_NAS;char;8;;;
MTTBCSG;;ADQA1_ID;char;18;;;
MTTBCSG;;ADQA1_ORG_ID;char;3;;;
MTTBCSG;;ADQA1_UF_ID;char;2;;;
MTTBCSG;;ADQA1_CODNAC;smallint;2;;;
MTTBCSG;;ADQA1_ESTCIV;smallint;2;;;
MTTBCSG;;ADQA1_NOMCNJ;char;35;;;
MTTBCSG;;ADQA1_DATCNJ;char;8;;;
MTTBCSG;;ADQA2_CPF;char;11;;;
MTTBCSG;;ADQA2_PART;float;8;;;
MTTBCSG;;ADQA2_DT_NAS;char;8;;;
MTTBCSG;;ADQA2_ID;char;18;;;
MTTBCSG;;ADQA2_ORG_ID;char;3;;;
MTTBCSG;;ADQA2_UF_ID;char;2;;;
MTTBCSG;;ADQA2_CODNAC;smallint;2;;;
MTTBCSG;;ADQA2_ESTCIV;smallint;2;;;
MTTBCSG;;ADQA2_NOMCNJ;char;35;;;
MTTBCSG;;ADQA2_DATCNJ;char;8;;;
MTTBCSG;;ADQA2_NOME;char;35;;;
MTTBCSG;;ADQA3_CPF;char;11;;;
MTTBCSG;;ADQA3_PART;float;8;;;
MTTBCSG;;ADQA3_NOME;char;35;;;
MTTBCSG;;ADQA3_DT_NAS;char;8;;;
MTTBCSG;;ADQA3_ID;char;18;;;
MTTBCSG;;ADQA3_ORG_ID;char;3;;;
MTTBCSG;;ADQA3_UF_ID;char;2;;;
MTTBCSG;;ADQA3_CODNAC;smallint;2;;;
MTTBCSG;;ADQA3_ESTCIV;smallint;2;;;
MTTBCSG;;ADQA3_NOMCNJ;char;35;;;
MTTBCSG;;ADQA3_DATCNJ;char;8;;;
MTTBCSG;;ADQA4_CPF;char;11;;;
MTTBCSG;;ADQA4_PART;float;8;;;
MTTBCSG;;ADQA4_NOME;char;35;;;
MTTBCSG;;ADQA4_DT_NAS;char;8;;;
MTTBCSG;;ADQA4_ID;char;18;;;
MTTBCSG;;ADQA4_ORG_ID;char;3;;;
MTTBCSG;;ADQA4_UF_ID;char;2;;;
MTTBCSG;;ADQA4_CODNAC;smallint;2;;;
MTTBCSG;;ADQA4_ESTCIV;smallint;2;;;
MTTBCSG;;ADQA4_NOMCNJ;char;35;;;
MTTBCSG;;ADQA4_DATCNJ;char;8;;;
MTTBCSG;;ENDC_END;char;45;;;
MTTBCSG;;ENDC_COMPL;char;15;;;
MTTBCSG;;ENDC_BAIRRO;char;15;;;
MTTBCSG;;ENDC_CIDADE;char;15;;;
MTTBCSG;;ENDC_ESTADO;char;2;;;
MTTBCSG;;ENDC_CODCEP;int;4;;;
MTTBCSG;;ENDC_SUFCEP;smallint;2;;;
MTTBCSG;;ENDC_DDDFONE;smallint;2;;;
MTTBCSG;;ENDC_NUMFONE;int;4;;;
MTTBCSG;;ENDC_RAMFONE;int;4;;;
MTTBCSG;;ENDC_DDD_FAX;int;4;;;
MTTBCSG;;ENDC_NUM_FAX;int;4;;;
MTTBCSG;;ENDC_COB_BCO;smallint;2;;;
MTTBCSG;;DATACONTR;char;8;;;
MTTBCSG;;PLANO;smallint;2;;;
MTTBCSG;;TIPO_REAJ;char;10;;;
MTTBCSG;;PRAZO;smallint;2;;;
MTTBCSG;;MES_REAJ;smallint;2;;;
MTTBCSG;;FX_FINANC;smallint;2;;;
MTTBCSG;;TP_CALC_MORA;smallint;2;;;
MTTBCSG;;PREST_EMI;smallint;2;;;
MTTBCSG;;PREST_PAG;smallint;2;;;
MTTBCSG;;TX_JUROS;float;8;;;
MTTBCSG;;COB_FCVS;smallint;2;;;
MTTBCSG;;LINCRED;smallint;2;;;
MTTBCSG;;CTA_CTB_SLD;char;20;;;
MTTBCSG;;CTA_CTB_ENC;char;20;;;
MTTBCSG;;FLG_ATIV;smallint;2;;;
MTTBCSG;;CODIGO_SEG;smallint;2;;;
MTTBCSG;;PLANO_SEG;smallint;2;;;
MTTBCSG;;NUMERO_FIF;char;17;;;
MTTBCSG;;CES_COD_CP;int;4;;;
MTTBCSG;;CES_MES_DISS;smallint;2;;;
MTTBCSG;;CES_TIP_REAJ;smallint;2;;;
MTTBCSG;;AM_ENCER_PRV;char;6;;;
MTTBCSG;;DT_ENCER_PRV;char;8;;;
MTTBCSG;;AM_ENCER_REA;char;6;;;
MTTBCSG;;DT_ENCER_REA;char;8;;;
MTTBCSG;;CTR_STC_COD1;char;3;;;
MTTBCSG;;CTR_STC_DTA1;char;8;;;
MTTBCSG;;CTR_STC_COD2;char;3;;;
MTTBCSG;;CTR_STC_DTA2;char;8;;;
MTTBCSG;;CTR_STC_COD3;char;3;;;
MTTBCSG;;CTR_STC_DTA3;char;8;;;
MTTBCSG;;CTR_STC_COD4;char;3;;;
MTTBCSG;;CTR_STC_DTA4;char;8;;;
MTTBCSG;;CTR_STC_COD5;char;3;;;
MTTBCSG;;CTR_STC_DTA5;char;8;;;
MTTBCSG;;IMO_END;char;45;;;
MTTBCSG;;IMO_COMPL;char;15;;;
MTTBCSG;;IMO_BAIRRO;char;15;;;
MTTBCSG;;IMO_CIDADE;char;15;;;
MTTBCSG;;IMO_ESTADO;char;2;;;
MTTBCSG;;IMO_CODCEP;int;4;;;
MTTBCSG;;IMO_SUFCEP;smallint;2;;;
MTTBCSG;;IMO_DDDFONE;smallint;2;;;
MTTBCSG;;IMO_NUMFONE;int;4;;;
MTTBCSG;;IMO_RAMFONE;smallint;2;;;
MTTBCSG;;IMO_QUADRA;char;7;;;
MTTBCSG;;IMO_LOTE;char;7;;;
MTTBCSG;;IMO_BLOCO;char;7;;;
MTTBCSG;;IMO_APTO;char;7;;;
MTTBCSG;;REG_GRUPO;smallint;2;;;
MTTBCSG;;NUC_GRUPO;smallint;2;;;
MTTBCSG;;CTR_GRUPO;char;10;;;
MTTBCSG;;CAD_CTR_VEL;char;12;;;
MTTBCSG;;CODIGOACORDO;int;4;;;
MTTBCSG;;DTULTPRTSEL;char;8;;;
MTTBCSG;;DTEXPCOBRANC;char;8;;;
MTTBCSG;;CODESCCOBR;int;4;;;
MTTBCSG;;FIN_LCOBR;smallint;2;;;
MTTBCSG;;CODMUN_BNH;int;4;;;
MTTBCSG;;SIT_CAD;smallint;2;;;
MTTBCSG;;AM_ULT_PAGA;char;6;;;
MTTBCSG;;NUM_ULT_PAGA;smallint;2;;;
MTTBCSG;;DT_PRI_ATS;char;8;;;
MTTBCSG;;AM_PRI_ATS;char;6;;;
MTTBCSG;;NUM_PRI_ATS;smallint;2;;;
MTTBCSG;;DT_ULT_ATS;char;8;;;
MTTBCSG;;AM_ULT_ATS;char;6;;;
MTTBCSG;;NUM_ULT_ATS;smallint;2;;;
MTTBCSG;;ATS_QTD_PRES;smallint;2;;;
MTTBCSG;;ATS_QTD_DIA;smallint;2;;;
MTTBCSG;;ATS_FX_PCB;smallint;2;;;
MTTBCSG;;ATS_FX_COB;smallint;2;;;
MTTBCSG;;ATS_CART_COB;smallint;2;;;
MTTBCSG;;ATS_VAL_AMJ;float;8;;;
MTTBCSG;;ATS_VAL_RAZ;float;8;;;
MTTBCSG;;ATS_VAL_JUR;float;8;;;
MTTBCSG;;ATS_VAL_TXA1;float;8;;;
MTTBCSG;;ATS_VAL_TXA2;float;8;;;
MTTBCSG;;ATS_VAL_TXA3;float;8;;;
MTTBCSG;;ATS_VAL_FCVS;float;8;;;
MTTBCSG;;ATS_VAL_CC;float;8;;;
MTTBCSG;;ATS_VAL_MORA;float;8;;;
MTTBCSG;;ATS_VAL_SUBS;float;8;;;
MTTBCSG;;ATS_VAL_OUTR;float;8;;;
MTTBCSG;;ATS_COT_FGTS;float;8;;;
MTTBCSG;;ATS_VAL_FGTS;float;8;;;
MTTBCSG;;ATS_SEG_MIP;float;8;;;
MTTBCSG;;ATS_SEG_CRED;float;8;;;
MTTBCSG;;ATS_SEG_DFI;float;8;;;
MTTBCSG;;ATS_VAL_ENC;float;8;;;
MTTBCSG;;ATS_ATU_MON;float;8;;;
MTTBCSG;;ATS_JUR_MORA;float;8;;;
MTTBCSG;;ATS_TOT_ONUS;float;8;;;
MTTBCSG;;ATS_TOTAL;float;8;;;
MTTBCSG;;SALDO_ATUAL;float;8;;;
MTTBCSG;;VAL_ENC_ATU;float;8;;;
MTTBCSG;;DAT_VENC_ATU;char;8;;;
MTTBCSG;;IND_REAJ;float;8;;;
MTTBCSG;;IND_CORR;float;8;;;
MTTBCSG;;CTB_SALD_ANT;float;8;;;
MTTBCSG;;CTB_SALD_ATU;float;8;;;
MTTBCSG;;CTB_97222_AN;float;8;;;
MTTBCSG;;CTB_97222_AT;float;8;;;
MTTBCSG;;CORR_INTEGR;float;8;;;
MTTBCSG;;CORR_PRORAT;float;8;;;
MTTBCSG;;CAN_QTD_PRES;smallint;2;;;
MTTBCSG;;CAN_QTD_DIA;smallint;2;;;
MTTBCSG;;CAN_FX_PCB;smallint;2;;;
MTTBCSG;;CAN_FX_COB;smallint;2;;;
MTTBCSG;;CAN_VAL_AMJ;float;8;;;
MTTBCSG;;CAN_VAL_RAZ;float;8;;;
MTTBCSG;;CAN_VAL_JUR;float;8;;;
MTTBCSG;;CAN_VAL_TXA1;float;8;;;
MTTBCSG;;CAN_VAL_TXA2;float;8;;;
MTTBCSG;;CAN_VAL_TXA3;float;8;;;
MTTBCSG;;CAN_VAL_FCVS;float;8;;;
MTTBCSG;;CAN_VAL_CC;float;8;;;
MTTBCSG;;CAN_VAL_MORA;float;8;;;
MTTBCSG;;CAN_VAL_SUBS;float;8;;;
MTTBCSG;;CAN_VAL_OUTR;float;8;;;
MTTBCSG;;CAN_COT_FGTS;float;8;;;
MTTBCSG;;CAN_VAL_FGTS;float;8;;;
MTTBCSG;;CAN_SEG_MIP;float;8;;;
MTTBCSG;;CAN_SEG_CRED;float;8;;;
MTTBCSG;;CAN_SEG_DFI;float;8;;;
MTTBCSG;;CAN_VAL_ENC;float;8;;;
MTTBCSG;;CAT_QTD_PRES;smallint;2;;;
MTTBCSG;;CAT_QTD_DIA;smallint;2;;;
MTTBCSG;;CAT_FX_PCB;smallint;2;;;
MTTBCSG;;CAT_FX_COB;smallint;2;;;
MTTBCSG;;CAT_VAL_AMJ;float;8;;;
MTTBCSG;;CAT_VAL_RAZ;float;8;;;
MTTBCSG;;CAT_VAL_JUR;float;8;;;
MTTBCSG;;CAT_VAL_TXA1;float;8;;;
MTTBCSG;;CAT_VAL_TXA2;float;8;;;
MTTBCSG;;CAT_VAL_TXA3;float;8;;;
MTTBCSG;;CAT_VAL_FCVS;float;8;;;
MTTBCSG;;CAT_VAL_CC;float;8;;;
MTTBCSG;;CAT_VAL_MORA;float;8;;;
MTTBCSG;;CAT_VAL_SUBS;float;8;;;
MTTBCSG;;CAT_VAL_OUTR;float;8;;;
MTTBCSG;;CAT_COT_FGTS;float;8;;;
MTTBCSG;;CAT_VAL_FGTS;float;8;;;
MTTBCSG;;CAT_SEG_MIP;float;8;;;
MTTBCSG;;CAT_SEG_CRED;float;8;;;
MTTBCSG;;CAT_SEG_DFI;float;8;;;
MTTBCSG;;CAT_VAL_ENC;float;8;;;
MTTBCSG;;EMI_QTD_PRES;smallint;2;;;
MTTBCSG;;EMI_QTD_DIA;smallint;2;;;
MTTBCSG;;EMI_FX_PCB;smallint;2;;;
MTTBCSG;;EMI_FX_COB;smallint;2;;;
MTTBCSG;;EMI_FX_VLENC;smallint;2;;;
MTTBCSG;;EMI_FX_UPF;float;8;;;
MTTBCSG;;EMI_VAL_AMJ;float;8;;;
MTTBCSG;;EMI_VAL_RAZ;float;8;;;
MTTBCSG;;EMI_VAL_JUR;float;8;;;
MTTBCSG;;EMI_VAL_TXA1;float;8;;;
MTTBCSG;;EMI_VAL_TXA2;float;8;;;
MTTBCSG;;EMI_VAL_TXA3;float;8;;;
MTTBCSG;;EMI_VAL_FCVS;float;8;;;
MTTBCSG;;EMI_VAL_CC;float;8;;;
MTTBCSG;;EMI_VAL_MORA;float;8;;;
MTTBCSG;;EMI_VAL_SUBS;float;8;;;
MTTBCSG;;EMI_VAL_OUTR;float;8;;;
MTTBCSG;;EMI_COT_FGTS;float;8;;;
MTTBCSG;;EMI_VAL_FGTS;float;8;;;
MTTBCSG;;EMI_SEG_MIP;float;8;;;
MTTBCSG;;EMI_SEG_CRED;float;8;;;
MTTBCSG;;EMI_SEG_DFI;float;8;;;
MTTBCSG;;EMI_VAL_ENC;float;8;;;
MTTBCSG;;EMI_CARNET;smallint;2;;;
MTTBCSG;;EMI_CARN_MOT;char;120;;;
MTTBCSG;;CTR_ALTER;smallint;2;;;
MTTBCSG;;FLG_SPC_ANT;smallint;2;;;
MTTBCSG;;FLG_SPC_ATU;smallint;2;;;
MTTBCSG;;FLG_ARR;smallint;2;;;
MTTBCSG;;FLG_LCT;smallint;2;;;
MTTBCSG;;FLG_SEG;smallint;2;;;
MTTBCSG;;FLG_EVM;smallint;2;;;
MTTBCSG;;FLG_HIS;smallint;2;;;
MTTBCSG;;FLG_CFG;smallint;2;;;
MTTBCSG;;FLG_CCC;smallint;2;;;
MTTBCSG;;FLG_REC;smallint;2;;;
MTTBCSG;;FLG_AUX1;smallint;2;;;
MTTBCSG;;FLG_AUX2;smallint;2;;;
MTTBCSG;;FLG_AUX3;smallint;2;;;
MTTBCSG;;ACCSEQ;char;17;;;
MTTBCSG;;SIT_CONT;smallint;2;;;
MTTBCSG;;COD_VAF;smallint;2;;;
MTTBCSG;;DIF_LIMINAR;float;8;;;
MTTBCSG;;DIF_DL2065;float;8;;;
MTTBCSG;;DIF_PREST;float;8;;;
MTTBCSG;;DIF_LA_SIN;float;8;;;
MTTBCSG;;DIF_OUTRAS;float;8;;;
MTTBCSG;;INT_RES01;smallint;2;;;
MTTBCSG;;INT_RES02;smallint;2;;;
MTTBCSG;;INT_RES03;smallint;2;;;
MTTBCSG;;DBL_RES01;float;8;;;
MTTBCSG;;DBL_RES02;float;8;;;
MTTBCSG;;DBL_RES03;float;8;;;
MTTBCSG;;STR_RES01;char;150;;;
MTTBCSG;;STR_RES02;char;150;;;
MTTBCSG;;STR_RES03;char;150;;;
MTTBCSI;;CODEMP;smallint;2;;;
MTTBCSI;;REGIAO;smallint;2;;;
MTTBCSI;;NUCLEO;smallint;2;;;
MTTBCSI;;CONTRATO;char;10;;;
MTTBCSI;;ANO_VENC;char;4;;;
MTTBCSI;;DATA_EVM;char;6;;;
MTTBCSI;;DATA_VENC;char;8;;;
MTTBCSI;;VAL_ENC;float;8;;;
MTTBCSI;;ATU_MONET;float;8;;;
MTTBCSI;;JUROS_MORA;float;8;;;
MTTBCSI;;TOTAL_ONUS;float;8;;;
MTTBCSI;;TOTAL_ATRS;float;8;;;
MTTBCSI;;DTA_PRT_SALT;char;6;;;
MTTBCSI;;QTQ_DIA_SALT;smallint;2;;;
MTTBCSI;;QTD_PRT_SALT;smallint;2;;;
MTTBCSL;;CODEMP;smallint;2;;;
MTTBCSL;;REGIAO;smallint;2;;;
MTTBCSL;;NUCLEO;smallint;2;;;
MTTBCSL;;CONTRATO;char;10;;;
MTTBCSL;;DATA_COMP;char;8;;;
MTTBCSL;;DATA_CONTAB;char;8;;;
MTTBCSL;;ANO_EVM;char;4;;;
MTTBCSL;;DATA_EVM;char;6;;;
MTTBCSL;;TIPO_MOVTO;smallint;2;;;
MTTBCSL;;SUB_TP_MOVTO;smallint;2;;;
MTTBCSL;;COD_TRANS;char;5;;;
MTTBCSL;;NATUREZA_SLD;char;1;;;
MTTBCSL;;NATUREZA_ENC;char;1;;;
MTTBCSL;;VALOR_SLD;float;8;;;
MTTBCSL;;VALOR_ENC;float;8;;;
MTTBCSL;;TIPO_LANC;char;1;;;
MTTBCSL;;VALOR_AUX1;float;8;;;
MTTBCSL;;VALOR_AUX2;float;8;;;
MTTBCSL;;CTA_CTB_SLD;char;20;;;
MTTBCSL;;CTA_CTB_ENC;char;20;;;
MTTBCSL;;VALOR_AUX3;float;8;;;
MTTBCSL;;VALOR_AUX4;float;8;;;
MTTBCSL;;SEQ_UNICO;smallint;2;;;
MTTBCSNG;;codigo;int;4;;;
MTTBCSNG;;descricao;text;16;;;
MTTBCSP;;CODEMP;smallint;2;;;
MTTBCSP;;SEQARQ;int;4;;;
MTTBCSP;;REGIAO;smallint;2;;;
MTTBCSP;;NUCLEO;smallint;2;;;
MTTBCSP;;CONTRATO;char;10;;;
MTTBCSP;;CPFCGC;char;14;;;
MTTBCSP;;NOME;char;35;;;
MTTBCSP;;DTNASC;char;10;;;
MTTBCSP;;DTCOMUNICA;char;8;;;
MTTBCSP;;DIASPENVIO;smallint;2;;;
MTTBCSP;;DTENVIO;char;8;;;
MTTBCSP;;DTEXCLMANUAL;char;8;;;
MTTBCSP;;MOTEXCMANUAL;char;255;;;
MTTBCSP;;DTEXCSISTEMA;char;8;;;
MTTBCSP;;DTINIATRASO;char;8;;;
MTTBCSP;;DTFIMATRASO;char;8;;;
MTTBCSP;;DTPAGDEBITO;char;8;;;
MTTBCSP;;QTPRTATRASO;smallint;2;;;
MTTBCSP;;VLPRTATRASO;float;8;;;
MTTBCSP;;DTNEGOCIACAO;char;8;;;
MTTBCSP;;STATUS;char;1;;;
MTTBCSP;;DTOCORRENCIA;char;8;;;
MTTBCSP;;OCORRENCIA;smallint;2;;;
MTTBCSP;;USR_INC;char;8;;;
MTTBCSP;;DATA_INC;char;8;;;
MTTBCSP;;HORA_INC;char;8;;;
MTTBCSP;;USR_ALT;char;8;;;
MTTBCSP;;DATA_ALT;char;8;;;
MTTBCSP;;HORA_ALT;char;8;;;
MTTBCSVR;;codigo;smallint;2;;;
MTTBCSVR;;servico;varchar;50;;;
MTTBCSVR;;caminho_api;varchar;-1;;;
MTTBCSVR;;parametros_api;varchar;-1;;;
MTTBCSVR;;caminho_front;varchar;-1;;;
MTTBCSVR;;fluxo;smallint;2;;;
MTTBCTA;;CodEmp;smallint;2;;;
MTTBCTA;;Conta;char;20;;;
MTTBCTA;;Titulo;char;50;;;
MTTBCTA;;Cosif;char;8;;;
MTTBCTA;;Qtd_Ref;int;4;;;
MTTBCTB;;CodEmp;smallint;2;;;
MTTBCTB;;Codigo;char;6;;;
MTTBCTB;;CodHis;smallint;2;;;
MTTBCTB;;CodHisExc;smallint;2;;;
MTTBCTB;;Juncao;smallint;2;;;
MTTBCTB;;SldDeb;char;3;;;
MTTBCTB;;SldCre;char;3;;;
MTTBCTB;;CorDeb;char;3;;;
MTTBCTB;;CorCre;char;3;;;
MTTBCTB;;AmoDeb;char;3;;;
MTTBCTB;;AmoCre;char;3;;;
MTTBCTB;;JurDeb;char;3;;;
MTTBCTB;;JurCre;char;3;;;
MTTBCTB;;TaxDeb;char;3;;;
MTTBCTB;;TaxCre;char;3;;;
MTTBCTB;;SegDeb;char;3;;;
MTTBCTB;;SegCre;char;3;;;
MTTBCTB;;FcvDeb;char;3;;;
MTTBCTB;;FcvCre;char;3;;;
MTTBCTB;;FgtDeb;char;3;;;
MTTBCTB;;FgtCre;char;3;;;
MTTBCTB;;SubDeb;char;3;;;
MTTBCTB;;SubCre;char;3;;;
MTTBCTB;;CcoDeb;char;3;;;
MTTBCTB;;CcoCre;char;3;;;
MTTBCTB;;DesDeb;char;3;;;
MTTBCTB;;DesCre;char;3;;;
MTTBCTB;;JrcDeb;char;3;;;
MTTBCTB;;JrcCre;char;3;;;
MTTBCTB;;AtmDeb;char;3;;;
MTTBCTB;;AtmCre;char;3;;;
MTTBCTB;;MulDeb;char;3;;;
MTTBCTB;;MulCre;char;3;;;
MTTBCTB;;MorDeb;char;3;;;
MTTBCTB;;MorCre;char;3;;;
MTTBCTB;;DifDeb;char;3;;;
MTTBCTB;;DifCre;char;3;;;
MTTBCTB;;DfmDeb;char;3;;;
MTTBCTB;;DfmCre;char;3;;;
MTTBCTB;;IofDeb;char;3;;;
MTTBCTB;;IofCre;char;3;;;
MTTBCTB;;TarDeb;char;3;;;
MTTBCTB;;TarCre;char;3;;;
MTTBCTB;;OutDeb;char;3;;;
MTTBCTB;;OutCre;char;3;;;
MTTBCTB;;Compl;char;6;;;
MTTBCTB;;DifJurMutDeb;char;3;;;
MTTBCTB;;DifJurMutCred;char;3;;;
MTTBCTB;;SubDifJurCefDeb;char;3;;;
MTTBCTB;;SubDifJurCefCred;char;3;;;
MTTBCTB;;SubTxAdmDeb;char;3;;;
MTTBCTB;;SubTxAdmCred;char;3;;;
MTTBCTB;;TxRiscoDeb;char;3;;;
MTTBCTB;;TxRiscoCred;char;3;;;
MTTBCTB;;Extra01Deb;char;3;;;
MTTBCTB;;Extra01Cred;char;3;;;
MTTBCTB;;Extra02Deb;char;3;;;
MTTBCTB;;Extra02Cred;char;3;;;
MTTBCTB;;Extra03Deb;char;3;;;
MTTBCTB;;Extra03Cred;char;3;;;
MTTBCTB;;Extra04Deb;char;3;;;
MTTBCTB;;Extra04Cred;char;3;;;
MTTBCTB;;Extra05Deb;char;3;;;
MTTBCTB;;Extra05Cred;char;3;;;
MTTBCTB;;Extra06Deb;char;3;;;
MTTBCTB;;Extra06Cred;char;3;;;
MTTBCTB;;Extra07Deb;char;3;;;
MTTBCTB;;Extra07Cred;char;3;;;
MTTBCTB;;Extra08Deb;char;3;;;
MTTBCTB;;Extra08Cred;char;3;;;
MTTBCTB;;Extra09Deb;char;3;;;
MTTBCTB;;Extra09Cred;char;3;;;
MTTBCTB;;Extra10Deb;char;3;;;
MTTBCTB;;Extra10Cred;char;3;;;
MTTBCTC;;CODEMP;smallint;2;;;
MTTBCTC;;GRUPO;smallint;2;;;
MTTBCTC;;CONTA;int;4;;;
MTTBCTC;;TITULO;char;50;;;
MTTBCTC;;COSIF;char;8;;;
MTTBCTC;;NATUREZA;smallint;2;;;
MTTBCTC;;TIPO;smallint;2;;;
MTTBCTC;;NIVEL;smallint;2;;;
MTTBCTC;;FUNCAO;smallint;2;;;
MTTBCTC;;CONTA_PAI;int;4;;;
MTTBCTC;;USUA_INC;char;8;;;
MTTBCTC;;DATA_INC;char;8;;;
MTTBCTC;;HORA_INC;char;8;;;
MTTBCTC;;USUA_ALT;char;8;;;
MTTBCTC;;DATA_ALT;char;8;;;
MTTBCTC;;HORA_ALT;char;8;;;
MTTBCTC;;QTD_REF;smallint;2;;;
MTTBCTF;;CODEMP;smallint;2;;;
MTTBCTF;;CODCTF;smallint;2;;;
MTTBCTF;;DESCRICAO;char;30;;;
MTTBCTF;;QTDREF;int;4;;;
MTTBCTG;;COD_CATEG;int;4;;;
MTTBCTG;;COMPL_CATEG;char;1;;;
MTTBCTG;;DESC_CATEG;char;250;;;
MTTBCTP;;CodEmp;smallint;2;;;
MTTBCTP;;CTR;char;7;;;
MTTBCTP;;ORDEM;char;1;;;
MTTBCTP;;REGIAO;smallint;2;;;
MTTBCTP;;NUCLEO;smallint;2;;;
MTTBCTP;;CONTRATO;char;10;;;
MTTBCTP;;ACCSEQ;char;18;;;
MTTBCTP;;DTA_INI;char;8;;;
MTTBCTP;;DTA_FIM;char;8;;;
MTTBCTP;;DESC_TIPO;smallint;2;;;
MTTBCTP;;DESC_PERC;float;8;;;
MTTBCTR;;CODEMP;smallint;2;;;
MTTBCTR;;IMOVEL_UNICO;int;4;;;
MTTBCTR;;CLIENTE_UNIC;int;4;;;
MTTBCTR;;CONTR_UNICO;int;4;;;
MTTBCTW;;Codemp;smallint;2;;;
MTTBCTW;;Regiao;smallint;2;;;
MTTBCTW;;Nucleo;smallint;2;;;
MTTBCTW;;Contrato;char;10;;;
MTTBCTW;;Adq1_CpfCgc;char;14;;;
MTTBCTW;;Adq1_Nome;char;35;;;
MTTBCTW;;Adq2_CpfCgc;char;14;;;
MTTBCTW;;Adq2_Nome;char;35;;;
MTTBCTW;;Adq3_CpfCgc;char;14;;;
MTTBCTW;;Adq3_Nome;char;35;;;
MTTBCTW;;Adq4_CpfCgc;char;14;;;
MTTBCTW;;Adq4_Nome;char;35;;;
MTTBCTW;;CadCtr;char;6;;;
MTTBCTW;;Indicador;smallint;2;;;
MTTBCTW;;CadCtrVelho;char;17;;;
MTTBCTW;;CadCtrAnt;char;7;;;
MTTBCTW;;CadCtrAntigo;char;17;;;
MTTBCTW;;CadCtrUnico;float;8;;;
MTTBCTW;;CadLcEntrega;smallint;2;;;
MTTBCTW;;CadEFunc;smallint;2;;;
MTTBCTW;;CadMatricula;char;9;;;
MTTBCTW;;CadCobTercei;smallint;2;;;
MTTBCTW;;CadCodTercei;smallint;2;;;
MTTBCTW;;CadCrScoSer;float;8;;;
MTTBCTW;;FinNTemDesc;smallint;2;;;
MTTBCTW;;DtApuraSorte;char;8;;;
MTTBCTW;;DtSorteio;char;8;;;
MTTBCTW;;CadNumSorte1;char;7;;;
MTTBCTW;;CadNumSorte2;char;7;;;
MTTBCTW;;IndicFiscal;char;25;;;
MTTBCTW;;RegGrupo;smallint;2;;;
MTTBCTW;;NucGrupo;smallint;2;;;
MTTBCTW;;CtrGrupo;char;10;;;
MTTBCTW;;CpfCgcGrupo;char;14;;;
MTTBCTW;;NomeGrupo;char;40;;;
MTTBCTW;;ChImvCodImv;char;10;;;
MTTBCTW;;Quadra;char;7;;;
MTTBCTW;;Lote;char;7;;;
MTTBCTW;;Bloco;char;7;;;
MTTBCTW;;Apto;char;7;;;
MTTBCTW;;CodigoAcordo;int;4;;;
MTTBCTW;;DtUltPrtSel;char;8;;;
MTTBCTW;;DtExpCobranc;char;8;;;
MTTBCTW;;CodEscCobr;int;4;;;
MTTBCTW;;DtUltPrtPag;char;8;;;
MTTBCTW;;FIN_LCOBR;smallint;2;;;
MTTBCTZ;;CODEMP;smallint;2;;;
MTTBCTZ;;CODTRZ;smallint;2;;;
MTTBCTZ;;NOME;char;50;;;
MTTBCTZ;;ENDERECO;char;30;;;
MTTBCTZ;;COMPLEMENTO;char;15;;;
MTTBCTZ;;BAIRRO;char;15;;;
MTTBCTZ;;CIDADE;char;15;;;
MTTBCTZ;;ESTADO;char;2;;;
MTTBCTZ;;CEP;int;4;;;
MTTBCTZ;;SUFCEP;smallint;2;;;
MTTBCTZ;;DDDTEL;int;4;;;
MTTBCTZ;;NUMTEL;char;11;;;
MTTBCTZ;;DDDFAX;int;4;;;
MTTBCTZ;;NUMFAX;char;11;;;
MTTBCTZ;;QTDPINICIAL;smallint;2;;;
MTTBCTZ;;QTDPFINAL;smallint;2;;;
MTTBCTZ;;EMAIL;char;60;;;
MTTBCTZ;;PERCENTUAL;float;8;;;
MTTBCTZ;;PERC_PRINC;float;8;;;
MTTBCTZ;;PERC_ACORDO;float;8;;;
MTTBCTZ;;PERC_AVISTA;float;8;;;
MTTBCTZ;;TX_FICHA;float;8;;;
MTTBCVD;;CODEMP;smallint;2;;;
MTTBCVD;;REGIAO;smallint;2;;;
MTTBCVD;;NUCLEO;smallint;2;;;
MTTBCVD;;CONTRATO;char;10;;;
MTTBCVD;;TIPO;smallint;2;;;
MTTBCVD;;DATACONTR;char;8;;;
MTTBCVD;;DATA_CTB_INI;char;8;;;
MTTBCVD;;VAL_FIN;float;8;;;
MTTBCVD;;VAL_DIFERIDO;float;8;;;
MTTBCVD;;IND_APROP;float;8;;;
MTTBCVD;;LIN_CRED;smallint;2;;;
MTTBCVD;;TIPO_COR;char;3;;;
MTTBCVD;;TAXA_JUR;float;8;;;
MTTBCVD;;DATU_SAL_DIF;float;8;;;
MTTBCVD;;DATU_DTA_ULT;char;8;;;
MTTBCVD;;DATU_TOT_VAP;float;8;;;
MTTBCVD;;DATU_IND_APR;float;8;;;
MTTBCVD;;DATU_LIN_CRE;smallint;2;;;
MTTBCVD;;DATU_TIP_COR;char;3;;;
MTTBCVD;;DATU_TX_JUR;float;8;;;
MTTBCVD;;DATU_DIA_BAS;smallint;2;;;
MTTBCVD;;DATA_FINAL;char;8;;;
MTTBCVD;;DATA_CTB_FIN;char;8;;;
MTTBCVD;;USR_INC;char;8;;;
MTTBCVD;;DATA_INC;char;8;;;
MTTBCVD;;HORA_INC;char;8;;;
MTTBCVD;;USR_ALT;char;8;;;
MTTBCVD;;DATA_ALT;char;8;;;
MTTBCVD;;HORA_ALT;char;8;;;
MTTBCVX;;CODEMP;smallint;2;;;
MTTBCVX;;REGIAO;smallint;2;;;
MTTBCVX;;NUCLEO;smallint;2;;;
MTTBCVX;;CONTRATO;char;10;;;
MTTBCVX;;TIPO;smallint;2;;;
MTTBCVX;;DATACONTR;char;8;;;
MTTBCVX;;DATA_CTB_INI;char;8;;;
MTTBCVX;;VAL_FIN;float;8;;;
MTTBCVX;;VAL_DIFERIDO;float;8;;;
MTTBCVX;;IND_APROP;float;8;;;
MTTBCVX;;LIN_CRED;smallint;2;;;
MTTBCVX;;TIPO_COR;char;3;;;
MTTBCVX;;TAXA_JUR;float;8;;;
MTTBCVX;;DATU_SAL_DIF;float;8;;;
MTTBCVX;;DATU_DTA_ULT;char;8;;;
MTTBCVX;;DATU_TOT_VAP;float;8;;;
MTTBCVX;;DATU_IND_APR;float;8;;;
MTTBCVX;;DATU_LIN_CRE;smallint;2;;;
MTTBCVX;;DATU_TIP_COR;char;3;;;
MTTBCVX;;DATU_TX_JUR;float;8;;;
MTTBCVX;;DATU_DIA_BAS;smallint;2;;;
MTTBCVX;;DATA_FINAL;char;8;;;
MTTBCVX;;DATA_CTB_FIN;char;8;;;
MTTBCVX;;USR_INC;char;8;;;
MTTBCVX;;DATA_INC;char;8;;;
MTTBCVX;;HORA_INC;char;8;;;
MTTBCVX;;USR_ALT;char;8;;;
MTTBCVX;;DATA_ALT;char;8;;;
MTTBCVX;;HORA_ALT;char;8;;;
MTTBCXF;;CODEMP;smallint;2;;;
MTTBCXF;;REGIAO;smallint;2;;;
MTTBCXF;;NUCLEO;smallint;2;;;
MTTBCXF;;CONTRATO;char;10;;;
MTTBCXF;;TIPO;smallint;2;;;
MTTBCXF;;DATACONTR;char;8;;;
MTTBCXF;;DATA_CTB_INI;char;8;;;
MTTBCXF;;VAL_FIN;float;8;;;
MTTBCXF;;VAL_DIFERIDO;float;8;;;
MTTBCXF;;IND_APROP;float;8;;;
MTTBCXF;;LIN_CRED;smallint;2;;;
MTTBCXF;;TIPO_COR;char;3;;;
MTTBCXF;;TAXA_JUR;float;8;;;
MTTBCXF;;DATU_SAL_DIF;float;8;;;
MTTBCXF;;DATU_DTA_ULT;char;8;;;
MTTBCXF;;DATU_TOT_VAP;float;8;;;
MTTBCXF;;DATU_IND_APR;float;8;;;
MTTBCXF;;DATU_LIN_CRE;smallint;2;;;
MTTBCXF;;DATU_TIP_COR;char;3;;;
MTTBCXF;;DATU_TX_JUR;float;8;;;
MTTBCXF;;DATU_DIA_BAS;float;8;;;
MTTBCXF;;DATA_FINAL;char;8;;;
MTTBCXF;;DATA_CTB_FIN;char;8;;;
MTTBCXF;;USR_INC;char;8;;;
MTTBCXF;;DATA_INC;char;8;;;
MTTBCXF;;HORA_INC;char;8;;;
MTTBCXF;;USR_ALT;char;8;;;
MTTBCXF;;DATA_ALT;char;8;;;
MTTBCXF;;HORA_ALT;char;8;;;
MTTBDAC;;CODEMP;smallint;2;;;
MTTBDAC;;REGIAO;smallint;2;;;
MTTBDAC;;NUCLEO;smallint;2;;;
MTTBDAC;;CONTRATO;char;10;;;
MTTBDAC;;DATU_DTA_LEG;char;8;;;
MTTBDAC;;DATU_DTA_BAS;char;8;;;
MTTBDAC;;DATU_PRO_VEN;char;8;;;
MTTBDAC;;DATU_PRT_EMI;smallint;2;;;
MTTBDAC;;DATU_PRT_PAG;smallint;2;;;
MTTBDAC;;DATU_PLANO;smallint;2;;;
MTTBDAC;;DATU_PRAZO;smallint;2;;;
MTTBDAC;;DATU_TX_JUR;float;8;;;
MTTBDAC;;DATU_CES;float;8;;;
MTTBDAC;;DATU_FATORQ;float;8;;;
MTTBDAC;;DATU_SAL_DEV;float;8;;;
MTTBDAC;;DATU_VL_MERC;float;8;;;
MTTBDAC;;DATU_VL_AVAL;float;8;;;
MTTBDAC;;DATU_AJ;float;8;;;
MTTBDAC;;DATU_JUROS;float;8;;;
MTTBDAC;;DATU_COD_SEG;smallint;2;;;
MTTBDAC;;DATU_PLA_SEG;smallint;2;;;
MTTBDAC;;DATU_SG_MIP;float;8;;;
MTTBDAC;;DATU_SG_CRED;float;8;;;
MTTBDAC;;DATU_SG_DFI;float;8;;;
MTTBDAC;;DATU_COD_TX1;smallint;2;;;
MTTBDAC;;DATU_TAXA1;float;8;;;
MTTBDAC;;DATU_COD_TX2;smallint;2;;;
MTTBDAC;;DATU_TAXA2;float;8;;;
MTTBDAC;;DATU_COD_TX3;smallint;2;;;
MTTBDAC;;DATU_TAXA3;float;8;;;
MTTBDAC;;DATU_VL_FCVS;float;8;;;
MTTBDAC;;DATU_RAZAO;float;8;;;
MTTBDAC;;DATU_VL_EXT;float;8;;;
MTTBDAC;;DATU_VL_MORA;float;8;;;
MTTBDAC;;DATU_VL_SUBS;float;8;;;
MTTBDAC;;DATU_VL_OUTR;float;8;;;
MTTBDAC;;DATU_VL_FGTS;float;8;;;
MTTBDAC;;DATU_COD_CP;int;4;;;
MTTBDAC;;DATU_MES_DIS;smallint;2;;;
MTTBDAC;;DATU_TIP_REA;smallint;2;;;
MTTBDAC;;DATU_PERIOD;char;1;;;
MTTBDAC;;DATU_CGC_CP;char;14;;;
MTTBDAC;;CTR_COB_FCVS;smallint;2;;;
MTTBDAC;;CTR_MEN_FCVS;smallint;2;;;
MTTBDAC;;CTR_SIT_CONT;smallint;2;;;
MTTBDAC;;CTR_DTU_REAJ;char;8;;;
MTTBDAC;;CTR_DTP_REAJ;char;8;;;
MTTBDAC;;CTR_RET_REAJ;char;1;;;
MTTBDAC;;CTR_REAJ_ANT;float;8;;;
MTTBDAC;;CTR_DTU_CORR;char;8;;;
MTTBDAC;;CTR_DTP_CORR;char;8;;;
MTTBDAC;;CTR_CORR_SAL;float;8;;;
MTTBDAC;;CTR_STC_COD1;char;3;;;
MTTBDAC;;CTR_STC_DTA1;char;8;;;
MTTBDAC;;CTR_STC_COD2;char;3;;;
MTTBDAC;;CTR_STC_DTA2;char;8;;;
MTTBDAC;;CTR_STC_COD3;char;3;;;
MTTBDAC;;CTR_STC_COD4;char;3;;;
MTTBDAC;;CTR_STC_DTA4;char;8;;;
MTTBDAC;;CTR_STC_COD5;char;3;;;
MTTBDAC;;CTR_STC_DTA5;char;8;;;
MTTBDAC;;CTR_DTL_RETR;char;8;;;
MTTBDAC;;CTR_DTA_IMPL;char;8;;;
MTTBDAC;;CTR_COD_USR;char;8;;;
MTTBDAC;;CTR_ETP_SEG;smallint;2;;;
MTTBDAC;;CTR_FLG_LIM;smallint;2;;;
MTTBDAC;;CTR_FLG_2065;smallint;2;;;
MTTBDAC;;CTR_IND_2068;float;8;;;
MTTBDAC;;CTR_FLG_MCAT;smallint;2;;;
MTTBDAC;;CTR_FLG_ATIV;smallint;2;;;
MTTBDAC;;ACCSEQ;char;16;;;
MTTBDCB;;CODEMP;smallint;2;;;
MTTBDCB;;REGIAO;smallint;2;;;
MTTBDCB;;NUCLEO;smallint;2;;;
MTTBDCB;;CONTRATO;char;10;;;
MTTBDCB;;DATA_COMP;char;8;;;
MTTBDCB;;DATA_CONTAB;char;8;;;
MTTBDCB;;COD_TRANS;char;5;;;
MTTBDCB;;TIPO_LANC;char;1;;;
MTTBDCB;;DATA_EVENTO;char;8;;;
MTTBDCB;;VALOR_EVTCP;float;8;;;
MTTBDCB;;VALOR_EVTLP;float;8;;;
MTTBDCB;;CORR_PRT_EVT;float;8;;;
MTTBDCB;;JTP_ANT_CP;float;8;;;
MTTBDCB;;JTP_ANT_LP;float;8;;;
MTTBDCB;;JTP_ATU_CP;float;8;;;
MTTBDCB;;JTP_ATU_LP;float;8;;;
MTTBDCB;;JTP_NEGOC;float;8;;;
MTTBDCB;;CORR_JTP;float;8;;;
MTTBDCB;;RF_ATMCP;float;8;;;
MTTBDCB;;RF_ATMLP;float;8;;;
MTTBDCB;;RF_JMCP;float;8;;;
MTTBDCB;;RF_JMLP;float;8;;;
MTTBDCB;;RF_MULTACP;float;8;;;
MTTBDCB;;RF_MULTALP;float;8;;;
MTTBDCB;;RF_JTPPV_CP;float;8;;;
MTTBDCB;;RF_JTPPV_LP;float;8;;;
MTTBDCB;;RF_ATMPV_CP;float;8;;;
MTTBDCB;;RF_ATMPV_LP;float;8;;;
MTTBDCB;;RF_MONTCP;float;8;;;
MTTBDCB;;RF_MONTLP;float;8;;;
MTTBDCB;;RF_AMOR_CP;float;8;;;
MTTBDCB;;RF_AMOR_LP;float;8;;;
MTTBDCB;;RF_AMPAV_CP;float;8;;;
MTTBDCB;;RF_AMPAV_LP;float;8;;;
MTTBDCB;;QTDE_PATRASO;int;4;;;
MTTBDCB;;CAMPOEXT;char;12;;;
MTTBDCC;;CODEMP;smallint;2;;;
MTTBDCC;;DTA_MOV_CONT;char;8;;;
MTTBDCC;;REGIAO;smallint;2;;;
MTTBDCC;;NUCLEO;smallint;2;;;
MTTBDCC;;CONTRATO;char;10;;;
MTTBDCC;;FLG_FECH_MES;smallint;2;;;
MTTBDCC;;DTA_FECH_MES;char;8;;;
MTTBDCC;;DTA_MES_ANT;char;8;;;
MTTBDCC;;TPSALDO;char;1;;;
MTTBDCC;;SLD_CCC;float;8;;;
MTTBDCC;;PR_CM_DIA_SD;float;8;;;
MTTBDCC;;PR_CM_MES_SD;float;8;;;
MTTBDCC;;SALDO_D;float;8;;;
MTTBDCC;;VENCIDO;float;8;;;
MTTBDCC;;ONUS_ATRASO;float;8;;;
MTTBDCC;;SALDO_T;float;8;;;
MTTBDCC;;SLD_CCC_DB;float;8;;;
MTTBDCC;;PR_CM_DIA_DB;float;8;;;
MTTBDCC;;PR_CM_MES_DB;float;8;;;
MTTBDCC;;SALDO_DB_D;float;8;;;
MTTBDCC;;VENCIDO_DB;float;8;;;
MTTBDCC;;MORA_DB;float;8;;;
MTTBDCC;;ATUMON_DB;float;8;;;
MTTBDCC;;JURCON_DB;float;8;;;
MTTBDCC;;MULTA_DB;float;8;;;
MTTBDCC;;MORA_DB_D;float;8;;;
MTTBDCC;;ATMON_DB_D;float;8;;;
MTTBDCC;;JURCON_DB_D;float;8;;;
MTTBDCC;;MULTA_DB_D;float;8;;;
MTTBDCC;;SALDO_DB_T;float;8;;;
MTTBDCC;;SLD_CCC_CR;float;8;;;
MTTBDCC;;PR_CM_DIA_CR;float;8;;;
MTTBDCC;;PR_CM_MES_CR;float;8;;;
MTTBDCC;;SALDO_CR_D;float;8;;;
MTTBDCC;;VENCIDO_CR;float;8;;;
MTTBDCC;;SALDO_CR_T;float;8;;;
MTTBDCC;;TPACERTO;char;1;;;
MTTBDCC;;ACERTOS;float;8;;;
MTTBDCC;;USU_INCL;char;8;;;
MTTBDCC;;DATA_INCL;char;8;;;
MTTBDCC;;HORA_INCL;char;8;;;
MTTBDCD;;CODEMP;smallint;2;;;
MTTBDCD;;DTA_MOV_CONT;char;8;;;
MTTBDCD;;REGIAO;smallint;2;;;
MTTBDCD;;NUCLEO;smallint;2;;;
MTTBDCD;;CONTRATO;char;10;;;
MTTBDCD;;FLG_MOVT_CTB;smallint;2;;;
MTTBDCD;;DTA_MOV_ANT;char;8;;;
MTTBDCD;;CGC_CPF;char;14;;;
MTTBDCD;;LIN_CRED;smallint;2;;;
MTTBDCD;;ORIG_FIN;smallint;2;;;
MTTBDCD;;CTB_CONTA;char;20;;;
MTTBDCD;;SIT_CONTR;smallint;2;;;
MTTBDCD;;TIPO_SALDO;char;1;;;
MTTBDCD;;SALDO_DC;char;1;;;
MTTBDCD;;TIPOFIN;smallint;2;;;
MTTBDCD;;TIPO_OPER;char;1;;;
MTTBDCD;;CTR_FLG_ATIV;smallint;2;;;
MTTBDCD;;DTA_NIV_RISC;char;8;;;
MTTBDCD;;FX_CBP;smallint;2;;;
MTTBDCD;;NIVEL_RISCO;smallint;2;;;
MTTBDCD;;IND_NIV_RISC;float;8;;;
MTTBDCD;;NIVEL_RISINF;smallint;2;;;
MTTBDCD;;COB_FCVS;char;1;;;
MTTBDCD;;FLG_SIFCVS;char;1;;;
MTTBDCD;;PRAZO;smallint;2;;;
MTTBDCD;;PRAZO_REM;smallint;2;;;
MTTBDCD;;TX_JUROS;float;8;;;
MTTBDCD;;DATA_INI;char;8;;;
MTTBDCD;;DTA_FIM_PRES;char;8;;;
MTTBDCD;;DTA_FIM_CORR;char;8;;;
MTTBDCD;;DIA_VENC;char;2;;;
MTTBDCD;;DIA_CORR;char;2;;;
MTTBDCD;;ORI_REC_TIPO;smallint;2;;;
MTTBDCD;;PART_CEF;float;8;;;
MTTBDCD;;CTR_STC_COD1;char;3;;;
MTTBDCD;;CTR_STC_COD2;char;3;;;
MTTBDCD;;CTR_STC_COD3;char;3;;;
MTTBDCD;;CTR_STC_COD4;char;3;;;
MTTBDCD;;CTR_STC_COD5;char;3;;;
MTTBDCD;;VAL_ENC_0398;float;8;;;
MTTBDCD;;SALDO_PDD;float;8;;;
MTTBDCD;;SALDO_PDD_D;float;8;;;
MTTBDCD;;SALDO_PDD_IN;float;8;;;
MTTBDCD;;SLD_PDD_IN_D;float;8;;;
MTTBDCD;;FLG_TEM_DSD;smallint;2;;;
MTTBDCD;;FLG_TEM_DER;smallint;2;;;
MTTBDCD;;FLG_TEM_DCC;smallint;2;;;
MTTBDCD;;FLG_TEM_DFG;smallint;2;;;
MTTBDCD;;FLG_TEM_DVD;smallint;2;;;
MTTBDCD;;FLG_TEM_DGR;smallint;2;;;
MTTBDCD;;FLG_TEM_DPL;smallint;2;;;
MTTBDCD;;RES_LNG1;int;4;;;
MTTBDCD;;RES_LNG2;int;4;;;
MTTBDCD;;RES_LNG3;int;4;;;
MTTBDCD;;RES_STR1;char;100;;;
MTTBDCD;;RES_STR2;char;100;;;
MTTBDCD;;RES_STR3;char;100;;;
MTTBDCD;;RES_DBL1;float;8;;;
MTTBDCD;;RES_DBL2;float;8;;;
MTTBDCD;;RES_DBL3;float;8;;;
MTTBDCD;;USU_INCL;char;8;;;
MTTBDCD;;DATA_INCL;char;8;;;
MTTBDCD;;HORA_INCL;char;8;;;
MTTBDDC;;COD_CAMPANHA;smallint;2;;;
MTTBDDC;;CODEMP;smallint;2;;;
MTTBDDC;;REGIAO;smallint;2;;;
MTTBDDC;;NUCLEO;smallint;2;;;
MTTBDDC;;CONTRATO;char;10;;;
MTTBDDC;;ENV_ID_CONVO;smallint;2;;;
MTTBDDC;;SEQ_LINHA;smallint;2;;;
MTTBDDC;;LINHA_IMP;char;1000;;;
MTTBDEP;;CODEMP;smallint;2;;;
MTTBDEP;;CLIENTE_UNIC;int;4;;;
MTTBDEP;;NOME_DEP;char;40;;;
MTTBDEP;;CODSEX;smallint;2;;;
MTTBDEP;;DTA_NASC;char;8;;;
MTTBDEP;;RELAC_DEP;smallint;2;;;
MTTBDEP;;FLG_ESTUDA;smallint;2;;;
MTTBDEP;;ESCOLARIDADE;smallint;2;;;
MTTBDEP;;RENDA;float;8;;;
MTTBDEP;;DTA_RENDA;char;8;;;
MTTBDEP;;TIPO_RENDA;smallint;2;;;
MTTBDEP;;FLG_DEFIC;smallint;2;;;
MTTBDEP;;OBS_DEFIC;char;200;;;
MTTBDEP;;SEQ;int;4;;;
MTTBDER;;CODEMP;smallint;2;;;
MTTBDER;;DTA_MOV_CONT;char;8;;;
MTTBDER;;REGIAO;smallint;2;;;
MTTBDER;;NUCLEO;smallint;2;;;
MTTBDER;;CONTRATO;char;10;;;
MTTBDER;;FLG_FECH_PER;smallint;2;;;
MTTBDER;;DTA_FECH_PER;char;8;;;
MTTBDER;;FLG_EVM_GER;smallint;2;;;
MTTBDER;;DTA_PER_ANT;char;8;;;
MTTBDER;;DTA_PRIM_AB;char;8;;;
MTTBDER;;QTD_DIAS;int;4;;;
MTTBDER;;QTD_PRT_AB;smallint;2;;;
MTTBDER;;ENC_TOTAL;float;8;;;
MTTBDER;;ENC_AMORT;float;8;;;
MTTBDER;;ENC_JUROS;float;8;;;
MTTBDER;;ENC_TAXAS;float;8;;;
MTTBDER;;ENC_TAXA1;float;8;;;
MTTBDER;;ENC_TAXA2;float;8;;;
MTTBDER;;ENC_TAXA3;float;8;;;
MTTBDER;;ENC_FCVS;float;8;;;
MTTBDER;;ENC_SEGS;float;8;;;
MTTBDER;;ENC_SEG_MIP;float;8;;;
MTTBDER;;ENC_SEG_CRED;float;8;;;
MTTBDER;;ENC_SEG_DFI;float;8;;;
MTTBDER;;ENC_FGTS;float;8;;;
MTTBDER;;ENC_SUBS;float;8;;;
MTTBDER;;PRV_SLD_TEOR;float;8;;;
MTTBDER;;PRV_VAL_AMJ;float;8;;;
MTTBDER;;PRV_VAL_JUR;float;8;;;
MTTBDER;;PRV_VAL_TXA1;float;8;;;
MTTBDER;;PRV_VAL_TXA2;float;8;;;
MTTBDER;;PRV_VAL_TXA3;float;8;;;
MTTBDER;;PRO_JR;float;8;;;
MTTBDER;;PRO_TX;float;8;;;
MTTBDER;;PRO_TX1;float;8;;;
MTTBDER;;PRO_TX2;float;8;;;
MTTBDER;;PRO_TX3;float;8;;;
MTTBDER;;PRO_JR_D;float;8;;;
MTTBDER;;PRO_TX_D;float;8;;;
MTTBDER;;PRO_TX1_D;float;8;;;
MTTBDER;;PRO_TX2_D;float;8;;;
MTTBDER;;PRO_TX3_D;float;8;;;
MTTBDER;;PROV_MORA;float;8;;;
MTTBDER;;PROV_ATUMON;float;8;;;
MTTBDER;;PROV_JURCON;float;8;;;
MTTBDER;;PROV_MULTA;float;8;;;
MTTBDER;;PROV_MORA_D;float;8;;;
MTTBDER;;PROV_ATMON_D;float;8;;;
MTTBDER;;PROV_JRCON_D;float;8;;;
MTTBDER;;PROV_MULTA_D;float;8;;;
MTTBDER;;AJUS_MORA;float;8;;;
MTTBDER;;AJUS_ATUMON;float;8;;;
MTTBDER;;AJUS_JURCON;float;8;;;
MTTBDER;;AJUS_MULTA;float;8;;;
MTTBDER;;QTD_ATRPR_AB;smallint;2;;;
MTTBDER;;ENC_ATRASO;float;8;;;
MTTBDER;;ENC_ATRAMORT;float;8;;;
MTTBDER;;ENC_ATRJUROS;float;8;;;
MTTBDER;;ENC_ATRTAXAS;float;8;;;
MTTBDER;;ENC_ATRTAXA1;float;8;;;
MTTBDER;;ENC_ATRTAXA2;float;8;;;
MTTBDER;;ENC_ATRTAXA3;float;8;;;
MTTBDER;;ENC_ATRFCVS;float;8;;;
MTTBDER;;ENC_ATRSEGS;float;8;;;
MTTBDER;;ENC_ATRSEGM;float;8;;;
MTTBDER;;ENC_ATRSEGC;float;8;;;
MTTBDER;;ENC_ATRSEGD;float;8;;;
MTTBDER;;ENC_ATRFGTS;float;8;;;
MTTBDER;;ENC_ATRSUBS;float;8;;;
MTTBDER;;PROV_MORA_AT;float;8;;;
MTTBDER;;PROV_ATUM_AT;float;8;;;
MTTBDER;;PROV_JURC_AT;float;8;;;
MTTBDER;;PROV_MULT_AT;float;8;;;
MTTBDER;;PRO_MOR_AT_D;float;8;;;
MTTBDER;;PRO_ATM_AT_D;float;8;;;
MTTBDER;;PRO_JRC_AT_D;float;8;;;
MTTBDER;;PRO_MUL_AT_D;float;8;;;
MTTBDER;;AJUS_MORA_AT;float;8;;;
MTTBDER;;AJUS_ATUM_AT;float;8;;;
MTTBDER;;AJUS_JURC_AT;float;8;;;
MTTBDER;;AJUS_MULT_AT;float;8;;;
MTTBDER;;PRV_DTA_VENC;char;8;;;
MTTBDER;;PRV_LANC_ENC;char;8;;;
MTTBDER;;PRV_LANC_ATR;char;8;;;
MTTBDER;;PRV_TOTAL;float;8;;;
MTTBDER;;PRV_AMORT;float;8;;;
MTTBDER;;PRV_JUROS;float;8;;;
MTTBDER;;PRV_TAXAS;float;8;;;
MTTBDER;;PRV_TAXA1;float;8;;;
MTTBDER;;PRV_TAXA2;float;8;;;
MTTBDER;;PRV_TAXA3;float;8;;;
MTTBDER;;PRV_FCVS;float;8;;;
MTTBDER;;PRV_SEGS;float;8;;;
MTTBDER;;PRV_SEGM;float;8;;;
MTTBDER;;PRV_SEGC;float;8;;;
MTTBDER;;PRV_SEGD;float;8;;;
MTTBDER;;PRV_FGTS;float;8;;;
MTTBDER;;PRV_SUBS;float;8;;;
MTTBDER;;RAP_JUROS;float;8;;;
MTTBDER;;RAP_JUROS_D;float;8;;;
MTTBDER;;RAP_TAXAS;float;8;;;
MTTBDER;;RAP_TAXAS_D;float;8;;;
MTTBDER;;RAP_FCVS;float;8;;;
MTTBDER;;RAP_FCVS_D;float;8;;;
MTTBDER;;RAP_SEGS;float;8;;;
MTTBDER;;RAP_SEGS_D;float;8;;;
MTTBDER;;VENC_ATE14;float;8;;;
MTTBDER;;VENC_ATE30;float;8;;;
MTTBDER;;VENC_ATE60;float;8;;;
MTTBDER;;VENC_ATE90;float;8;;;
MTTBDER;;VENC_ATE120;float;8;;;
MTTBDER;;VENC_ATE150;float;8;;;
MTTBDER;;VENC_ATE180;float;8;;;
MTTBDER;;VENC_ATE240;float;8;;;
MTTBDER;;VENC_ATE300;float;8;;;
MTTBDER;;VENC_ATE360;float;8;;;
MTTBDER;;VENC_ATE540;float;8;;;
MTTBDER;;VENC_APOS;float;8;;;
MTTBDER;;BXA_NAPROP;float;8;;;
MTTBDER;;BNA_AMORT;float;8;;;
MTTBDER;;BNA_JUROS;float;8;;;
MTTBDER;;BNA_TAXAS;float;8;;;
MTTBDER;;BNA_TAXA1;float;8;;;
MTTBDER;;BNA_TAXA2;float;8;;;
MTTBDER;;BNA_TAXA3;float;8;;;
MTTBDER;;BNA_FCVS;float;8;;;
MTTBDER;;BNA_SEGS;float;8;;;
MTTBDER;;BNA_SEGMIP;float;8;;;
MTTBDER;;BNA_SEGCRED;float;8;;;
MTTBDER;;BNA_SEGDFI;float;8;;;
MTTBDER;;BNA_FGTS;float;8;;;
MTTBDER;;BNA_SUBS;float;8;;;
MTTBDER;;USU_INCL;char;8;;;
MTTBDER;;DATA_INCL;char;8;;;
MTTBDER;;HORA_INCL;char;8;;;
MTTBDEX;;CODEMP;smallint;2;;;
MTTBDEX;;COMPRADOR_1;char;80;;;
MTTBDEX;;COMP1_CODNAC;smallint;2;;;
MTTBDEX;;COMP1_ESTCIV;smallint;2;;;
MTTBDEX;;COMP1_PROF;smallint;2;;;
MTTBDEX;;COMP1_CGCCPF;char;14;;;
MTTBDEX;;COMPRADOR_2;char;80;;;
MTTBDEX;;COMP2_CODNAC;smallint;2;;;
MTTBDEX;;COMP2_ESTCIV;smallint;2;;;
MTTBDEX;;COMP2_PROF;smallint;2;;;
MTTBDEX;;COMP2_CPF;char;11;;;
MTTBDEX;;COMPRADOR_3;char;80;;;
MTTBDEX;;COMP3_CODNAC;smallint;2;;;
MTTBDEX;;COMP3_ESTCIV;smallint;2;;;
MTTBDEX;;COMP3_PROF;smallint;2;;;
MTTBDEX;;COMP3_CPF;char;11;;;
MTTBDEX;;COMPRADOR_4;char;80;;;
MTTBDEX;;COMP4_CODNAC;smallint;2;;;
MTTBDEX;;COMP4_ESTCIV;smallint;2;;;
MTTBDEX;;COMP4_PROF;smallint;2;;;
MTTBDEX;;COMP4_CPF;char;11;;;
MTTBDEX;;COD_IMOVEL;int;4;;;
MTTBDEX;;CGC_CPF;char;14;;;
MTTBDEX;;ENDERECO;char;100;;;
MTTBDEX;;QUADRA;char;5;;;
MTTBDEX;;NUMERO;char;10;;;
MTTBDEX;;COMPLEMENTO;char;50;;;
MTTBDEX;;BAIRRO;char;50;;;
MTTBDEX;;MUNICIPIO;char;25;;;
MTTBDEX;;COD_MUNIC;int;4;;;
MTTBDEX;;ESTADO;char;2;;;
MTTBDEX;;CEP;char;8;;;
MTTBDEX;;REGIAO;smallint;2;;;
MTTBDEX;;NUCLEO;smallint;2;;;
MTTBDEX;;CONTRATO;char;10;;;
MTTBDEX;;LOTE;char;5;;;
MTTBDEX;;BLOCO;char;5;;;
MTTBDEX;;AREA_PRIVADA;float;8;;;
MTTBDEX;;AREA_COMUM;float;8;;;
MTTBDEX;;AREA_TERRENO;float;8;;;
MTTBDEX;;SALA_QTD;smallint;2;;;
MTTBDEX;;COPA_QTD;smallint;2;;;
MTTBDEX;;QUAR_SOC_QTD;smallint;2;;;
MTTBDEX;;QUAR_SUI_QTD;smallint;2;;;
MTTBDEX;;QUAR_SRV_QTD;smallint;2;;;
MTTBDEX;;WC_SOC_QTD;smallint;2;;;
MTTBDEX;;WC_SUI_QTD;smallint;2;;;
MTTBDEX;;WC_SRV_QTD;smallint;2;;;
MTTBDEX;;COZINHA_QTD;smallint;2;;;
MTTBDEX;;AREA_SRV_QTD;smallint;2;;;
MTTBDEX;;TERRACO_QTD;smallint;2;;;
MTTBDEX;;GARAGEM_QTD;smallint;2;;;
MTTBDEX;;DEPOSITO_QTD;smallint;2;;;
MTTBDEX;;DESPENSA_QTD;smallint;2;;;
MTTBDEX;;N_FOLHA_INSC;char;20;;;
MTTBDEX;;LIVRO_INSC;char;20;;;
MTTBDEX;;DTA_INSC_LIV;char;8;;;
MTTBDEX;;N_INSCRICAO;char;80;;;
MTTBDEX;;DIRETOR_PRES;char;50;;;
MTTBDEX;;SUPER_IMOB;char;50;;;
MTTBDEX;;N_FOLHA_ESCR;char;20;;;
MTTBDEX;;LIVRO_ESCR;char;20;;;
MTTBDEX;;DTA_ESCR_LIV;char;8;;;
MTTBDEX;;N_ESCRITURA;char;80;;;
MTTBDEX;;DESCR_LOC_IM;char;255;;;
MTTBDEX;;CONT_DESCR;char;245;;;
MTTBDEX;;DTA_ASS;char;8;;;
MTTBDEX;;VAL_COMPRA;float;8;;;
MTTBDEX;;DESC_FRENTE;char;150;;;
MTTBDEX;;DESC_ESQUERD;char;150;;;
MTTBDEX;;DESC_DIREITO;char;150;;;
MTTBDEX;;DESC_FUNDOS;char;150;;;
MTTBDEX;;TIPO_IMOVEL;char;5;;;
MTTBDEX;;CODUSR;char;8;;;
MTTBDEX;;BLOCO_FRENTE;char;150;;;
MTTBDEX;;BLOCO_ESQ;char;150;;;
MTTBDEX;;BLOCO_DIREIT;char;150;;;
MTTBDEX;;BLOCO_FUNDOS;char;150;;;
MTTBDEX;;AREA_TOTAL;float;8;;;
MTTBDEX;;COTA_IDEAL;float;8;;;
MTTBDEX;;TAM_FRENTE;float;8;;;
MTTBDEX;;TAM_DIREITA;float;8;;;
MTTBDEX;;TAM_ESQUERDA;float;8;;;
MTTBDEX;;TAM_FUNDOS;float;8;;;
MTTBDEX;;IMPORT_DBF;char;10;;;
MTTBDEX;;N_FLH_INSC_2;char;20;;;
MTTBDEX;;LIVRO_INSC_2;char;20;;;
MTTBDEX;;DTA_INS_LV_2;char;8;;;
MTTBDEX;;N_INSCRICAO2;char;80;;;
MTTBDEX;;N_FLH_INSC_3;char;20;;;
MTTBDEX;;LIVRO_INSC_3;char;20;;;
MTTBDEX;;DTA_INS_LV_3;char;8;;;
MTTBDEX;;N_INSCRICAO3;char;80;;;
MTTBDEX;;N_FLH_INSC_4;char;20;;;
MTTBDEX;;LIVRO_INSC_4;char;20;;;
MTTBDEX;;DTA_INS_LV_4;char;8;;;
MTTBDEX;;N_INSCRICAO4;char;80;;;
MTTBDEX;;N_FLH_INSC_5;char;20;;;
MTTBDEX;;LIVRO_INSC_5;char;20;;;
MTTBDEX;;DTA_INS_LV_5;char;8;;;
MTTBDEX;;N_INSCRICAO5;char;80;;;
MTTBDEX;;N_FLH_ESCR_2;char;20;;;
MTTBDEX;;LIVRO_ESCR_2;char;20;;;
MTTBDEX;;DTA_ESC_LV_2;char;8;;;
MTTBDEX;;N_ESCRITUR_2;char;80;;;
MTTBDEX;;N_FLH_ESCR_3;char;20;;;
MTTBDEX;;LIVRO_ESCR_3;char;20;;;
MTTBDEX;;DTA_ESC_LV_3;char;8;;;
MTTBDEX;;N_ESCRITUR_3;char;80;;;
MTTBDEX;;N_FLH_ESCR_4;char;20;;;
MTTBDEX;;LIVRO_ESCR_4;char;20;;;
MTTBDEX;;DTA_ESC_LV_4;char;8;;;
MTTBDEX;;N_ESCRITUR_4;char;80;;;
MTTBDEX;;N_FLH_ESCR_5;char;20;;;
MTTBDEX;;LIVRO_ESCR_5;char;20;;;
MTTBDEX;;DTA_ESC_LV_5;char;8;;;
MTTBDEX;;N_ESCRITUR_5;char;80;;;
MTTBDEX;;OBS_ESCR;char;255;;;
MTTBDEX;;OBS_INSC;char;255;;;
MTTBDEX;;CONT2_DESCR;char;255;;;
MTTBDEX;;CONT3_DESCR;char;255;;;
MTTBDEX;;USU_EXCL;char;8;;;
MTTBDEX;;HOR_EXCL;char;6;;;
MTTBDEX;;DT_EXCL;char;8;;;
MTTBDEX;;Seq_Unico;int;4;;;
MTTBDEX;;FISJUR_COMP1;smallint;2;;;
MTTBDEX;;FISJUR_COMP2;smallint;2;;;
MTTBDEX;;FISJUR_COMP3;smallint;2;;;
MTTBDEX;;FISJUR_COMP4;smallint;2;;;
MTTBDEX;;APTO;int;4;;;
MTTBDEX;;USUFRUTO;char;3;;;
MTTBDEX;;NUC_ESPECIAL;int;4;;;
MTTBDEX;;PAVIMENTO;int;4;;;
MTTBDEX;;NUC_FORA_TER;int;4;;;
MTTBDEX;;SEG_RET_FUND;char;255;;;
MTTBDEX;;SEG_RET_DIRE;char;255;;;
MTTBDEX;;FLG_IMPRESSA;char;3;;;
MTTBDEX;;USU_IMPRESSA;char;8;;;
MTTBDEX;;HOR_IMPRESSA;char;6;;;
MTTBDEX;;DTA_IMPRESSA;char;8;;;
MTTBDEX;;DTA_ENTREGA;char;8;;;
MTTBDEX;;DTA_LOG_ENTR;char;8;;;
MTTBDEX;;HOR_LOG_ENTR;char;6;;;
MTTBDEX;;USU_LOG_ENTR;char;8;;;
MTTBDEX;;DTA_AGD_SIM;char;8;;;
MTTBDEX;;DTA_AGD_DIP;char;8;;;
MTTBDEX;;DTA_AGD_ENTR;char;8;;;
MTTBDEX;;DTA_AGD_ESCP;char;8;;;
MTTBDEX;;DTA_AGD_DDOC;char;8;;;
MTTBDEX;;USU_AGD_SIM;char;8;;;
MTTBDEX;;HOR_AGD_SIM;char;6;;;
MTTBDEX;;USU_AGD_DIP;char;8;;;
MTTBDEX;;HOR_AGD_DIP;char;6;;;
MTTBDEX;;USU_AGD_ENTR;char;8;;;
MTTBDEX;;HOR_AGD_ENTR;char;6;;;
MTTBDEX;;USU_AGD_ESCP;char;8;;;
MTTBDEX;;HOR_AGD_ESCP;char;6;;;
MTTBDEX;;USU_AGD_DDOC;char;8;;;
MTTBDEX;;HOR_AGD_DDOC;char;6;;;
MTTBDEX;;COD_MDI;char;8;;;
MTTBDEX;;DADOS_EXTRAS;char;500;;;
MTTBDEX;;MATRICULA;char;8;;;
MTTBDEX;;DESC_COMPON;varchar;1000;;;
MTTBDEX;;DESC_HERD;varchar;1000;;;
MTTBDEX;;DESC_USUFRU;varchar;1000;;;
MTTBDEX;;DESC_COMPLTO;varchar;1000;;;
MTTBDEX;;DESC_REG_IMO;varchar;1000;;;
MTTBDEX;;OUT_MUNIC;varchar;25;;;
MTTBDEX;;OUT_CNPJ;varchar;14;;;
MTTBDEX;;CTRL_SIT;smallint;2;;;
MTTBDEX;;CTRL_DATA;varchar;8;;;
MTTBDEX;;CTRL_CODUSR;varchar;8;;;
MTTBDEX;;CTRL_OBS1;varchar;30;;;
MTTBDEX;;CTRL_OBS2;varchar;1000;;;
MTTBDEX;;CTRL_TRA;varchar;30;;;
MTTBDEX;;CTRL_TRA_DTA;varchar;8;;;
MTTBDEX;;CTRL_DTA_PRO;varchar;8;;;
MTTBDEX;;CTRL_RES_ORI;varchar;30;;;
MTTBDEX;;CTRL_RES_DES;varchar;30;;;
MTTBDEX;;GPI_DATA_SOL;varchar;8;;;
MTTBDEX;;GPI_DTA_INFO;varchar;8;;;
MTTBDEX;;GPI_CODUSR;varchar;8;;;
MTTBDEX;;GPI_OBS;varchar;1000;;;
MTTBDEX;;GPI_PENDENTE;smallint;2;;;
MTTBDEX;;PJU_DATA_SOL;varchar;8;;;
MTTBDEX;;PJU_DTA_INFO;varchar;8;;;
MTTBDEX;;PJU_CODUSR;varchar;8;;;
MTTBDEX;;PJU_OBS;varchar;1000;;;
MTTBDEX;;PJU_PENDENTE;smallint;2;;;
MTTBDEX;;TRAM_TIPO;smallint;2;;;
MTTBDEX;;TRAM_DTA_SOL;varchar;8;;;
MTTBDEX;;TRAMT_DESC1;varchar;1000;;;
MTTBDEX;;TRAMT_DESC2;varchar;1000;;;
MTTBDEX;;GPI_VALIDADO;smallint;2;;;
MTTBDEX;;GPI_POS_OBS;smallint;2;;;
MTTBDEX;;GPI_THAB;varchar;25;;;
MTTBDEX;;SUP_SOLIC;varchar;30;;;
MTTBDEX;;SUP_DATA_SOL;varchar;8;;;
MTTBDEX;;SUP_OBS;varchar;1000;;;
MTTBDEX;;SUP_LANC;varchar;30;;;
MTTBDEX;;SUP_DATA_LAN;varchar;8;;;
MTTBDEX;;SUP_HIST;varchar;1000;;;
MTTBDEX;;IMOVEL_UNICO;int;4;;;
MTTBDEX;;FALECIDO;smallint;2;;;
MTTBDEX;;DATA_MORTE;varchar;8;;;
MTTBDEX;;PREF_NOME;varchar;60;;;
MTTBDEX;;PREF_CGCCPF;varchar;11;;;
MTTBDEX;;PREF_NUMIDT;varchar;14;;;
MTTBDEX;;PREF_CODNAC;smallint;2;;;
MTTBDEX;;PREF_ESTCIV;smallint;2;;;
MTTBDEX;;PREF_ENDERECO;varchar;45;;;
MTTBDEX;;PREF_COMPLEMENTO;varchar;15;;;
MTTBDEX;;PREF_NUMERO;varchar;10;;;
MTTBDEX;;PREF_BAIRRO;varchar;50;;;
MTTBDEX;;PREF_MUNICIPIO;varchar;25;;;
MTTBDEX;;PREF_ESTADO;varchar;2;;;
MTTBDEX;;PREF_CEP;varchar;8;;;
MTTBDEX;;CONJ_FALECIDO;smallint;2;;;
MTTBDEX;;CARTORIO;char;15;;;
MTTBDEX;;COMARCA;char;50;;;
MTTBDEX;;CART_MATRICULA;char;15;;;
MTTBDEX;;NOME_CNJ_CP1;char;60;;;
MTTBDEX;;PROF_CNJ_CP1;smallint;2;;;
MTTBDEX;;NUMIDT_CNJ_CP1;char;14;;;
MTTBDEX;;CPF_CNJ_CP1;char;14;;;
MTTBDEX;;CODNAC_CNJ_CP1;smallint;2;;;
MTTBDEX;;NOME_CNJ_CP2;char;60;;;
MTTBDEX;;PROF_CNJ_CP2;smallint;2;;;
MTTBDEX;;NUMIDT_CNJ_CP2;char;14;;;
MTTBDEX;;CPF_CNJ_CP2;char;14;;;
MTTBDEX;;CODNAC_CNJ_CP2;smallint;2;;;
MTTBDEX;;NOME_CNJ_CP3;char;60;;;
MTTBDEX;;PROF_CNJ_CP3;smallint;2;;;
MTTBDEX;;NUMIDT_CNJ_CP3;char;14;;;
MTTBDEX;;CPF_CNJ_CP3;char;14;;;
MTTBDEX;;CODNAC_CNJ_CP3;smallint;2;;;
MTTBDEX;;NOME_CNJ_CP4;char;60;;;
MTTBDEX;;PROF_CNJ_CP4;smallint;2;;;
MTTBDEX;;NUMIDT_CNJ_CP4;char;14;;;
MTTBDEX;;CPF_CNJ_CP4;char;14;;;
MTTBDEX;;CODNAC_CNJ_CP4;smallint;2;;;
MTTBDEX;;REGCAS;smallint;2;;;
MTTBDEX;;DT_CASAMENTO;char;8;;;
MTTBDEX;;SEQ_ESCRITURA;char;14;;;
MTTBDEX;;CART_FOLHA;char;10;;;
MTTBDEX;;CART_LIVRO;char;10;;;
MTTBDEX;;REGCAS_CNJ_CP1;smallint;2;;;
MTTBDEX;;DT_CAS_CNJ_CP1;char;8;;;
MTTBDEX;;REGCAS_CNJ_CP2;smallint;2;;;
MTTBDEX;;DT_CAS_CNJ_CP2;char;8;;;
MTTBDEX;;REGCAS_CNJ_CP3;smallint;2;;;
MTTBDEX;;DT_CAS_CNJ_CP3;char;8;;;
MTTBDEX;;REGCAS_CNJ_CP4;smallint;2;;;
MTTBDEX;;DT_CAS_CNJ_CP4;char;8;;;
MTTBDEX;;NUPCIAL;smallint;2;;;
MTTBDEX;;NUPCIAL_DESC;varchar;1000;;;
MTTBDEX;;CTRL_GERENCIA;smallint;2;;;
MTTBDEX;;DESC_GERENCIA;varchar;1000;;;
MTTBDFG;;CODEMP;smallint;2;;;
MTTBDFG;;DTA_MOV_CONT;char;8;;;
MTTBDFG;;REGIAO;smallint;2;;;
MTTBDFG;;NUCLEO;smallint;2;;;
MTTBDFG;;CONTRATO;char;10;;;
MTTBDFG;;DAMP;int;4;;;
MTTBDFG;;FLG_FECH_PER;smallint;2;;;
MTTBDFG;;DTA_FECH_PER;char;8;;;
MTTBDFG;;DTA_PER_ANT;char;8;;;
MTTBDFG;;QTD_PARC;smallint;2;;;
MTTBDFG;;PAR_UTI;smallint;2;;;
MTTBDFG;;PAR_REM;smallint;2;;;
MTTBDFG;;SALDO_TEOR;float;8;;;
MTTBDFG;;SALDO_TEOR_D;float;8;;;
MTTBDFG;;VALOR_AMJ_ST;float;8;;;
MTTBDFG;;VALOR_JUR_ST;float;8;;;
MTTBDFG;;PR_CM_DIA_ST;float;8;;;
MTTBDFG;;PR_CM_MES_ST;float;8;;;
MTTBDFG;;SALDO_RES;float;8;;;
MTTBDFG;;SALDO_RES_D;float;8;;;
MTTBDFG;;VALOR_GER_SR;float;8;;;
MTTBDFG;;VALOR_UTI_SR;float;8;;;
MTTBDFG;;PR_CM_DIA_SR;float;8;;;
MTTBDFG;;PR_CM_MES_SR;float;8;;;
MTTBDFG;;QTD_PAR_RES;smallint;2;;;
MTTBDFG;;VAL_PAR_RES;float;8;;;
MTTBDFG;;QTD_PAR_ARES;smallint;2;;;
MTTBDFG;;VAL_PAR_ARES;float;8;;;
MTTBDFG;;FGT_DTU_UTI;char;8;;;
MTTBDFG;;FGT_DTP_UTI;char;8;;;
MTTBDFG;;FGT_FLG_ATIV;smallint;2;;;
MTTBDFG;;USU_INCL;char;8;;;
MTTBDFG;;DATA_INCL;char;8;;;
MTTBDFG;;HORA_INCL;char;8;;;
MTTBDGR;;CODEMP;smallint;2;;;
MTTBDGR;;DTA_MOV_CONT;char;8;;;
MTTBDGR;;REGIAO;smallint;2;;;
MTTBDGR;;NUCLEO;smallint;2;;;
MTTBDGR;;CONTRATO;char;10;;;
MTTBDGR;;FLG_FECH_MEN;smallint;2;;;
MTTBDGR;;FLG_FECH_CON;smallint;2;;;
MTTBDGR;;VL_GARANT;float;8;;;
MTTBDGR;;USU_INCL;char;8;;;
MTTBDGR;;DATA_INCL;char;8;;;
MTTBDGR;;HORA_INCL;char;8;;;
MTTBDIB;;CODEMP;smallint;2;;;
MTTBDIB;;REGIAO;smallint;2;;;
MTTBDIB;;NUCLEO;smallint;2;;;
MTTBDIB;;CONTRATO;char;10;;;
MTTBDIB;;DATA_EVM;char;6;;;
MTTBDIB;;PRT_VAL_AMJ;float;8;;;
MTTBDIB;;PRT_VAL_RAZ;float;8;;;
MTTBDIB;;PRT_VAL_JUR;float;8;;;
MTTBDIB;;TXA_VAL_TXA1;float;8;;;
MTTBDIB;;TXA_VAL_TXA2;float;8;;;
MTTBDIB;;TXA_VAL_TXA3;float;8;;;
MTTBDIB;;TXA_VAL_FCVS;float;8;;;
MTTBDIB;;EXT_VAL_SUBS;float;8;;;
MTTBDIB;;FGT_VAL_FGTS;float;8;;;
MTTBDIB;;SEG_MIP;float;8;;;
MTTBDIB;;SEG_CRED;float;8;;;
MTTBDIB;;SEG_DFI;float;8;;;
MTTBDIB;;SALDO_TEOR;float;8;;;
MTTBDIB;;COR_VAL_CMON;float;8;;;
MTTBDIB;;COR_IND_CMON;float;8;;;
MTTBDIB;;COR_IND_DIF;float;8;;;
MTTBDIB;;REA_IND_REAJ;float;8;;;
MTTBDIB;;REA_IND_DIF;float;8;;;
MTTBDIR;;CODEMP;smallint;2;;;
MTTBDIR;;REGIAO;smallint;2;;;
MTTBDIR;;NUCLEO;smallint;2;;;
MTTBDIR;;CONTRATO;char;10;;;
MTTBDIR;;DATA_EVM;char;6;;;
MTTBDIR;;PRT_VAL_AMJ;float;8;;;
MTTBDIR;;PRT_VAL_RAZ;float;8;;;
MTTBDIR;;PRT_VAL_JUR;float;8;;;
MTTBDIR;;TXA_VAL_TXA1;float;8;;;
MTTBDIR;;TXA_VAL_TXA2;float;8;;;
MTTBDIR;;TXA_VAL_TXA3;float;8;;;
MTTBDIR;;TXA_VAL_FCVS;float;8;;;
MTTBDIR;;EXT_VAL_SUBS;float;8;;;
MTTBDIR;;FGT_VAL_FGTS;float;8;;;
MTTBDIR;;SEG_MIP;float;8;;;
MTTBDIR;;SEG_CRED;float;8;;;
MTTBDIR;;SEG_DFI;float;8;;;
MTTBDIR;;SALDO_TEOR;float;8;;;
MTTBDIR;;COR_VAL_CMON;float;8;;;
MTTBDIR;;COR_IND_CMON;float;8;;;
MTTBDIR;;COR_IND_DIF;float;8;;;
MTTBDIR;;REA_IND_REAJ;float;8;;;
MTTBDIR;;REA_IND_DIF;float;8;;;
MTTBDIS;;COD_DISTR;int;4;;;
MTTBDIS;;COD_IBGE;int;4;;;
MTTBDIS;;NOME_DISTR;char;50;;;
MTTBDIS;;COD_SUBDISTR;int;4;;;
MTTBDIS;;NOME_SUBDIST;char;50;;;
MTTBDLC;;CODEMP;smallint;2;;;
MTTBDLC;;DTA_MOV_CONT;char;8;;;
MTTBDLC;;REGIAO;smallint;2;;;
MTTBDLC;;NUCLEO;smallint;2;;;
MTTBDLC;;CONTRATO;char;10;;;
MTTBDLC;;TIPO_LANC;smallint;2;;;
MTTBDLC;;COD_LANC_SGH;char;6;;;
MTTBDLC;;COD_LANC_CLI;char;50;;;
MTTBDLC;;SLD_ANTERIOR;float;8;;;
MTTBDLC;;VAL_ENTRADA;float;8;;;
MTTBDLC;;VAL_SAIDA;float;8;;;
MTTBDLC;;SLD_ATUAL;float;8;;;
MTTBDLC;;VAL_AJUSTE;float;8;;;
MTTBDLC;;SEQ;int;4;;;
MTTBDLC;;FLG_CONTAB;smallint;2;;;
MTTBDOC;;CODEMP;smallint;2;;;
MTTBDOC;;COD_PDT;smallint;2;;;
MTTBDOC;;TIPO;char;5;;;
MTTBDOC;;DESCRICAO;char;150;;;
MTTBDOC;;PROPS;char;150;;;
MTTBDPA;;CODEMP;smallint;2;;;
MTTBDPA;;REGIAO;smallint;2;;;
MTTBDPA;;NUCLEO;smallint;2;;;
MTTBDPA;;CONTRATO;char;10;;;
MTTBDPA;;CONTRATO_ANT;char;12;;;
MTTBDPA;;FLGCTR;char;1;;;
MTTBDPA;;FLGCONJUGA;smallint;2;;;
MTTBDPL;;CODEMP;smallint;2;;;
MTTBDPL;;DTA_MOV_CONT;char;8;;;
MTTBDPL;;REGIAO;smallint;2;;;
MTTBDPL;;NUCLEO;smallint;2;;;
MTTBDPL;;CONTRATO;char;10;;;
MTTBDPL;;FLG_FECH_MEN;smallint;2;;;
MTTBDPL;;FLG_FECH_CON;smallint;2;;;
MTTBDPL;;PE_VLR_LIB;float;8;;;
MTTBDPL;;PE_QTD_LIB;smallint;2;;;
MTTBDPL;;USU_INCL;char;8;;;
MTTBDPL;;DATA_INCL;char;8;;;
MTTBDPL;;HORA_INCL;char;8;;;
MTTBDRL;;NOM_PROJ;char;255;;;
MTTBDRL;;TIT_REL;char;255;;;
MTTBDRL;;NAT_REL;char;255;;;
MTTBDRL;;OPT_SEL;char;255;;;
MTTBDRL;;QBR_REL;char;255;;;
MTTBDRL;;TP_ORD;char;255;;;
MTTBDRL;;COL_RELAC;char;255;;;
MTTBDRL;;TOT_QBR;char;255;;;
MTTBDRL;;TOT_GER;char;255;;;
MTTBDRL;;DESC_RES;char;255;;;
MTTBDRL;;TAB_ENV;char;255;;;
MTTBDRL;;ARQ_TXT;char;255;;;
MTTBDRL;;DIR_PDF;char;255;;;
MTTBDSD;;CODEMP;smallint;2;;;
MTTBDSD;;DTA_MOV_CONT;char;8;;;
MTTBDSD;;REGIAO;smallint;2;;;
MTTBDSD;;NUCLEO;smallint;2;;;
MTTBDSD;;CONTRATO;char;10;;;
MTTBDSD;;FLG_IND_CALC;smallint;2;;;
MTTBDSD;;FLG_FECH_MES;smallint;2;;;
MTTBDSD;;DTA_CM_MES;char;8;;;
MTTBDSD;;DTA_CM_MES_A;char;8;;;
MTTBDSD;;IND_CM_MES;float;8;;;
MTTBDSD;;IND_CM_MES_P;float;8;;;
MTTBDSD;;QTD_DIA_MES;smallint;2;;;
MTTBDSD;;FLG_EVM_GER;smallint;2;;;
MTTBDSD;;FLG_FECH_PER;smallint;2;;;
MTTBDSD;;DTA_CM_PER;char;8;;;
MTTBDSD;;DTA_CM_PER_A;char;8;;;
MTTBDSD;;GAR_VALOR;float;8;;;
MTTBDSD;;GAR_VALOR_D;float;8;;;
MTTBDSD;;GAR_PRCM_DIA;float;8;;;
MTTBDSD;;GAR_PRCM_MES;float;8;;;
MTTBDSD;;GAR_PRCM_PER;float;8;;;
MTTBDSD;;VAL_AMJ;float;8;;;
MTTBDSD;;VAL_JUROS;float;8;;;
MTTBDSD;;SALDO_TEOR;float;8;;;
MTTBDSD;;SALDO_TEOR_D;float;8;;;
MTTBDSD;;SALDO_AMORT;float;8;;;
MTTBDSD;;PR_CM_DIA;float;8;;;
MTTBDSD;;PR_CM_MES;float;8;;;
MTTBDSD;;PR_CM_PER;float;8;;;
MTTBDSD;;PRV_GAR_VAL;float;8;;;
MTTBDSD;;PRV_SLD_TEOR;float;8;;;
MTTBDSD;;PRV_VAL_CORR;float;8;;;
MTTBDSD;;PRV_DTA_AMOR;char;8;;;
MTTBDSD;;PRV_FLG_AMOR;smallint;2;;;
MTTBDSD;;PRV_VAL_AMJ;float;8;;;
MTTBDSD;;PRV_VAL_JUR;float;8;;;
MTTBDSD;;SD_97222;float;8;;;
MTTBDSD;;SD_97222_D;float;8;;;
MTTBDSD;;PERDA_97222;float;8;;;
MTTBDSD;;PERD_97222_D;float;8;;;
MTTBDSD;;PR972_CM_DIA;float;8;;;
MTTBDSD;;PR972_CM_MES;float;8;;;
MTTBDSD;;PR972_CM_PER;float;8;;;
MTTBDSD;;NOV_TX_JUROS;float;8;;;
MTTBDSD;;NOV_SALDO;float;8;;;
MTTBDSD;;NOV_SALDO_D;float;8;;;
MTTBDSD;;NOV_PERD_SLD;float;8;;;
MTTBDSD;;NOV_PER_SL_D;float;8;;;
MTTBDSD;;NOV_PRCM_DIA;float;8;;;
MTTBDSD;;NOV_PRCM_MES;float;8;;;
MTTBDSD;;NOV_PRCM_PER;float;8;;;
MTTBDSD;;NOV_JUROS;float;8;;;
MTTBDSD;;NOV_JUR_AC;float;8;;;
MTTBDSD;;NOV_JRCON_AC;float;8;;;
MTTBDSD;;NOV_PERD_JR;float;8;;;
MTTBDSD;;NOV_PER_JR_D;float;8;;;
MTTBDSD;;RAP_CMON;float;8;;;
MTTBDSD;;RAP_CMON_DIA;float;8;;;
MTTBDSD;;VINC_ATE15;float;8;;;
MTTBDSD;;VINC_ATE30;float;8;;;
MTTBDSD;;VINC_ATE60;float;8;;;
MTTBDSD;;VINC_ATE90;float;8;;;
MTTBDSD;;VINC_ATE120;float;8;;;
MTTBDSD;;VINC_ATE150;float;8;;;
MTTBDSD;;VINC_ATE180;float;8;;;
MTTBDSD;;VINC_ATE360;float;8;;;
MTTBDSD;;VINC_ATE720;float;8;;;
MTTBDSD;;VINC_ATE1080;float;8;;;
MTTBDSD;;VINC_ATE1440;float;8;;;
MTTBDSD;;VINC_ATE1800;float;8;;;
MTTBDSD;;VINC_ATE5400;float;8;;;
MTTBDSD;;VINC_APOS;float;8;;;
MTTBDSD;;RESP_AGENTE;float;8;;;
MTTBDSD;;RESP_AGENT_D;float;8;;;
MTTBDSD;;RESP_FCVS;float;8;;;
MTTBDSD;;RESP_FCVS_D;float;8;;;
MTTBDSD;;RESP_MUTUAR;float;8;;;
MTTBDSD;;RESP_MUTUA_D;float;8;;;
MTTBDSD;;RESP_CEF;float;8;;;
MTTBDSD;;RESP_CEF_D;float;8;;;
MTTBDSD;;SALDO_VAPF;float;8;;;
MTTBDSD;;SALDO_VAPF_D;float;8;;;
MTTBDSD;;CLP_VAL_ALIB;float;8;;;
MTTBDSD;;CLP_VAL_COR;float;8;;;
MTTBDSD;;CLP_VL_COR_D;float;8;;;
MTTBDSD;;CLP_QTD_ALIB;int;4;;;
MTTBDSD;;CLP_VL_LIB_D;float;8;;;
MTTBDSD;;CLP_QT_LIB_D;int;4;;;
MTTBDSD;;USU_INCL;char;8;;;
MTTBDSD;;DATA_INCL;char;8;;;
MTTBDSD;;HORA_INCL;char;8;;;
MTTBDST;;CODEMP;smallint;2;;;
MTTBDST;;CODIGO;int;4;;;
MTTBDST;;DESCRICAO;char;700;;;
MTTBDST;;DATA_INCL;char;8;;;
MTTBDST;;HORA_INCL;char;8;;;
MTTBDST;;USR_INCL;char;8;;;
MTTBDST;;DATA_ALT;char;8;;;
MTTBDST;;HORA_ALT;char;8;;;
MTTBDST;;USR_ALT;char;8;;;
MTTBDST;;DATA_CANC;char;8;;;
MTTBDST;;HORA_CANC;char;8;;;
MTTBDST;;USR_CANC;char;8;;;
MTTBDST;;TIPO_DEST;smallint;2;;;
MTTBDTA;;DATA_ID;char;8;;;
MTTBDTA;;ANO;char;4;;;
MTTBDTA;;MES;char;2;;;
MTTBDTA;;DIA;char;2;;;
MTTBDTA;;DATA_EXIB;char;10;;;
MTTBDTA;;MES_ANO;char;7;;;
MTTBDTA;;DATA;date;3;;;
MTTBDTI;;CODEMP;smallint;2;;;
MTTBDTI;;REGIAO;smallint;2;;;
MTTBDTI;;NUCLEO;smallint;2;;;
MTTBDTI;;CONTRATO;char;10;;;
MTTBDTI;;UFS;char;2;;;
MTTBDTI;;MATAG;char;6;;;
MTTBDTI;;NUMCADMUT;char;13;;;
MTTBDTI;;HIPOTECA;char;1;;;
MTTBDTI;;DATA_HABILIT;char;8;;;
MTTBDUP;;CODEMP;smallint;2;;;
MTTBDUP;;CGCCPFANT;char;14;;;
MTTBDUP;;REGIAO;smallint;2;;;
MTTBDUP;;NUCLEO;smallint;2;;;
MTTBDUP;;CONTRATO;char;10;;;
MTTBDUP;;PREST;smallint;2;;;
MTTBDUP;;IDENTANT;char;10;;;
MTTBDUP;;CGCCPFATU;char;14;;;
MTTBDVD;;CODEMP;smallint;2;;;
MTTBDVD;;DTA_MOV_CONT;char;8;;;
MTTBDVD;;REGIAO;smallint;2;;;
MTTBDVD;;NUCLEO;smallint;2;;;
MTTBDVD;;CONTRATO;char;10;;;
MTTBDVD;;FLG_FECH_MEN;smallint;2;;;
MTTBDVD;;FLG_FECH_CON;smallint;2;;;
MTTBDVD;;TIPO;smallint;2;;;
MTTBDVD;;SALDO_DIF;float;8;;;
MTTBDVD;;VAL_APR;float;8;;;
MTTBDVD;;VAL_NAO_APR;float;8;;;
MTTBDVD;;LIN_CRED;smallint;2;;;
MTTBDVD;;DATA_PRI_ATR;char;8;;;
MTTBDVD;;QTD_DIAS;smallint;2;;;
MTTBDVD;;NUM_PRES;smallint;2;;;
MTTBDVD;;PROV_COR_MON;float;8;;;
MTTBDVD;;PROV_QTD_DIA;smallint;2;;;
MTTBDVD;;DATA_ULT_EVE;char;8;;;
MTTBDVD;;USU_INCL;char;8;;;
MTTBDVD;;DATA_INCL;char;8;;;
MTTBDVD;;HORA_INCL;char;8;;;
MTTBECB;;CODEMP;smallint;2;;;
MTTBECB;;REGIAO;smallint;2;;;
MTTBECB;;ORIG_FIN;smallint;2;;;
MTTBECB;;LIN_CRED;smallint;2;;;
MTTBECB;;SIT_CONTR;smallint;2;;;
MTTBECB;;SIT_PGTO;smallint;2;;;
MTTBECB;;APROP_RENDA;smallint;2;;;
MTTBECB;;FATO;smallint;2;;;
MTTBECB;;PARTIDA;smallint;2;;;
MTTBECB;;TIPO_LANC;smallint;2;;;
MTTBECB;;COD_HIST;smallint;2;;;
MTTBECB;;CONTA_DEB;char;20;;;
MTTBECB;;CONTA_CRE;char;20;;;
MTTBECB;;FLAG_COMPL;smallint;2;;;
MTTBECT;;Seq;char;3;;;
MTTBECT;;Natureza;char;1;;;
MTTBECT;;Conta;char;20;;;
MTTBEDA;;CODEMP;smallint;2;;;
MTTBEDA;;TP_EMISS;smallint;2;;;
MTTBEDA;;DTA_VENC_INI;char;8;;;
MTTBEDA;;DTA_VENC_FIM;char;8;;;
MTTBEDA;;DTA_EMISS;char;8;;;
MTTBEDA;;HOR_EMISS;char;8;;;
MTTBEDA;;USU_EMISS;char;8;;;
MTTBEDC;;CODEMP;smallint;2;;;
MTTBEDC;;DT_PUB;char;8;;;
MTTBEDC;;JORNAL;smallint;2;;;
MTTBEDC;;COD_TEXT;smallint;2;;;
MTTBEDC;;REGIAO;smallint;2;;;
MTTBEDC;;NUCLEO;smallint;2;;;
MTTBEDC;;CONTRATO;char;10;;;
MTTBEDC;;VL_EDITAL;float;8;;;
MTTBEDP;;CODEMP;smallint;2;;;
MTTBEDP;;DT_PUB;char;8;;;
MTTBEDP;;JORNAL;smallint;2;;;
MTTBEDP;;COD_TEXT;smallint;2;;;
MTTBEDP;;VL_EDITAL;float;8;;;
MTTBEDP;;QTD_MUT;smallint;2;;;
MTTBEDP;;DADOS_PESQ;char;30;;;
MTTBEFB;;CODEMP;smallint;2;;;
MTTBEFB;;REGIAO;smallint;2;;;
MTTBEFB;;NUCLEO;smallint;2;;;
MTTBEFB;;CONTRATO;char;10;;;
MTTBEFB;;DAMP;int;4;;;
MTTBEFB;;DATA_FGT;char;6;;;
MTTBEFB;;TIPO_FGT;smallint;2;;;
MTTBEFB;;DIA_FGT;char;2;;;
MTTBEFB;;FGT_NUM_PAR;smallint;2;;;
MTTBEFB;;FGT_PAR_REM;smallint;2;;;
MTTBEFB;;FGT_VAL_AMJ;float;8;;;
MTTBEFB;;FGT_VAL_JUR;float;8;;;
MTTBEFB;;FGT_VAL_CMON;float;8;;;
MTTBEFB;;FGT_VAL_UTI;float;8;;;
MTTBEFB;;FGT_VAL_RESG;float;8;;;
MTTBEFB;;FGT_VAL_RESU;float;8;;;
MTTBEFB;;FGT_COR_RES;float;8;;;
MTTBEFB;;FGT_SALDO_TE;float;8;;;
MTTBEFB;;FGT_SALDO_RE;float;8;;;
MTTBEFB;;FGT_IND_FGT;float;8;;;
MTTBEFB;;FGT_FLG_CONC;smallint;2;;;
MTTBEFB;;FGT_DATA_CON;char;8;;;
MTTBEFC;;CODEMP;smallint;2;;;
MTTBEFC;;REGIAO;smallint;2;;;
MTTBEFC;;NUCLEO;smallint;2;;;
MTTBEFC;;CONTRATO;char;10;;;
MTTBEFC;;DATA_EVM;char;6;;;
MTTBEFC;;PRT_DIA_VENC;char;2;;;
MTTBEFC;;PRT_NUM_PRES;smallint;2;;;
MTTBEFC;;PRT_PRAZO;smallint;2;;;
MTTBEFC;;PRT_VAL_AMJ;float;8;;;
MTTBEFC;;PRT_VAL_RAZ;float;8;;;
MTTBEFC;;PRO_VAL_JUR;float;8;;;
MTTBEFC;;TEO_VAL_JUR;float;8;;;
MTTBEFC;;TXA_VAL_TXA1;float;8;;;
MTTBEFC;;TXA_VAL_TXA2;float;8;;;
MTTBEFC;;TXA_VAL_TXA3;float;8;;;
MTTBEFC;;TXA_VAL_FCVS;float;8;;;
MTTBEFC;;SEG_MIP;float;8;;;
MTTBEFC;;SEG_CRED;float;8;;;
MTTBEFC;;SEG_DFI;float;8;;;
MTTBEFC;;SALDO_PROR;float;8;;;
MTTBEFC;;SALDO_TEOR;float;8;;;
MTTBEFC;;COR_VAL_GAR;float;8;;;
MTTBEFC;;TEO_VAL_CMON;float;8;;;
MTTBEFC;;PRO_VAL_CMON;float;8;;;
MTTBEFC;;TEO_IND_CMON;float;8;;;
MTTBEFC;;PRO_IND_CMON;float;8;;;
MTTBEFC;;COR_DIA_CMON;smallint;2;;;
MTTBEFC;;REA_TIPOREAJ;smallint;2;;;
MTTBEFC;;REA_MOT_REAJ;smallint;2;;;
MTTBEFC;;REA_IND_REAJ;float;8;;;
MTTBEFC;;REA_DIA_REAJ;smallint;2;;;
MTTBEFC;;FLG_RENEG;smallint;2;;;
MTTBEFC;;VAF4_VAL_JUR;float;8;;;
MTTBEFC;;VAF4_VALCORR;float;8;;;
MTTBEFC;;VAF4_SALDO;float;8;;;
MTTBEFC;;PRO_VAL_AMJ;float;8;;;
MTTBEFC;;CON_VAL_AMJ;float;8;;;
MTTBEFC;;CON_VAL_JUR;float;8;;;
MTTBEFC;;CON_VAL_CMON;float;8;;;
MTTBEFC;;SALDO_CONTR;float;8;;;
MTTBEFG;;CODEMP;smallint;2;;;
MTTBEFG;;REGIAO;smallint;2;;;
MTTBEFG;;NUCLEO;smallint;2;;;
MTTBEFG;;CONTRATO;char;10;;;
MTTBEFG;;DAMP;int;4;;;
MTTBEFG;;DATA_FGT;char;6;;;
MTTBEFG;;TIPO_FGT;smallint;2;;;
MTTBEFG;;DIA_FGT;char;2;;;
MTTBEFG;;FGT_NUM_PAR;smallint;2;;;
MTTBEFG;;FGT_PAR_REM;smallint;2;;;
MTTBEFG;;FGT_VAL_AMJ;float;8;;;
MTTBEFG;;FGT_VAL_JUR;float;8;;;
MTTBEFG;;FGT_VAL_CMON;float;8;;;
MTTBEFG;;FGT_VAL_UTI;float;8;;;
MTTBEFG;;FGT_VAL_RESG;float;8;;;
MTTBEFG;;FGT_VAL_RESU;float;8;;;
MTTBEFG;;FGT_COR_RES;float;8;;;
MTTBEFG;;FGT_SALDO_TE;float;8;;;
MTTBEFG;;FGT_SALDO_RE;float;8;;;
MTTBEFG;;FGT_IND_FGT;float;8;;;
MTTBEFG;;FGT_FLG_CONC;smallint;2;;;
MTTBEFG;;FGT_DATA_CON;char;8;;;
MTTBEFP;;CODEMP;smallint;2;;;
MTTBEFP;;EQ_PL_PA;smallint;2;;;
MTTBEFP;;TIPO_EQP;smallint;2;;;
MTTBEFP;;DATA_REAJ;char;6;;;
MTTBEFP;;INDICE;float;8;;;
MTTBEMP;;CODEMP;smallint;2;;;
MTTBEMP;;TIPOEMP;char;1;;;
MTTBEMP;;SIGLA;char;4;;;
MTTBEMP;;CGCCPF;char;14;;;
MTTBEMP;;RAZSOCIAL;char;40;;;
MTTBEMP;;NOME_COMPAC;char;15;;;
MTTBEMP;;ENDEMP;char;30;;;
MTTBEMP;;ENDCOM;char;15;;;
MTTBEMP;;BAIRRO;char;15;;;
MTTBEMP;;CIDADE;char;15;;;
MTTBEMP;;ESTADO;char;2;;;
MTTBEMP;;CODCEP;int;4;;;
MTTBEMP;;SUFCEP;smallint;2;;;
MTTBEMP;;CXAPST;int;4;;;
MTTBEMP;;DDDTEL;int;4;;;
MTTBEMP;;NUMTEL;int;4;;;
MTTBEMP;;RAMTEL;int;4;;;
MTTBEMP;;DDDFAX;int;4;;;
MTTBEMP;;NUMFAX;int;4;;;
MTTBEMP;;BNH_COD_AGEN;smallint;2;;;
MTTBEMP;;BNH_UFS_AGEN;smallint;2;;;
MTTBEMP;;BNH_MAT_AGEN;int;4;;;
MTTBEMP;;SEG_REGIAO;smallint;2;;;
MTTBEMP;;SEG_MATRIC;int;4;;;
MTTBEMP;;SEG_AGENCIA;smallint;2;;;
MTTBEMP;;DTA_BASE_PRO;char;8;;;
MTTBEMP;;DTA_EVOLUCAO;char;8;;;
MTTBEMP;;DTA_MORA;char;8;;;
MTTBEMP;;DTA_CONTABIL;char;8;;;
MTTBEMP;;DTA_FECH_CTB;char;8;;;
MTTBEMP;;LIM_CRED_CC;float;8;;;
MTTBEMP;;LIM_DEB_CC;float;8;;;
MTTBEMP;;LIM_DESC_ATU;float;8;;;
MTTBEMP;;LIM_DESC_MOR;float;8;;;
MTTBEMP;;LIM_TC_ATRAS;smallint;2;;;
MTTBEMP;;LIM_TC_RENDA;smallint;2;;;
MTTBEMP;;LIM_TC_CL;smallint;2;;;
MTTBEMP;;LIM_TC_CL_EX;smallint;2;;;
MTTBEMP;;LIM_TC_PREJU;smallint;2;;;
MTTBEMP;;FLG_COR01;char;3;;;
MTTBEMP;;FLG_REA01;char;3;;;
MTTBEMP;;FLG_VOUCHER;char;1;;;
MTTBEMP;;TP_CARNE;smallint;2;;;
MTTBEMP;;DIG_EMP;smallint;2;;;
MTTBEMP;;BANCO_ATUAL;smallint;2;;;
MTTBEMP;;EMPLIG01;smallint;2;;;
MTTBEMP;;EMPLIG02;smallint;2;;;
MTTBEMP;;DTA_NOVACAO;char;8;;;
MTTBEMP;;DTA_SERASA;char;8;;;
MTTBEMP;;CEF_CRED;smallint;2;;;
MTTBEMP;;CEF_COD_AGEN;smallint;2;;;
MTTBEMP;;CEF_COD_ARR;smallint;2;;;
MTTBEMP;;CEF_CGC_ADM;char;14;;;
MTTBEMP;;CEF_EMP_ADM;char;40;;;
MTTBEMP;;CEF_DTA_TRA;char;8;;;
MTTBEMP;;FLG_RES1;float;8;;;
MTTBEMP;;FLG_RES2;smallint;2;;;
MTTBEMP;;FLG_RES3;smallint;2;;;
MTTBEMP;;FLG_RES4;char;2;;;
MTTBEMP;;FLG_RES5;char;2;;;
MTTBEMP;;FLG_RES6;char;2;;;
MTTBEMP;;DTA_AT_ARREC;char;8;;;
MTTBEMP;;SEQ_LOTE;int;4;;;
MTTBEMP;;DTA_CONV;char;6;;;
MTTBEMP;;WS_URL;char;100;;;
MTTBEMP;;BANCO_FGTS;char;3;;;
MTTBEMP;;AGENCIA_FGTS;char;5;;;
MTTBEMP;;CONTA_FGTS;char;10;;;
MTTBEMP;;STR_FGTS;char;1;;;
MTTBEMP;;FLG_TPCHAVE;char;1;;;
MTTBEMP;;DTA_AUX;char;8;;;
MTTBEMP;;SEQ_DBCTA_AM;int;4;;;
MTTBEMP;;SEQ_DBCTA;int;4;;;
MTTBEMP;;DTA_EVOL_FCF;char;8;;;
MTTBEMP;;WS_URL_ADAPT;char;100;;;
MTTBEMP;;PATH_READ;char;250;;;
MTTBEMP;;PATH_WRITE;char;250;;;
MTTBEMP;;SEQ_CARTA1;int;4;;;
MTTBEMP;;SEQ_CARTA2;int;4;;;
MTTBEMP;;SEQ_CARTA3;int;4;;;
MTTBEMP;;DTA_EVOL_HAB;char;8;;;
MTTBEMP;;DTA_CTB_PROX;char;8;;;
MTTBEMP;;CTR_MODO_CTB;int;4;;;
MTTBEMP;;FLG_SARBOX;int;4;;;
MTTBEMP;;FLG_RELVBA;int;4;;;
MTTBEMP;;EMPLIGCER;int;4;;;
MTTBEMP;;EMPLIGSIM;int;4;;;
MTTBEMP;;EMPLIGBAK;int;4;;;
MTTBEMP;;VALI_SENH;smallint;2;;;
MTTBEMP;;PastaBackup;varchar;100;;;
MTTBEMP;;ExtensBackup;varchar;4;;;
MTTBEMP;;DtAutACC;varchar;8;;;
MTTBEMP;;DTA_TX_MEDIA;char;8;;;
MTTBEMP;;TIPOSGH;smallint;2;;;
MTTBEMP;;COD_UNI_CLI;int;4;;;
MTTBEMP;;CTR_IFRS;smallint;2;;;
MTTBEMP;;WS_URL_REL;char;100;;;
MTTBEMP;;FLG_INS_IND;smallint;2;;;
MTTBEMP;;FLG_PSE;smallint;2;;;
MTTBEMP;;PLANO_NOVACAO;smallint;2;;;
MTTBEMP;;DTA_FECH_REF;char;8;;;
MTTBEMP;;FLG_NOVO_FCVS;smallint;2;;;
MTTBEND;;CodEmp;smallint;2;;;
MTTBEND;;TipoTab;smallint;2;;;
MTTBEND;;REGIAO;smallint;2;;;
MTTBEND;;CodSit;char;5;;;
MTTBEND;;FinImo;char;20;;;
MTTBEND;;CorInc;char;20;;;
MTTBEND;;CorApr;char;20;;;
MTTBEND;;CorEfe;char;20;;;
MTTBEND;;JurInc;char;20;;;
MTTBEND;;JurApr;char;20;;;
MTTBEND;;JurEfe;char;20;;;
MTTBEND;;TxInc;char;20;;;
MTTBEND;;TxApr;char;20;;;
MTTBEND;;TxEfe;char;20;;;
MTTBEND;;MorRec;char;20;;;
MTTBEND;;MorEfe;char;20;;;
MTTBEND;;CcoCob;char;20;;;
MTTBEND;;CcoDev;char;20;;;
MTTBEND;;QtdRef;int;4;;;
MTTBEND;;CONTA01;char;20;;;
MTTBEND;;CONTA02;char;20;;;
MTTBEND;;CONTA03;char;20;;;
MTTBEND;;CONTA04;char;20;;;
MTTBEND;;CONTA05;char;20;;;
MTTBEND;;CONTA06;char;20;;;
MTTBEND;;CONTA07;char;20;;;
MTTBEND;;CONTA08;char;20;;;
MTTBEND;;CONTA09;char;20;;;
MTTBEND;;CONTA10;char;20;;;
MTTBEND;;CONTA11;char;20;;;
MTTBEND;;CONTA12;char;20;;;
MTTBEND;;CONTA13;char;20;;;
MTTBEND;;CONTA14;char;20;;;
MTTBEND;;CONTA15;char;20;;;
MTTBEND;;CONTA16;char;20;;;
MTTBEND;;CONTA17;char;20;;;
MTTBEND;;CONTA18;char;20;;;
MTTBEND;;CONTA19;char;20;;;
MTTBEND;;CONTA20;char;20;;;
MTTBEPD;;CODEMP;smallint;2;;;
MTTBEPD;;CODEPD;smallint;2;;;
MTTBEPD;;DESCRICAO;char;50;;;
MTTBEPD;;DTINI_OBRA;char;8;;;
MTTBEPD;;DTFIM_OBRA;char;8;;;
MTTBEPD;;DTRESGATE;char;8;;;
MTTBEPD;;VL_GARANTIA;float;8;;;
MTTBEPD;;QTD_UNIDADES;smallint;2;;;
MTTBEPD;;DT_CONTRATO;char;8;;;
MTTBEPD;;REGIAO;smallint;2;;;
MTTBEPD;;NUCLEO;smallint;2;;;
MTTBEPD;;CONTRATO;char;10;;;
MTTBEPD;;VALOR_M2;float;8;;;
MTTBEPD;;PERC_OBRA;float;8;;;
MTTBEPE;;CODEMP;smallint;2;;;
MTTBEPE;;CODEPE;int;4;;;
MTTBEPE;;NOME;char;50;;;
MTTBEPE;;TIPO;char;5;;;
MTTBEPE;;STATUS;char;1;;;
MTTBEPE;;DT_VALIDADE;char;8;;;
MTTBEPE;;REGIAO_PLE;smallint;2;;;
MTTBEPE;;NUCLEO_PLE;smallint;2;;;
MTTBEPE;;CONTRATO_PLE;char;10;;;
MTTBEPE;;ENDERECO;char;50;;;
MTTBEPE;;BAIRRO;char;15;;;
MTTBEPE;;CIDADE;char;15;;;
MTTBEPE;;UF;char;2;;;
MTTBEPE;;CEP;char;8;;;
MTTBEPE;;PESSOA;char;1;;;
MTTBEPE;;CGCCPF;char;14;;;
MTTBEPE;;AGE_CAUC;smallint;2;;;
MTTBEPE;;CTA_CAUC;char;14;;;
MTTBEPE;;QTD_BLQ;smallint;2;;;
MTTBEPE;;QTD_UNI;smallint;2;;;
MTTBEPE;;QTD_BLQ_CAD;smallint;2;;;
MTTBEPE;;QTD_UNI_CAD;smallint;2;;;
MTTBEPE;;AREA_TERRENO;float;8;;;
MTTBEPE;;AREA_TOT;float;8;;;
MTTBEPE;;AREA_TOT_CAD;float;8;;;
MTTBEPE;;TIPO_OBRA;smallint;2;;;
MTTBEPE;;DT_INI_OBRA;char;8;;;
MTTBEPE;;DT_FIM_OBRA;char;8;;;
MTTBEPE;;PERC_OBRA;float;8;;;
MTTBEPE;;VL_ORCAMENTO;float;8;;;
MTTBEPE;;VL_TERRENO_A;float;8;;;
MTTBEPE;;VL_TERRENO;float;8;;;
MTTBEPE;;VL_CONSTRU_A;float;8;;;
MTTBEPE;;VL_CONSTRU;float;8;;;
MTTBEPE;;VL_M2;float;8;;;
MTTBEQP;;CODEMP;smallint;2;;;
MTTBEQP;;EQ_PL_PA;smallint;2;;;
MTTBEQP;;TIPO_EQP;smallint;2;;;
MTTBEQP;;DATA_REAJ;char;6;;;
MTTBEQP;;DB_01;float;8;;;
MTTBEQP;;DB_02;float;8;;;
MTTBEQP;;DB_03;float;8;;;
MTTBEQP;;DB_04;float;8;;;
MTTBEQP;;DB_05;float;8;;;
MTTBEQP;;DB_06;float;8;;;
MTTBEQP;;DB_07;float;8;;;
MTTBEQP;;DB_08;float;8;;;
MTTBEQP;;DB_09;float;8;;;
MTTBEQP;;DB_10;float;8;;;
MTTBEQP;;DB_11;float;8;;;
MTTBEQP;;DB_12;float;8;;;
MTTBEQP;;AUT_03;float;8;;;
MTTBEQP;;AUT_05;float;8;;;
MTTBEQP;;APOSENT;float;8;;;
MTTBERE;;CODEMP;smallint;2;;;
MTTBERE;;CODIGO;int;4;;;
MTTBERE;;NOME;char;30;;;
MTTBERE;;ENDERECO;char;30;;;
MTTBERE;;COMPLEMENTO;char;30;;;
MTTBERE;;BAIRRO;char;15;;;
MTTBERE;;CIDADE;char;15;;;
MTTBERE;;ESTADO;char;2;;;
MTTBERE;;CODCEP;int;4;;;
MTTBERE;;SUFCEP;smallint;2;;;
MTTBERE;;BANCO;smallint;2;;;
MTTBERE;;AGENCIA;int;4;;;
MTTBERE;;CONTA;char;16;;;
MTTBERE;;DTHABITESE;char;8;;;
MTTBERR;;CODEMP;smallint;2;;;
MTTBERR;;DATA_COMP;char;6;;;
MTTBERR;;EMPGAR;smallint;2;;;
MTTBERR;;PROJETO;varchar;19;;;
MTTBERR;;PROCESSO;smallint;2;;;
MTTBERR;;NUM_JOB;smallint;2;;;
MTTBERR;;HORA_INI;char;8;;;
MTTBERR;;HORA_FIN;char;8;;;
MTTBERR;;NUM_ERRO;int;4;;;
MTTBESR;;CODEMP;smallint;2;;;
MTTBESR;;CODESR;smallint;2;;;
MTTBESR;;NOME_ESR;char;30;;;
MTTBESR;;ENDERECO;char;30;;;
MTTBESR;;COMPLEMENTO;char;15;;;
MTTBESR;;BAIRRO;char;15;;;
MTTBESR;;CIDADE;char;15;;;
MTTBESR;;ESTADO;char;2;;;
MTTBESR;;COD_CEP;int;4;;;
MTTBESR;;CPL_CEP;smallint;2;;;
MTTBESR;;DDD_TEL;int;4;;;
MTTBESR;;NUM_TEL;int;4;;;
MTTBEVB;;CODEMP;smallint;2;;;
MTTBEVB;;REGIAO;smallint;2;;;
MTTBEVB;;NUCLEO;smallint;2;;;
MTTBEVB;;CONTRATO;char;10;;;
MTTBEVB;;DATA_EVM;char;6;;;
MTTBEVB;;PRT_DIA_VENC;char;2;;;
MTTBEVB;;PRT_NUM_PRES;smallint;2;;;
MTTBEVB;;PRT_VAL_AMJ;float;8;;;
MTTBEVB;;PRT_VAL_RAZ;float;8;;;
MTTBEVB;;PRT_VAL_JUR;float;8;;;
MTTBEVB;;TXA_VAL_TXA1;float;8;;;
MTTBEVB;;TXA_VAL_TXA2;float;8;;;
MTTBEVB;;TXA_VAL_TXA3;float;8;;;
MTTBEVB;;TXA_VAL_FCVS;float;8;;;
MTTBEVB;;EXT_VAL_CC;float;8;;;
MTTBEVB;;EXT_VAL_MORA;float;8;;;
MTTBEVB;;EXT_VAL_SUBS;float;8;;;
MTTBEVB;;EXT_VAL_OUTR;float;8;;;
MTTBEVB;;EXT_VAL_IOF;float;8;;;
MTTBEVB;;FGT_COT_FGTS;smallint;2;;;
MTTBEVB;;FGT_VAL_FGTS;float;8;;;
MTTBEVB;;SEG_MIP;float;8;;;
MTTBEVB;;SEG_CRED;float;8;;;
MTTBEVB;;SEG_DFI;float;8;;;
MTTBEVB;;SALDO_TEOR;float;8;;;
MTTBEVB;;COR_VAL_GAR;float;8;;;
MTTBEVB;;COR_VAL_CMON;float;8;;;
MTTBEVB;;COR_IND_CMON;float;8;;;
MTTBEVB;;COR_DIA_CMON;smallint;2;;;
MTTBEVB;;PR_JR_97222;float;8;;;
MTTBEVB;;CM_VL_97222;float;8;;;
MTTBEVB;;SALDO_97222;float;8;;;
MTTBEVB;;PRT_JUR_NOV;float;8;;;
MTTBEVB;;COR_VAL_NOV;float;8;;;
MTTBEVB;;SALDO_NOV;float;8;;;
MTTBEVB;;PRT_JUR_JNP;float;8;;;
MTTBEVB;;COR_VAL_JNP;float;8;;;
MTTBEVB;;SALDO_JNP;float;8;;;
MTTBEVB;;PRT_JUR_OUT;float;8;;;
MTTBEVB;;COR_VAL_OUT;float;8;;;
MTTBEVB;;SALDO_OUT;float;8;;;
MTTBEVB;;SALDO_MONT;float;8;;;
MTTBEVB;;REA_TIPOREAJ;smallint;2;;;
MTTBEVB;;REA_MOT_REAJ;smallint;2;;;
MTTBEVB;;REA_IND_REAJ;float;8;;;
MTTBEVB;;REA_DIA_REAJ;smallint;2;;;
MTTBEVB;;FLG_RENEG;smallint;2;;;
MTTBEVB;;CTB_SIT_CONT;smallint;2;;;
MTTBEVB;;CTB_REN_CMON;smallint;2;;;
MTTBEVB;;CTB_REN_PRES;smallint;2;;;
MTTBEVB;;CTB_SIT_PRES;smallint;2;;;
MTTBEVB;;PAG_SIT_PGTO;smallint;2;;;
MTTBEVB;;PAG_BCO_AGE;char;8;;;
MTTBEVB;;PAG_DTA_PGTO;char;8;;;
MTTBEVB;;PAG_DTA_ESTR;char;8;;;
MTTBEVB;;PAG_DTA_PROR;char;8;;;
MTTBEVB;;PAG_COD_BAIX;smallint;2;;;
MTTBEVB;;PAG_VAL_PGTO;float;8;;;
MTTBEVB;;PAG_DIF_PGTO;float;8;;;
MTTBEVB;;PAG_ATU_MON;float;8;;;
MTTBEVB;;PAG_JUR_REM;float;8;;;
MTTBEVB;;PAG_MORA_DEV;float;8;;;
MTTBEVB;;PAG_MULTA;float;8;;;
MTTBEVB;;PAG_OUTROS;float;8;;;
MTTBEVB;;PAG_DTA_MORA;char;8;;;
MTTBEVB;;PAG_SEQ_REC;int;4;;;
MTTBEVB;;VAL_RES1;float;8;;;
MTTBEVB;;VAL_RES2;float;8;;;
MTTBEVB;;VAL_RES3;float;8;;;
MTTBEVB;;FLG_RES1;int;4;;;
MTTBEVB;;FLG_RES2;int;4;;;
MTTBEVB;;FLG_RES3;int;4;;;
MTTBEVB;;EXT_ValCCSem;float;8;;;
MTTBEVD;;CODEMP;smallint;2;;;
MTTBEVD;;REGIAO;smallint;2;;;
MTTBEVD;;NUCLEO;smallint;2;;;
MTTBEVD;;CONTRATO;char;10;;;
MTTBEVD;;TIPO;smallint;2;;;
MTTBEVD;;DATA_EVD;char;8;;;
MTTBEVD;;TIPO_EVD;smallint;2;;;
MTTBEVD;;SEQ_EVD;smallint;2;;;
MTTBEVD;;VALOR;float;8;;;
MTTBEVD;;SAL_DIF;float;8;;;
MTTBEVD;;TOT_VAP;float;8;;;
MTTBEVD;;IND_CORR;float;8;;;
MTTBEVD;;DATA_VENC;char;8;;;
MTTBEVD;;VALOR_BASE;float;8;;;
MTTBEVD;;IND_BASE_COR;float;8;;;
MTTBEVD;;QTD_DIAS;smallint;2;;;
MTTBEVF;;CODEMP;smallint;2;;;
MTTBEVF;;REGIAO;smallint;2;;;
MTTBEVF;;NUCLEO;smallint;2;;;
MTTBEVF;;CONTRATO;char;10;;;
MTTBEVF;;DATA_EVM;char;6;;;
MTTBEVF;;PRT_DIA_VENC;char;2;;;
MTTBEVF;;PRT_NUM_PRES;smallint;2;;;
MTTBEVF;;PRT_VAL_AMJ;float;8;;;
MTTBEVF;;PRT_VAL_RAZ;float;8;;;
MTTBEVF;;PRT_VAL_JUR;float;8;;;
MTTBEVF;;TXA_VAL_TXA1;float;8;;;
MTTBEVF;;TXA_VAL_TXA2;float;8;;;
MTTBEVF;;TXA_VAL_TXA3;float;8;;;
MTTBEVF;;TXA_VAL_FCVS;float;8;;;
MTTBEVF;;EXT_VAL_CC;float;8;;;
MTTBEVF;;EXT_VAL_MORA;float;8;;;
MTTBEVF;;EXT_VAL_SUBS;float;8;;;
MTTBEVF;;EXT_VAL_OUTR;float;8;;;
MTTBEVF;;EXT_VAL_IOF;float;8;;;
MTTBEVF;;FGT_COT_FGTS;smallint;2;;;
MTTBEVF;;FGT_VAL_FGTS;float;8;;;
MTTBEVF;;SEG_MIP;float;8;;;
MTTBEVF;;SEG_CRED;float;8;;;
MTTBEVF;;SEG_DFI;float;8;;;
MTTBEVF;;SALDO_TEOR;float;8;;;
MTTBEVF;;COR_VAL_GAR;float;8;;;
MTTBEVF;;COR_VAL_CMON;float;8;;;
MTTBEVF;;COR_IND_CMON;float;8;;;
MTTBEVF;;COR_DIA_CMON;smallint;2;;;
MTTBEVF;;PR_JR_97222;float;8;;;
MTTBEVF;;CM_VL_97222;float;8;;;
MTTBEVF;;SALDO_97222;float;8;;;
MTTBEVF;;PRT_JUR_NOV;float;8;;;
MTTBEVF;;COR_VAL_NOV;float;8;;;
MTTBEVF;;SALDO_NOV;float;8;;;
MTTBEVF;;PRT_JUR_JNP;float;8;;;
MTTBEVF;;COR_VAL_JNP;float;8;;;
MTTBEVF;;SALDO_JNP;float;8;;;
MTTBEVF;;PRT_JUR_OUT;float;8;;;
MTTBEVF;;COR_VAL_OUT;float;8;;;
MTTBEVF;;SALDO_OUT;float;8;;;
MTTBEVF;;SALDO_MONT;float;8;;;
MTTBEVF;;REA_TIPOREAJ;smallint;2;;;
MTTBEVF;;REA_MOT_REAJ;smallint;2;;;
MTTBEVF;;REA_IND_REAJ;float;8;;;
MTTBEVF;;REA_DIA_REAJ;smallint;2;;;
MTTBEVF;;FLG_RENEG;smallint;2;;;
MTTBEVF;;CTB_SIT_CONT;smallint;2;;;
MTTBEVF;;CTB_REN_CMON;smallint;2;;;
MTTBEVF;;CTB_REN_PRES;smallint;2;;;
MTTBEVF;;CTB_SIT_PRES;smallint;2;;;
MTTBEVF;;PAG_SIT_PGTO;smallint;2;;;
MTTBEVF;;PAG_BCO_AGE;char;8;;;
MTTBEVF;;PAG_DTA_PGTO;char;8;;;
MTTBEVF;;PAG_DTA_ESTR;char;8;;;
MTTBEVF;;PAG_DTA_PROR;char;8;;;
MTTBEVF;;PAG_COD_BAIX;smallint;2;;;
MTTBEVF;;PAG_VAL_PGTO;float;8;;;
MTTBEVF;;PAG_DIF_PGTO;float;8;;;
MTTBEVF;;PAG_ATU_MON;float;8;;;
MTTBEVF;;PAG_JUR_REM;float;8;;;
MTTBEVF;;PAG_MORA_DEV;float;8;;;
MTTBEVF;;PAG_MULTA;float;8;;;
MTTBEVF;;PAG_OUTROS;float;8;;;
MTTBEVF;;PAG_DTA_MORA;char;8;;;
MTTBEVF;;PAG_SEQ_REC;int;4;;;
MTTBEVF;;VAL_RES1;float;8;;;
MTTBEVF;;VAL_RES2;float;8;;;
MTTBEVF;;VAL_RES3;float;8;;;
MTTBEVF;;FLG_RES1;int;4;;;
MTTBEVF;;FLG_RES2;int;4;;;
MTTBEVF;;FLG_RES3;int;4;;;
MTTBEVM;;CODEMP;smallint;2;;;
MTTBEVM;;REGIAO;smallint;2;;;
MTTBEVM;;NUCLEO;smallint;2;;;
MTTBEVM;;CONTRATO;char;10;;;
MTTBEVM;;DATA_EVM;char;6;;;
MTTBEVM;;PRT_DIA_VENC;char;2;;;
MTTBEVM;;PRT_NUM_PRES;smallint;2;;;
MTTBEVM;;PRT_VAL_AMJ;float;8;;;
MTTBEVM;;PRT_VAL_RAZ;float;8;;;
MTTBEVM;;PRT_VAL_JUR;float;8;;;
MTTBEVM;;TXA_VAL_TXA1;float;8;;;
MTTBEVM;;TXA_VAL_TXA2;float;8;;;
MTTBEVM;;TXA_VAL_TXA3;float;8;;;
MTTBEVM;;TXA_VAL_FCVS;float;8;;;
MTTBEVM;;EXT_VAL_CC;float;8;;;
MTTBEVM;;EXT_VAL_MORA;float;8;;;
MTTBEVM;;EXT_VAL_SUBS;float;8;;;
MTTBEVM;;EXT_VAL_OUTR;float;8;;;
MTTBEVM;;EXT_VAL_IOF;float;8;;;
MTTBEVM;;FGT_COT_FGTS;smallint;2;;;
MTTBEVM;;FGT_VAL_FGTS;float;8;;;
MTTBEVM;;SEG_MIP;float;8;;;
MTTBEVM;;SEG_CRED;float;8;;;
MTTBEVM;;SEG_DFI;float;8;;;
MTTBEVM;;SALDO_TEOR;float;8;;;
MTTBEVM;;COR_VAL_GAR;float;8;;;
MTTBEVM;;COR_VAL_CMON;float;8;;;
MTTBEVM;;COR_IND_CMON;float;8;;;
MTTBEVM;;COR_DIA_CMON;smallint;2;;;
MTTBEVM;;PR_JR_97222;float;8;;;
MTTBEVM;;CM_VL_97222;float;8;;;
MTTBEVM;;SALDO_97222;float;8;;;
MTTBEVM;;PRT_JUR_NOV;float;8;;;
MTTBEVM;;COR_VAL_NOV;float;8;;;
MTTBEVM;;SALDO_NOV;float;8;;;
MTTBEVM;;PRT_JUR_JNP;float;8;;;
MTTBEVM;;COR_VAL_JNP;float;8;;;
MTTBEVM;;SALDO_JNP;float;8;;;
MTTBEVM;;PRT_JUR_OUT;float;8;;;
MTTBEVM;;COR_VAL_OUT;float;8;;;
MTTBEVM;;SALDO_OUT;float;8;;;
MTTBEVM;;SALDO_MONT;float;8;;;
MTTBEVM;;REA_TIPOREAJ;smallint;2;;;
MTTBEVM;;REA_MOT_REAJ;smallint;2;;;
MTTBEVM;;REA_IND_REAJ;float;8;;;
MTTBEVM;;REA_DIA_REAJ;smallint;2;;;
MTTBEVM;;FLG_RENEG;smallint;2;;;
MTTBEVM;;CTB_SIT_CONT;smallint;2;;;
MTTBEVM;;CTB_REN_CMON;smallint;2;;;
MTTBEVM;;CTB_REN_PRES;smallint;2;;;
MTTBEVM;;CTB_SIT_PRES;smallint;2;;;
MTTBEVM;;PAG_SIT_PGTO;smallint;2;;;
MTTBEVM;;PAG_BCO_AGE;char;8;;;
MTTBEVM;;PAG_DTA_PGTO;char;8;;;
MTTBEVM;;PAG_DTA_ESTR;char;8;;;
MTTBEVM;;PAG_DTA_PROR;char;8;;;
MTTBEVM;;PAG_COD_BAIX;smallint;2;;;
MTTBEVM;;PAG_VAL_PGTO;float;8;;;
MTTBEVM;;PAG_DIF_PGTO;float;8;;;
MTTBEVM;;PAG_ATU_MON;float;8;;;
MTTBEVM;;PAG_JUR_REM;float;8;;;
MTTBEVM;;PAG_MORA_DEV;float;8;;;
MTTBEVM;;PAG_MULTA;float;8;;;
MTTBEVM;;PAG_OUTROS;float;8;;;
MTTBEVM;;PAG_DTA_MORA;char;8;;;
MTTBEVM;;PAG_SEQ_REC;int;4;;;
MTTBEVM;;VAL_RES1;float;8;;;
MTTBEVM;;VAL_RES2;float;8;;;
MTTBEVM;;VAL_RES3;float;8;;;
MTTBEVM;;FLG_RES1;int;4;;;
MTTBEVM;;FLG_RES2;int;4;;;
MTTBEVM;;FLG_RES3;int;4;;;
MTTBEVM;;EXT_ValCCSem;float;8;;;
MTTBEVP;;CODEMP;smallint;2;;;
MTTBEVP;;COD_EVP_JUR;smallint;2;;;
MTTBEVP;;COD_EVP_FIS;smallint;2;;;
MTTBEVP;;FISJUR;smallint;2;;;
MTTBEVP;;TIPO_EVP;smallint;2;;;
MTTBEVP;;CGC_CPF;char;14;;;
MTTBEVP;;CLIENTE_UNIC;int;4;;;
MTTBEVP;;NOME;char;35;;;
MTTBEVP;;COD_MUNIC;int;4;;;
MTTBEVP;;MUNICIPIO;char;25;;;
MTTBEVP;;ESTADO;char;2;;;
MTTBEVP;;OAB_UF;char;2;;;
MTTBEVP;;OAB_REGISTRO;char;10;;;
MTTBEVP;;RAMO_ATIVID;smallint;2;;;
MTTBEVP;;QTD_REF;int;4;;;
MTTBEVR;;CODEMP;smallint;2;;;
MTTBEVR;;REGIAO;smallint;2;;;
MTTBEVR;;NUCLEO;smallint;2;;;
MTTBEVR;;CONTRATO;char;10;;;
MTTBEVR;;DATA_CONTAB;char;8;;;
MTTBEVR;;SEQ;int;4;;;
MTTBEVR;;TIPO_REF;char;5;;;
MTTBEVR;;TIPO_LANC;smallint;2;;;
MTTBEVR;;COMP_LANC;smallint;2;;;
MTTBEVR;;NAT_OPER_SLD;smallint;2;;;
MTTBEVR;;DATA_COMP;char;8;;;
MTTBEVR;;DATA_EVM;char;6;;;
MTTBEVR;;LIN_CRED;smallint;2;;;
MTTBEVR;;CTB_CONTA;char;20;;;
MTTBEVR;;PC_COHAB;float;8;;;
MTTBEVR;;PC_FMH;float;8;;;
MTTBEVR;;PC_PART_FMH;float;8;;;
MTTBEVR;;VAL_RECEITA;float;8;;;
MTTBEVR;;JUR_RECEITA;float;8;;;
MTTBEVR;;VAL_CUSTO;float;8;;;
MTTBEVR;;JUR_CUSTO;float;8;;;
MTTBEVR;;SLD_RECEITA;float;8;;;
MTTBEVR;;SLD_CUSTO;float;8;;;
MTTBEVR;;TOT_JUR_REC;float;8;;;
MTTBEVR;;TOT_JUR_CUS;float;8;;;
MTTBEVR;;FVAL_RECEITA;float;8;;;
MTTBEVR;;FJUR_RECEITA;float;8;;;
MTTBEVR;;FVAL_CUSTO;float;8;;;
MTTBEVR;;FJUR_CUSTO;float;8;;;
MTTBEVR;;FSLD_RECEITA;float;8;;;
MTTBEVR;;FSLD_CUSTO;float;8;;;
MTTBEVR;;FTOT_JUR_REC;float;8;;;
MTTBEVR;;FTOT_JUR_CUS;float;8;;;
MTTBEVR;;GRUP_CTB_REC;int;4;;;
MTTBEVR;;GRUP_CTB_CUS;int;4;;;
MTTBEVR;;GRUP_CTB_JUR;int;4;;;
MTTBEVX;;CODEMP;smallint;2;;;
MTTBEVX;;REGIAO;smallint;2;;;
MTTBEVX;;NUCLEO;smallint;2;;;
MTTBEVX;;CONTRATO;char;10;;;
MTTBEVX;;TIPO;smallint;2;;;
MTTBEVX;;DATA_EVD;char;8;;;
MTTBEVX;;TIPO_EVD;smallint;2;;;
MTTBEVX;;SEQ_EVD;smallint;2;;;
MTTBEVX;;VALOR;float;8;;;
MTTBEVX;;SAL_DIF;float;8;;;
MTTBEVX;;TOT_VAP;float;8;;;
MTTBEVX;;IND_CORR;float;8;;;
MTTBEVX;;DATA_VENC;char;8;;;
MTTBEVX;;VALOR_BASE;float;8;;;
MTTBEVX;;IND_BASE_COR;float;8;;;
MTTBEVX;;QTD_DIAS;smallint;2;;;
MTTBEXP;;CODEMP;smallint;2;;;
MTTBEXP;;COD_LAY_OUT;smallint;2;;;
MTTBEXP;;TIPO_REG;smallint;2;;;
MTTBEXP;;POS_INI;smallint;2;;;
MTTBEXP;;POS_FIM;smallint;2;;;
MTTBEXP;;TIPO_DADO;smallint;2;;;
MTTBEXP;;DADO;char;60;;;
MTTBEXP;;OBS;char;60;;;
MTTBFAS;;CODEMP;smallint;2;;;
MTTBFAS;;COD_FASE;smallint;2;;;
MTTBFAS;;DESC_FASE;char;50;;;
MTTBFAS;;PRZ_FASE;smallint;2;;;
MTTBFAS;;FLG_AGENDA;smallint;2;;;
MTTBFAS;;COD_AGENDA;smallint;2;;;
MTTBFAS;;FLG_VALOR;smallint;2;;;
MTTBFAS;;QTD_REF;int;4;;;
MTTBFCA;;CODEMP;smallint;2;;;
MTTBFCA;;REGIAO;smallint;2;;;
MTTBFCA;;NUCLEO;smallint;2;;;
MTTBFCA;;CONTRATO;char;10;;;
MTTBFCA;;DATA_ALT;char;8;;;
MTTBFCA;;HORA_ALT;char;6;;;
MTTBFCA;;TABELA;char;12;;;
MTTBFCA;;COLUNA;char;12;;;
MTTBFCA;;VAL_ANT;char;128;;;
MTTBFCA;;VAL_ATU;char;128;;;
MTTBFCF;;CODEMP;smallint;2;;;
MTTBFCF;;REGIAO;smallint;2;;;
MTTBFCF;;NUCLEO;smallint;2;;;
MTTBFCF;;CONTRATO;char;10;;;
MTTBFCF;;DATA_EVM;char;6;;;
MTTBFCF;;MATRICULA;char;7;;;
MTTBFCF;;CARGO;char;6;;;
MTTBFCF;;ATS;smallint;2;;;
MTTBFCF;;SAL_BASE;float;8;;;
MTTBFCF;;SAL_PARTIC;float;8;;;
MTTBFCF;;PERC_COMPR;float;8;;;
MTTBFCF;;PREST_MAXIMA;float;8;;;
MTTBFCF;;PREST_IDEAL;float;8;;;
MTTBFCF;;INDIC_IDEAL;float;8;;;
MTTBFCF;;TAXA_DESC;float;8;;;
MTTBFCF;;PERC_BENEF;float;8;;;
MTTBFCF;;PERC_PENSAO;float;8;;;
MTTBFCF;;CENTRO_ADM;smallint;2;;;
MTTBFCF;;SUREG;smallint;2;;;
MTTBFCF;;LOTACAO;smallint;2;;;
MTTBFCF;;AGENCIA_DEP;smallint;2;;;
MTTBFCF;;OPER_DEP;smallint;2;;;
MTTBFCF;;CONTA_DEP;char;10;;;
MTTBFCF;;RELAC_EMPREG;smallint;2;;;
MTTBFCF;;RENDA_GLOBAL;float;8;;;
MTTBFDOS;;id;int;4;;;
MTTBFDOS;;codigo_dec;int;4;;;
MTTBFDOS;;cadmut;bigint;8;;;
MTTBFDOS;;situacao;tinyint;1;;;
MTTBFDOS;;responsavel;varchar;100;;;
MTTBFDOS;;numero_fila;int;4;;;
MTTBFDOS;;criado_em;datetime;8;;;
MTTBFDOS;;alterado_em;datetime;8;;;
MTTBFEM;;CODEMP;smallint;2;;;
MTTBFEM;;REGIAO;smallint;2;;;
MTTBFEM;;NUCLEO;smallint;2;;;
MTTBFEM;;CONTRATO;char;10;;;
MTTBFEM;;CPF;char;14;;;
MTTBFEM;;DATA_FEM;char;8;;;
MTTBFEM;;EMP_NOME;char;35;;;
MTTBFEM;;EMP_CGC;char;14;;;
MTTBFEM;;EMP_LOGRAD;char;3;;;
MTTBFEM;;EMP_ENDER;char;30;;;
MTTBFEM;;EMP_NUMERO;char;10;;;
MTTBFEM;;EMP_COMPL;char;15;;;
MTTBFEM;;EMP_BAIRRO;char;25;;;
MTTBFEM;;EMP_COD_MUN;int;4;;;
MTTBFEM;;EMP_MUNIC;char;25;;;
MTTBFEM;;EMP_UF;char;2;;;
MTTBFEM;;EMP_CEP;char;8;;;
MTTBFEM;;SIND_NOME;char;35;;;
MTTBFEM;;SIND_CGC;char;14;;;
MTTBFEM;;SIND_LOGRAD;char;3;;;
MTTBFEM;;SIND_ENDER;char;30;;;
MTTBFEM;;SIND_NUMERO;char;10;;;
MTTBFEM;;SIND_COMPL;char;15;;;
MTTBFEM;;SIND_BAIRRO;char;25;;;
MTTBFEM;;SIND_COD_MUN;int;4;;;
MTTBFEM;;SIND_MUNIC;char;25;;;
MTTBFEM;;SIND_UF;char;2;;;
MTTBFEM;;SIND_CEP;char;8;;;
MTTBFEM;;COD_CATEG;int;4;;;
MTTBFEM;;COMPL_CATEG;char;1;;;
MTTBFEM;;MES_BASE1;char;2;;;
MTTBFEM;;MES_BASE2;char;2;;;
MTTBFEM;;DATA_ASSIN;char;8;;;
MTTBFEM;;MOTIVO_FEM;smallint;2;;;
MTTBFEM;;TIPO_OPCAO;smallint;2;;;
MTTBFEM;;OBS_COMPL;char;250;;;
MTTBFEM;;DTA_INCLUSAO;char;8;;;
MTTBFEM;;HOR_INCLUSAO;char;8;;;
MTTBFEM;;USU_INCLUSAO;char;8;;;
MTTBFEM;;DTA_ALTER;char;8;;;
MTTBFEM;;HOR_ALTER;char;8;;;
MTTBFEM;;USU_ALTER;char;8;;;
MTTBFER;;CODEMP;smallint;2;;;
MTTBFER;;ANOMES;char;6;;;
MTTBFER;;TIPO;char;3;;;
MTTBFER;;DIAFER1;char;64;;;
MTTBFG1;;CODEMP;smallint;2;;;
MTTBFG1;;SEQARQ;int;4;;;
MTTBFG1;;SEQOP;int;4;;;
MTTBFG1;;SEQFMP;int;4;;;
MTTBFG1;;SEQCANC;int;4;;;
MTTBFG1;;SEQCONTA;int;4;;;
MTTBFG1;;MAT_AGENTE;int;4;;;
MTTBFG1;;SEQARQACAT;char;6;;;
MTTBFG10;;CODEMP;smallint;2;;;
MTTBFG10;;OPER_UNIC;int;4;;;
MTTBFG10;;TIPREG;char;2;;;
MTTBFG10;;TIPREM;char;9;;;
MTTBFG10;;TIPOPER;char;2;;;
MTTBFG10;;TIPCANC;char;1;;;
MTTBFG10;;DTACANC;char;8;;;
MTTBFG10;;CODUTI;char;3;;;
MTTBFG10;;MATRICAGF;int;4;;;
MTTBFG10;;BCOAG_ID;char;8;;;
MTTBFG10;;OPER_ID;char;15;;;
MTTBFG10;;OPER_AMB;char;1;;;
MTTBFG10;;IMOVEL_ID;char;20;;;
MTTBFG10;;TPIMO;char;1;;;
MTTBFG10;;LOGRADOURO;char;39;;;
MTTBFG10;;COMPLEMENTO;char;20;;;
MTTBFG10;;BAIRRO;char;20;;;
MTTBFG10;;COD_MUN;int;4;;;
MTTBFG10;;DESC_MUN;char;20;;;
MTTBFG10;;UF;char;2;;;
MTTBFG10;;CEP;char;8;;;
MTTBFG10;;VAL_CMP_VEND;float;8;;;
MTTBFG10;;VAL_AVALIA;float;8;;;
MTTBFG10;;VAL_FINANC;float;8;;;
MTTBFG10;;VAL_RECPROP;float;8;;;
MTTBFG10;;DTAPURSAL;char;8;;;
MTTBFG10;;VAL_SALDEV;float;8;;;
MTTBFG10;;VAL_PRESANT;float;8;;;
MTTBFG10;;TPLIQUID;char;1;;;
MTTBFG10;;OPERORIG;char;15;;;
MTTBFG10;;DTDIF_LIQUID;char;8;;;
MTTBFG10;;TOT_FGTS;float;8;;;
MTTBFG10;;TOT_FGTS_FMP;float;8;;;
MTTBFG10;;DTFIMOBRA;char;8;;;
MTTBFG10;;CONTASVINC;smallint;2;;;
MTTBFG10;;FMPVINC;smallint;2;;;
MTTBFG10;;STATUS;char;1;;;
MTTBFG10;;DTA_STATUS;char;8;;;
MTTBFG10;;CODBANCO;char;3;;;
MTTBFG10;;CODAGENC;char;5;;;
MTTBFG10;;NUMCONTA;char;10;;;
MTTBFG10;;USOAGENTE;char;26;;;
MTTBFG10;;FINANC_OPER;char;9;;;
MTTBFG10;;CODMENSTR;char;7;;;
MTTBFG10;;NOMECREDTIT;char;32;;;
MTTBFG10;;CODOPER;char;3;;;
MTTBFG10;;DTDEBITOS;char;8;;;
MTTBFG10;;VAL_PRI_FGTS;float;8;;;
MTTBFG10;;ATUMONET;float;8;;;
MTTBFG10;;TOTFGTSRES;float;8;;;
MTTBFG10;;DTRESSARC;char;8;;;
MTTBFG10;;CPMPNUM;char;15;;;
MTTBFG10;;MEIORESSARC;char;1;;;
MTTBFG10;;CONTR_INDIC;char;9;;;
MTTBFG10;;ORIG_CONTIND;char;1;;;
MTTBFG10;;CODRETORNO;char;2;;;
MTTBFG10;;CODOCORR;char;3;;;
MTTBFG10;;OBSERVACOES;char;30;;;
MTTBFG10;;SEQHEADER;char;6;;;
MTTBFG10;;CHAVEUNI;char;20;;;
MTTBFG10;;FLG_TPCHAVE;char;1;;;
MTTBFG10;;NOME;char;35;;;
MTTBFG10;;SEQ_REC;char;8;;;
MTTBFG10;;SEQ;int;4;;;
MTTBFG10;;DTA_INCLUSAO;char;8;;;
MTTBFG10;;HOR_INCLUSAO;char;8;;;
MTTBFG10;;USU_INCLUSAO;char;8;;;
MTTBFG10;;DTA_ALTER;char;8;;;
MTTBFG10;;HOR_ALTER;char;8;;;
MTTBFG10;;USU_ALTER;char;8;;;
MTTBFG10;;FLG_SIT_CAD;char;3;;;
MTTBFG11;;CODEMP;smallint;2;;;
MTTBFG11;;ARQ_UNIC;int;4;;;
MTTBFG11;;TIPREG_H;char;2;;;
MTTBFG11;;TIPREG_T;char;2;;;
MTTBFG11;;CGCCNPJ;char;14;;;
MTTBFG11;;MATRIC_AGEN;char;6;;;
MTTBFG11;;TOTREG11;int;4;;;
MTTBFG11;;TOTREG12;int;4;;;
MTTBFG11;;TOTREG13;int;4;;;
MTTBFG11;;TOTREG14;int;4;;;
MTTBFG11;;TOTREG21;int;4;;;
MTTBFG11;;TOTREG22;int;4;;;
MTTBFG11;;TOTREG23;int;4;;;
MTTBFG11;;TOTREG24;int;4;;;
MTTBFG11;;TOTREG50;int;4;;;
MTTBFG11;;TOTREG60;int;4;;;
MTTBFG11;;TOTREG;int;4;;;
MTTBFG11;;DTARQUIVO;char;8;;;
MTTBFG11;;DTRETORNO;char;8;;;
MTTBFG11;;VERLAYOUT;char;3;;;
MTTBFG11;;SEQARQ;char;6;;;
MTTBFG11;;CODRETORNO_H;char;2;;;
MTTBFG11;;CODRETORNO_T;char;2;;;
MTTBFG11;;CODOCORR_H;char;3;;;
MTTBFG11;;CODOCORR_T;char;3;;;
MTTBFG11;;OBS_H;char;30;;;
MTTBFG11;;OBS_T;char;30;;;
MTTBFG11;;SEQ_H;int;4;;;
MTTBFG11;;SEQ_T;int;4;;;
MTTBFG11;;TOT_FGTS_UTI;float;8;;;
MTTBFG11;;TOT_FGTS_RES;float;8;;;
MTTBFG11;;DTA_INCLUSAO;char;8;;;
MTTBFG11;;HOR_INCLUSAO;char;8;;;
MTTBFG11;;USU_INCLUSAO;char;8;;;
MTTBFG11;;DTA_ALTER;char;8;;;
MTTBFG11;;HOR_ALTER;char;8;;;
MTTBFG11;;USU_ALTER;char;8;;;
MTTBFG11;;FLG_SIT_CAD;char;3;;;
MTTBFG2;;CODEMP;smallint;2;;;
MTTBFG2;;ARQ_UNIC;int;4;;;
MTTBFG2;;TIPREG_H;char;2;;;
MTTBFG2;;TIPREG_T;char;2;;;
MTTBFG2;;CGCCNPJ;char;14;;;
MTTBFG2;;MATRIC_AGEN;char;6;;;
MTTBFG2;;TOTREG11;int;4;;;
MTTBFG2;;TOTREG12;int;4;;;
MTTBFG2;;TOTREG13;int;4;;;
MTTBFG2;;TOTREG14;int;4;;;
MTTBFG2;;TOTREG21;int;4;;;
MTTBFG2;;TOTREG22;int;4;;;
MTTBFG2;;TOTREG23;int;4;;;
MTTBFG2;;TOTREG24;int;4;;;
MTTBFG2;;TOTREG50;int;4;;;
MTTBFG2;;TOTREG60;int;4;;;
MTTBFG2;;TOTREG;int;4;;;
MTTBFG2;;DTARQUIVO;char;8;;;
MTTBFG2;;DTRETORNO;char;8;;;
MTTBFG2;;VERLAYOUT;char;3;;;
MTTBFG2;;SEQARQ;char;6;;;
MTTBFG2;;CODRETORNO_H;char;2;;;
MTTBFG2;;CODRETORNO_T;char;2;;;
MTTBFG2;;CODOCORR_H;char;3;;;
MTTBFG2;;CODOCORR_T;char;3;;;
MTTBFG2;;OBS_H;char;30;;;
MTTBFG2;;OBS_T;char;30;;;
MTTBFG2;;SEQ_H;int;4;;;
MTTBFG2;;SEQ_T;int;4;;;
MTTBFG2;;TOT_FGTS_UTI;float;8;;;
MTTBFG2;;TOT_FGTS_RES;float;8;;;
MTTBFG2;;DTA_INCLUSAO;char;8;;;
MTTBFG2;;HOR_INCLUSAO;char;8;;;
MTTBFG2;;USU_INCLUSAO;char;8;;;
MTTBFG2;;DTA_ALTER;char;8;;;
MTTBFG2;;HOR_ALTER;char;8;;;
MTTBFG2;;USU_ALTER;char;8;;;
MTTBFG2;;FLG_SIT_CAD;char;3;;;
MTTBFG3;;CODEMP;smallint;2;;;
MTTBFG3;;OPER_UNIC;int;4;;;
MTTBFG3;;TIPREG;char;2;;;
MTTBFG3;;TIPREM;char;9;;;
MTTBFG3;;TIPOPER;char;2;;;
MTTBFG3;;TIPCANC;char;1;;;
MTTBFG3;;DTACANC;char;8;;;
MTTBFG3;;CODUTI;char;3;;;
MTTBFG3;;MATRICAGF;int;4;;;
MTTBFG3;;BCOAG_ID;char;8;;;
MTTBFG3;;OPER_ID;char;15;;;
MTTBFG3;;OPER_AMB;char;1;;;
MTTBFG3;;IMOVEL_ID;char;20;;;
MTTBFG3;;TPIMO;char;1;;;
MTTBFG3;;LOGRADOURO;char;39;;;
MTTBFG3;;COMPLEMENTO;char;20;;;
MTTBFG3;;BAIRRO;char;20;;;
MTTBFG3;;COD_MUN;int;4;;;
MTTBFG3;;DESC_MUN;char;20;;;
MTTBFG3;;UF;char;2;;;
MTTBFG3;;CEP;char;8;;;
MTTBFG3;;VAL_CMP_VEND;float;8;;;
MTTBFG3;;VAL_AVALIA;float;8;;;
MTTBFG3;;VAL_FINANC;float;8;;;
MTTBFG3;;VAL_RECPROP;float;8;;;
MTTBFG3;;DTAPURSAL;char;8;;;
MTTBFG3;;VAL_SALDEV;float;8;;;
MTTBFG3;;VAL_PRESANT;float;8;;;
MTTBFG3;;TPLIQUID;char;1;;;
MTTBFG3;;OPERORIG;char;15;;;
MTTBFG3;;DTDIF_LIQUID;char;8;;;
MTTBFG3;;TOT_FGTS;float;8;;;
MTTBFG3;;TOT_FGTS_FMP;float;8;;;
MTTBFG3;;DTFIMOBRA;char;8;;;
MTTBFG3;;CONTASVINC;smallint;2;;;
MTTBFG3;;FMPVINC;smallint;2;;;
MTTBFG3;;STATUS;char;1;;;
MTTBFG3;;DTA_STATUS;char;8;;;
MTTBFG3;;CODBANCO;char;3;;;
MTTBFG3;;CODAGENC;char;5;;;
MTTBFG3;;NUMCONTA;char;10;;;
MTTBFG3;;USOAGENTE;char;26;;;
MTTBFG3;;FINANC_OPER;char;9;;;
MTTBFG3;;CODMENSTR;char;7;;;
MTTBFG3;;NOMECREDTIT;char;32;;;
MTTBFG3;;CODOPER;char;3;;;
MTTBFG3;;DTDEBITOS;char;8;;;
MTTBFG3;;VAL_PRI_FGTS;float;8;;;
MTTBFG3;;ATUMONET;float;8;;;
MTTBFG3;;TOTFGTSRES;float;8;;;
MTTBFG3;;DTRESSARC;char;8;;;
MTTBFG3;;CPMPNUM;char;15;;;
MTTBFG3;;MEIORESSARC;char;1;;;
MTTBFG3;;CONTR_INDIC;char;9;;;
MTTBFG3;;ORIG_CONTIND;char;1;;;
MTTBFG3;;CODRETORNO;char;2;;;
MTTBFG3;;CODOCORR;char;3;;;
MTTBFG3;;OBSERVACOES;char;30;;;
MTTBFG3;;SEQHEADER;char;6;;;
MTTBFG3;;CHAVEUNI;char;20;;;
MTTBFG3;;FLG_TPCHAVE;char;1;;;
MTTBFG3;;NOME;char;35;;;
MTTBFG3;;SEQ_REC;char;8;;;
MTTBFG3;;SEQ;int;4;;;
MTTBFG3;;DTA_INCLUSAO;char;8;;;
MTTBFG3;;HOR_INCLUSAO;char;8;;;
MTTBFG3;;USU_INCLUSAO;char;8;;;
MTTBFG3;;DTA_ALTER;char;8;;;
MTTBFG3;;HOR_ALTER;char;8;;;
MTTBFG3;;USU_ALTER;char;8;;;
MTTBFG3;;FLG_SIT_CAD;char;3;;;
MTTBFG3;;DTA_REAL;char;8;;;
MTTBFG3;;FLG_RES1;char;30;;;
MTTBFG3;;DTA_RETRO;char;8;;;
MTTBFG4;;CODEMP;smallint;2;;;
MTTBFG4;;CONTA_UNIC;int;4;;;
MTTBFG4;;TIPREG;char;2;;;
MTTBFG4;;TIPOPER;char;2;;;
MTTBFG4;;NOME;char;40;;;
MTTBFG4;;SITCONTA;char;1;;;
MTTBFG4;;CTFGTS_EMP;char;14;;;
MTTBFG4;;CTFGTS_TRA;char;11;;;
MTTBFG4;;PISPASEP;char;11;;;
MTTBFG4;;CGCCPF;char;14;;;
MTTBFG4;;DTNASC;char;8;;;
MTTBFG4;;VLR_FGTS;float;8;;;
MTTBFG4;;SaldoFGTS;float;8;;;
MTTBFG4;;DTEMISSAO;char;8;;;
MTTBFG4;;OPER_ID;char;15;;;
MTTBFG4;;CHAVEUNI;char;20;;;
MTTBFG4;;FLG_TPCHAVE;char;1;;;
MTTBFG4;;BASE_FGTS;char;2;;;
MTTBFG4;;CODRETORNO;char;2;;;
MTTBFG4;;CODOCORR;char;3;;;
MTTBFG4;;OBSERVACOES;char;30;;;
MTTBFG4;;SEQ;int;4;;;
MTTBFG4;;DTA_INCLUSAO;char;8;;;
MTTBFG4;;HOR_INCLUSAO;char;8;;;
MTTBFG4;;USU_INCLUSAO;char;8;;;
MTTBFG4;;DTA_ALTER;char;8;;;
MTTBFG4;;HOR_ALTER;char;8;;;
MTTBFG4;;USU_ALTER;char;8;;;
MTTBFG4;;FLG_SIT_CAD;char;3;;;
MTTBFG5;;CODEMP;smallint;2;;;
MTTBFG5;;FMP_UNIC;int;4;;;
MTTBFG5;;TIPREG;char;2;;;
MTTBFG5;;TIPREM;char;9;;;
MTTBFG5;;NOME;char;40;;;
MTTBFG5;;SITCONTA;char;1;;;
MTTBFG5;;MATRICAGF;char;6;;;
MTTBFG5;;CTFGTS_EMP;char;14;;;
MTTBFG5;;CTFGTS_TRA;char;11;;;
MTTBFG5;;BCOAGE_ID;char;8;;;
MTTBFG5;;TIPCONTA;char;1;;;
MTTBFG5;;PISPASEP;char;11;;;
MTTBFG5;;CGCCPF;char;14;;;
MTTBFG5;;TPSOLICIT;char;1;;;
MTTBFG5;;VAL_RESGATE;float;8;;;
MTTBFG5;;CGCADMIN;char;14;;;
MTTBFG5;;MATADM;char;8;;;
MTTBFG5;;MATFUNDO;char;8;;;
MTTBFG5;;OPER_ID;char;15;;;
MTTBFG5;;OPER_ID_VINC;char;15;;;
MTTBFG5;;CHAVEUNI;char;20;;;
MTTBFG5;;FLG_TPCHAVE;char;1;;;
MTTBFG5;;CODUTILIZA;char;3;;;
MTTBFG5;;USOAGENTE;char;26;;;
MTTBFG5;;BASEFGTS;char;2;;;
MTTBFG5;;VAL_EFETRESG;float;8;;;
MTTBFG5;;SALDOAPRESG;float;8;;;
MTTBFG5;;DTAPURSALDO;char;8;;;
MTTBFG5;;SITRESGATE;char;2;;;
MTTBFG5;;DTSOLICRESG;char;8;;;
MTTBFG5;;CODRETORNO;char;2;;;
MTTBFG5;;CODOCORR;char;3;;;
MTTBFG5;;OBSERVACOES;char;30;;;
MTTBFG5;;SEQ;int;4;;;
MTTBFG5;;DTA_INCLUSAO;char;8;;;
MTTBFG5;;HOR_INCLUSAO;char;8;;;
MTTBFG5;;USU_INCLUSAO;char;8;;;
MTTBFG5;;DTA_ALTER;char;8;;;
MTTBFG5;;HOR_ALTER;char;8;;;
MTTBFG5;;USU_ALTER;char;8;;;
MTTBFG5;;FLG_SIT_CAD;char;3;;;
MTTBFG6;;CODEMP;smallint;2;;;
MTTBFG6;;TPCONTA;int;4;;;
MTTBFG6;;BANCO;char;25;;;
MTTBFG6;;AGENCIA;int;4;;;
MTTBFG6;;CONTA;int;4;;;
MTTBFG6;;DESCRICAO;char;25;;;
MTTBFG6;;TITULAR;char;25;;;
MTTBFG7;;CODEMP;smallint;2;;;
MTTBFG7;;OPER_UNIC;int;4;;;
MTTBFG7;;CPF;char;14;;;
MTTBFG7;;SEQ;int;4;;;
MTTBFG7;;CTFGTS_EMP;char;14;;;
MTTBFG7;;CTFGTS_TRA;char;11;;;
MTTBFG7;;VAL_PARC;float;8;;;
MTTBFG7;;VAL_UTIL;float;8;;;
MTTBFG7;;BASE_FGTS;char;2;;;
MTTBFG7;;SITCONTA;char;1;;;
MTTBFG7;;DTEMISSAO;char;8;;;
MTTBFG8;;CODEMP;smallint;2;;;
MTTBFG8;;CONTA_UNIC;int;4;;;
MTTBFG8;;TIPREG;char;2;;;
MTTBFG8;;TIPOPER;char;2;;;
MTTBFG8;;NOME;char;40;;;
MTTBFG8;;SITCONTA;char;1;;;
MTTBFG8;;CTFGTS_EMP;char;14;;;
MTTBFG8;;CTFGTS_TRA;char;11;;;
MTTBFG8;;PISPASEP;char;11;;;
MTTBFG8;;CGCCPF;char;14;;;
MTTBFG8;;DTNASC;char;8;;;
MTTBFG8;;VLR_FGTS;float;8;;;
MTTBFG8;;DTEMISSAO;char;8;;;
MTTBFG8;;OPER_ID;char;15;;;
MTTBFG8;;CHAVEUNI;char;20;;;
MTTBFG8;;FLG_TPCHAVE;char;1;;;
MTTBFG8;;BASE_FGTS;char;2;;;
MTTBFG8;;CODRETORNO;char;2;;;
MTTBFG8;;CODOCORR;char;3;;;
MTTBFG8;;OBSERVACOES;char;30;;;
MTTBFG8;;SEQ;int;4;;;
MTTBFG8;;DTA_INCLUSAO;char;8;;;
MTTBFG8;;HOR_INCLUSAO;char;8;;;
MTTBFG8;;USU_INCLUSAO;char;8;;;
MTTBFG8;;DTA_ALTER;char;8;;;
MTTBFG8;;HOR_ALTER;char;8;;;
MTTBFG8;;USU_ALTER;char;8;;;
MTTBFG8;;FLG_SIT_CAD;char;3;;;
MTTBFG9;;CODEMP;smallint;2;;;
MTTBFG9;;FMP_UNIC;int;4;;;
MTTBFG9;;TIPREG;char;2;;;
MTTBFG9;;TIPREM;char;9;;;
MTTBFG9;;NOME;char;40;;;
MTTBFG9;;SITCONTA;char;1;;;
MTTBFG9;;MATRICAGF;char;6;;;
MTTBFG9;;CTFGTS_EMP;char;14;;;
MTTBFG9;;CTFGTS_TRA;char;11;;;
MTTBFG9;;BCOAGE_ID;char;8;;;
MTTBFG9;;TIPCONTA;char;1;;;
MTTBFG9;;PISPASEP;char;11;;;
MTTBFG9;;CGCCPF;char;14;;;
MTTBFG9;;TPSOLICIT;char;1;;;
MTTBFG9;;VAL_RESGATE;float;8;;;
MTTBFG9;;CGCADMIN;char;14;;;
MTTBFG9;;MATADM;char;8;;;
MTTBFG9;;MATFUNDO;char;8;;;
MTTBFG9;;OPER_ID;char;15;;;
MTTBFG9;;OPER_ID_VINC;char;15;;;
MTTBFG9;;CHAVEUNI;char;20;;;
MTTBFG9;;FLG_TPCHAVE;char;1;;;
MTTBFG9;;CODUTILIZA;char;3;;;
MTTBFG9;;USOAGENTE;char;26;;;
MTTBFG9;;BASEFGTS;char;2;;;
MTTBFG9;;VAL_EFETRESG;float;8;;;
MTTBFG9;;SALDOAPRESG;float;8;;;
MTTBFG9;;DTAPURSALDO;char;8;;;
MTTBFG9;;SITRESGATE;char;2;;;
MTTBFG9;;DTSOLICRESG;char;8;;;
MTTBFG9;;CODRETORNO;char;2;;;
MTTBFG9;;CODOCORR;char;3;;;
MTTBFG9;;OBSERVACOES;char;30;;;
MTTBFG9;;SEQ;int;4;;;
MTTBFG9;;DTA_INCLUSAO;char;8;;;
MTTBFG9;;HOR_INCLUSAO;char;8;;;
MTTBFG9;;USU_INCLUSAO;char;8;;;
MTTBFG9;;DTA_ALTER;char;8;;;
MTTBFG9;;HOR_ALTER;char;8;;;
MTTBFG9;;USU_ALTER;char;8;;;
MTTBFG9;;FLG_SIT_CAD;char;3;;;
MTTBFGB;;CODEMP;smallint;2;;;
MTTBFGB;;REGIAO;smallint;2;;;
MTTBFGB;;NUCLEO;smallint;2;;;
MTTBFGB;;CONTRATO;char;10;;;
MTTBFGB;;DTA_AUT;char;8;;;
MTTBFGB;;DAMP;int;4;;;
MTTBFGB;;DTA_INI;char;8;;;
MTTBFGB;;DTA_FIM;char;8;;;
MTTBFGB;;QT_CT_OR;smallint;2;;;
MTTBFGB;;PERC_UTI;float;8;;;
MTTBFGB;;VL_CT_OR;float;8;;;
MTTBFGB;;VL_TO_OR;float;8;;;
MTTBFGB;;PRI_COTA;float;8;;;
MTTBFGB;;CT_A_UTI;smallint;2;;;
MTTBFGB;;CT_UTILZ;smallint;2;;;
MTTBFGB;;VL_UCOT;float;8;;;
MTTBFGB;;SALDO;float;8;;;
MTTBFGB;;RESIDUO;float;8;;;
MTTBFGB;;DT_UL_UT;char;8;;;
MTTBFGB;;ACCSEQ;char;25;;;
MTTBFGB;;FL_SIT;char;1;;;
MTTBFGB;;FL_ANDA;smallint;2;;;
MTTBFGB;;FLG_USE;smallint;2;;;
MTTBFGB;;FLG_CONC;smallint;2;;;
MTTBFGB;;FL_RES3;smallint;2;;;
MTTBFGB;;FL_RES4;smallint;2;;;
MTTBFGC;;CODEMP;smallint;2;;;
MTTBFGC;;REGIAO;smallint;2;;;
MTTBFGC;;NUCLEO;smallint;2;;;
MTTBFGC;;CONTRATO;char;10;;;
MTTBFGC;;DAMP;int;4;;;
MTTBFGC;;DATA_EVM;char;6;;;
MTTBFGC;;QTD_COT_ORIG;smallint;2;;;
MTTBFGC;;NUM_COT_MES;smallint;2;;;
MTTBFGC;;COTA_ORIG;float;8;;;
MTTBFGC;;COTA_UTILIZ;float;8;;;
MTTBFGC;;RESID_UTILIZ;float;8;;;
MTTBFGC;;RESID_GERADO;float;8;;;
MTTBFGC;;CORR_SALDO;float;8;;;
MTTBFGC;;CORR_RESID;float;8;;;
MTTBFGC;;SALDO_ATUAL;float;8;;;
MTTBFGC;;RESID_ATUAL;float;8;;;
MTTBFGT;;CODEMP;smallint;2;;;
MTTBFGT;;REGIAO;smallint;2;;;
MTTBFGT;;NUCLEO;smallint;2;;;
MTTBFGT;;CONTRATO;char;10;;;
MTTBFGT;;DTA_AUT;char;8;;;
MTTBFGT;;DAMP;int;4;;;
MTTBFGT;;DTA_INI;char;8;;;
MTTBFGT;;DTA_FIM;char;8;;;
MTTBFGT;;QT_CT_OR;smallint;2;;;
MTTBFGT;;PERC_UTI;float;8;;;
MTTBFGT;;VL_CT_OR;float;8;;;
MTTBFGT;;VL_TO_OR;float;8;;;
MTTBFGT;;PRI_COTA;float;8;;;
MTTBFGT;;CT_A_UTI;smallint;2;;;
MTTBFGT;;CT_UTILZ;smallint;2;;;
MTTBFGT;;VL_UCOT;float;8;;;
MTTBFGT;;SALDO;float;8;;;
MTTBFGT;;RESIDUO;float;8;;;
MTTBFGT;;DT_UL_UT;char;8;;;
MTTBFGT;;ACCSEQ;char;25;;;
MTTBFGT;;FL_SIT;char;1;;;
MTTBFGT;;FL_ANDA;smallint;2;;;
MTTBFGT;;FLG_USE;smallint;2;;;
MTTBFGT;;FLG_CONC;smallint;2;;;
MTTBFGT;;FL_RES3;smallint;2;;;
MTTBFGT;;FL_RES4;smallint;2;;;
MTTBFH1;;CODEMP;smallint;2;;;
MTTBFH1;;REGIAO;smallint;2;;;
MTTBFH1;;NUCLEO;smallint;2;;;
MTTBFH1;;CONTRATO;char;10;;;
MTTBFH1;;NUM_CONTRATO;char;13;;;
MTTBFH1;;DV_CONTRATO;smallint;2;;;
MTTBFH1;;DT_HABILITACAO;char;8;;;
MTTBFH1;;TIPO;smallint;2;;;
MTTBFH1;;CPF_CI;char;14;;;
MTTBFH1;;DT_NASCTO;char;8;;;
MTTBFH1;;NOME_MUT;char;50;;;
MTTBFH1;;ENDERECO;char;45;;;
MTTBFH1;;COD_MUNICIPIO;int;4;;;
MTTBFH1;;UF;char;2;;;
MTTBFH1;;DT_EVENTO;char;8;;;
MTTBFH1;;HIPO;smallint;2;;;
MTTBFH1;;PLANO_CONTRAT;char;3;;;
MTTBFH1;;ST_CONTRAT;smallint;2;;;
MTTBFH1;;RJ_CONTRAT;char;1;;;
MTTBFH1;;RR_CONTRAT;smallint;2;;;
MTTBFH1;;INDX_CONTRAT;char;3;;;
MTTBFH1;;TAXA_JUROS_CONT;float;8;;;
MTTBFH1;;VLR_AG_FINANC;float;8;;;
MTTBFH1;;DC;char;1;;;
MTTBFH1;;DT_CONTRATO;char;8;;;
MTTBFH1;;TIPO_EVENTO;char;3;;;
MTTBFH1;;OR_CO;smallint;2;;;
MTTBFH1;;PERC_CEF;float;8;;;
MTTBFH1;;NUM_CONT_EMPRES;char;18;;;
MTTBFH1;;QTD_FH2;smallint;2;;;
MTTBFH1;;VLR_FINANC_CONT;float;8;;;
MTTBFH1;;PRAZO_CONTRAT;smallint;2;;;
MTTBFH1;;CES_CONTRAT;float;8;;;
MTTBFH1;;DT_SALDO_CONST;char;8;;;
MTTBFH1;;TX_JUROS_EVEN;float;8;;;
MTTBFH1;;SALDO_DEVEDOR;float;8;;;
MTTBFH1;;VLR_GARANTIA;float;8;;;
MTTBFH1;;PRIM_VENCTO;char;8;;;
MTTBFH1;;IM;char;2;;;
MTTBFH1;;DT_LEGISLACAO;char;8;;;
MTTBFH1;;SEG_CRE_MIP_DFI;float;8;;;
MTTBFH1;;VLR_PREST;float;8;;;
MTTBFH1;;TCA_TAC;float;8;;;
MTTBFH1;;FCVS_MENSAL;float;8;;;
MTTBFH1;;RAZ_ACRES_DECRE;float;8;;;
MTTBFH1;;DT_DIGITACAO;char;8;;;
MTTBFH1;;DT_EMISSAO;char;8;;;
MTTBFH1;;QTD_EMISSAO;smallint;2;;;
MTTBFH1;;VLR_FIN_FCVS;float;8;;;
MTTBFH1;;CAT_PROF;char;5;;;
MTTBFH1;;RESERVA;char;5;;;
MTTBFH1;;PRAZO_FCVS;smallint;2;;;
MTTBFH1;;TX_JURO_FCVS;float;8;;;
MTTBFH1;;CES_FCVS;float;8;;;
MTTBFH1;;PLANO_FCVS;char;3;;;
MTTBFH1;;ST_FCVS;smallint;2;;;
MTTBFH1;;RJ_FCVS;char;1;;;
MTTBFH1;;RR_FCVS;smallint;2;;;
MTTBFH1;;INDX_FCVS;char;3;;;
MTTBFH1;;VAF1_BASICO;float;8;;;
MTTBFH1;;VAF2_COMPL;float;8;;;
MTTBFH1;;VAF3_RESID;float;8;;;
MTTBFH1;;CONTRATO_ALFA;char;13;;;
MTTBFH1;;SITUACAO;char;1;;;
MTTBFH1;;DT_APURACAO;char;8;;;
MTTBFH1;;SALDO_APURADO;float;8;;;
MTTBFH1;;MESES_CARENCIA;smallint;2;;;
MTTBFH1;;PRAZO_RESSAR;smallint;2;;;
MTTBFH1;;DT_PERDE_JUROS;char;8;;;
MTTBFH1;;DT_ULT_SLD;char;8;;;
MTTBFH1;;SALDO_VENCIDO;float;8;;;
MTTBFH1;;LOTE_HABIL;smallint;2;;;
MTTBFH1;;QTD_CRITICA;smallint;2;;;
MTTBFH1;;CONTRATO_PRINC;int;4;;;
MTTBFH1;;VAF4;float;8;;;
MTTBFH2;;CODEMP;smallint;2;;;
MTTBFH2;;REGIAO;smallint;2;;;
MTTBFH2;;NUCLEO;smallint;2;;;
MTTBFH2;;CONTRATO;char;10;;;
MTTBFH2;;NUM_CONTRATO;char;13;;;
MTTBFH2;;SEQ_ALTER;smallint;2;;;
MTTBFH2;;DT_ALTERACAO;char;8;;;
MTTBFH2;;COD_ALT;smallint;2;;;
MTTBFH2;;MESANO_PRES_ALT;char;6;;;
MTTBFH2;;VLR_ALTERACAO;float;8;;;
MTTBFH2;;PRAZO;char;3;;;
MTTBFH2;;PLANO;char;3;;;
MTTBFH2;;ST;smallint;2;;;
MTTBFH2;;RJ;char;1;;;
MTTBFH2;;RR;smallint;2;;;
MTTBFH2;;INDX;char;3;;;
MTTBFH2;;TX_JUR_INDICE;float;8;;;
MTTBFH2;;DT_PREENC;char;8;;;
MTTBFH2;;DT_DIGITACAO;char;8;;;
MTTBFH2;;DT_EMISSAO;char;8;;;
MTTBFH2;;QTD_EMISSAO;smallint;2;;;
MTTBFH2;;COD_CATEG;char;5;;;
MTTBFH2;;LOTE_HABIL;smallint;2;;;
MTTBFH3;;CODEMP;smallint;2;;;
MTTBFH3;;REGIAO;smallint;2;;;
MTTBFH3;;NUCLEO;smallint;2;;;
MTTBFH3;;CONTRATO;char;10;;;
MTTBFH3;;NUM_CONTRATO;char;13;;;
MTTBFH3;;SEQ_ALTER;smallint;2;;;
MTTBFH3;;MES_PR_ALT;smallint;2;;;
MTTBFH3;;ANO_PR_ALT;smallint;2;;;
MTTBFH3;;TX_JUROS_IND;float;8;;;
MTTBFH3;;DT_DIGITACAO;char;8;;;
MTTBFH3;;DT_EMISSAO;char;8;;;
MTTBFH3;;LOTE_HABIL;int;4;;;
MTTBFH3;;COD_ALTERACAO;smallint;2;;;
MTTBFHC;;CODEMP;smallint;2;;;
MTTBFHC;;CONTRATO_FEH;char;10;;;
MTTBFHC;;COD_MUNIC;int;4;;;
MTTBFHC;;MUNICIPIO;char;25;;;
MTTBFHC;;QTD_UH;smallint;2;;;
MTTBFHC;;VAL_CONTRATO;float;8;;;
MTTBFHC;;DTA_INCLUSAO;char;8;;;
MTTBFHC;;HOR_INCLUSAO;char;8;;;
MTTBFHC;;USU_INCLUSAO;char;8;;;
MTTBFHC;;DTA_ALTER;char;8;;;
MTTBFHC;;HOR_ALTER;char;8;;;
MTTBFHC;;USU_ALTER;char;8;;;
MTTBFHL;;CODEMP;smallint;2;;;
MTTBFHL;;ENQD;smallint;2;;;
MTTBFHL;;DATAREF;char;6;;;
MTTBFHL;;DATA_CONTAB;char;8;;;
MTTBFHL;;DATA_COMP;char;8;;;
MTTBFHL;;COD_TRANS;char;5;;;
MTTBFHL;;REGIAO;smallint;2;;;
MTTBFHL;;NUCLEO;smallint;2;;;
MTTBFHL;;CONTRATO;char;10;;;
MTTBFHL;;DATA_EVM;char;8;;;
MTTBFHL;;PRT_DIA_VENC;char;2;;;
MTTBFHL;;VL_SALDO;float;8;;;
MTTBFHL;;VL_JUROS;float;8;;;
MTTBFHL;;VL_TAXA;float;8;;;
MTTBFHL;;VL_SEG;float;8;;;
MTTBFHL;;VL_FCVS;float;8;;;
MTTBFHL;;VL_FGTS;float;8;;;
MTTBFHL;;VL_SUBS;float;8;;;
MTTBFHL;;VL_CC;float;8;;;
MTTBFHL;;VL_IOF;float;8;;;
MTTBFHL;;VL_JNP;float;8;;;
MTTBFHL;;VL_ATUMON;float;8;;;
MTTBFHL;;VL_JURREM;float;8;;;
MTTBFHL;;VL_MORA;float;8;;;
MTTBFHL;;VL_MULTA;float;8;;;
MTTBFHL;;VL_DESC;float;8;;;
MTTBFHL;;VL_DIF_ENC;float;8;;;
MTTBFHL;;VL_DIF_MORA;float;8;;;
MTTBFHL;;VL_TARIFA;float;8;;;
MTTBFHL;;VL_OUTR;float;8;;;
MTTBFHL;;VL_RES1;float;8;;;
MTTBFHL;;VL_RES2;float;8;;;
MTTBFHL;;VL_RES3;float;8;;;
MTTBFHL;;LIN_CRED;smallint;2;;;
MTTBFHL;;TIPO_LANC;char;1;;;
MTTBFHL;;INDICATIVO;char;1;;;
MTTBFHL;;DATA_PROC;char;8;;;
MTTBFHL;;DATA_INCL;char;8;;;
MTTBFHL;;HOR_INCL;char;8;;;
MTTBFHL;;SEQ_UNICO;int;4;;;
MTTBFHL;;NATUREZA;char;1;;;
MTTBFHL;;COD_TRANSDESC;char;50;;;
MTTBFHN;;CODEMP;smallint;2;;;
MTTBFHN;;CONTRATO_FEH;char;10;;;
MTTBFHN;;REGIAO;smallint;2;;;
MTTBFHN;;NUCLEO;int;4;;;
MTTBFHN;;NOME_NUCLEO;char;45;;;
MTTBFHN;;QTD_UH;smallint;2;;;
MTTBFHN;;VALOR_UH;float;8;;;
MTTBFHN;;QTD_REF_FHS;int;4;;;
MTTBFHN;;DTA_INCLUSAO;char;8;;;
MTTBFHN;;HOR_INCLUSAO;char;8;;;
MTTBFHN;;USU_INCLUSAO;char;8;;;
MTTBFHN;;DTA_ALTER;char;8;;;
MTTBFHN;;HOR_ALTER;char;8;;;
MTTBFHN;;USU_ALTER;char;8;;;
MTTBFHS;;CodEmp;smallint;2;;;
MTTBFHS;;Regiao;smallint;2;;;
MTTBFHS;;Nucleo;smallint;2;;;
MTTBFHS;;Contrato;char;10;;;
MTTBFHS;;DATAREF;char;6;;;
MTTBFHS;;Cod_Contabil;smallint;2;;;
MTTBFHS;;Sit_Contr;smallint;2;;;
MTTBFHS;;Saldo_30;float;8;;;
MTTBFHS;;Enc_Atraso;float;8;;;
MTTBFHS;;Enc_Amort;float;8;;;
MTTBFHS;;Enc_Juros;float;8;;;
MTTBFHS;;Enc_Taxas;float;8;;;
MTTBFHS;;Enc_Fcvs;float;8;;;
MTTBFHS;;Enc_Seg;float;8;;;
MTTBFHS;;Enc_Fgts;float;8;;;
MTTBFHS;;Enc_Subs;float;8;;;
MTTBFHS;;DATA_PRIMAB;char;8;;;
MTTBFHS;;DATA_FIM;char;8;;;
MTTBFHS;;PRAZO;smallint;2;;;
MTTBFHS;;PRAZO_REM;smallint;2;;;
MTTBFHS;;CGCCPF;char;14;;;
MTTBFHS;;MUTUARIO;char;50;;;
MTTBFHS;;Prv_EncAmort;float;8;;;
MTTBFHS;;Prv_EncJuros;float;8;;;
MTTBFHS;;Prv_EncTaxas;float;8;;;
MTTBFHS;;Prv_EncFcvs;float;8;;;
MTTBFHS;;Prv_EncSeg;float;8;;;
MTTBFHS;;Prv_EncFgts;float;8;;;
MTTBFHS;;Prv_EncSubs;float;8;;;
MTTBFHS;;Prv_CorMon;float;8;;;
MTTBFHS;;Tipo_Saldo;char;1;;;
MTTBFHS;;Qtd_Dias;int;4;;;
MTTBFHS;;Tx_Juros;float;8;;;
MTTBFHS;;SALDO_DC;char;1;;;
MTTBFHS;;ENC_TAXA1;float;8;;;
MTTBFHS;;ENC_TAXA2;float;8;;;
MTTBFHS;;ENC_TAXA3;float;8;;;
MTTBFHS;;ENC_SEG_MIP;float;8;;;
MTTBFHS;;ENC_SEG_CRED;float;8;;;
MTTBFHS;;ENC_SEG_DFI;float;8;;;
MTTBFHS;;PRV_ENCTAXA1;float;8;;;
MTTBFHS;;PRV_ENCTAXA2;float;8;;;
MTTBFHS;;PRV_ENCTAXA3;float;8;;;
MTTBFHS;;PRV_ENCSEGM;float;8;;;
MTTBFHS;;PRV_ENCSEGC;float;8;;;
MTTBFHS;;PRV_ENCSEGD;float;8;;;
MTTBFHS;;PRV_ENCTOTAL;float;8;;;
MTTBFHS;;QTD_PRT_30;smallint;2;;;
MTTBFHS;;STATUS;smallint;2;;;
MTTBFHS;;STC_COD1;char;3;;;
MTTBFHS;;STC_COD2;char;3;;;
MTTBFHS;;STC_COD3;char;3;;;
MTTBFHS;;STC_COD4;char;3;;;
MTTBFHS;;STC_COD5;char;3;;;
MTTBFHS;;Logradouro;char;3;;;
MTTBFHS;;Endereco;char;30;;;
MTTBFHS;;Numero;char;10;;;
MTTBFHS;;Complemento;char;15;;;
MTTBFHS;;Bairro;char;15;;;
MTTBFHS;;Municipio;char;25;;;
MTTBFHS;;Quadra;char;5;;;
MTTBFHS;;Lote;char;5;;;
MTTBFHS;;Bloco;char;5;;;
MTTBFHS;;Unidade;char;9;;;
MTTBFHS;;DATACONTR;char;8;;;
MTTBFHS;;VAL_CMP_VEND;float;8;;;
MTTBFHS;;POUP_ESPECIE;float;8;;;
MTTBFHS;;POUP_FGTS;float;8;;;
MTTBFHS;;POUP_OUTROS;float;8;;;
MTTBFHS;;VAL_FIN;float;8;;;
MTTBFHS;;SEQ_CONTRATO;smallint;2;;;
MTTBFIC;;CODEMP;smallint;2;;;
MTTBFIC;;REGIAO;smallint;2;;;
MTTBFIC;;NUCLEO;smallint;2;;;
MTTBFIC;;CONTRATO;char;10;;;
MTTBFIC;;DT_ULT_ATEND;char;8;;;
MTTBFIC;;MUT_CPF;char;14;;;
MTTBFIC;;MUT_NOME;char;35;;;
MTTBFIC;;OCU_CPF;char;14;;;
MTTBFIC;;OCU_NOME;char;35;;;
MTTBFIC;;OCU_FONE_DDD;int;4;;;
MTTBFIC;;OCU_FONE_NUM;int;4;;;
MTTBFIC;;OCU_FONE_RAM;int;4;;;
MTTBFIC;;REN_FOR_BRU;float;8;;;
MTTBFIC;;REN_INFORMAL;float;8;;;
MTTBFIC;;REN_BRU_FAM;float;8;;;
MTTBFIC;;VAL_ENTRADA;float;8;;;
MTTBFIC;;VAL_PARCELA;float;8;;;
MTTBFIC;;DT_IMO_INI;char;8;;;
MTTBFIC;;TIPO_DOC_DOC;smallint;2;;;
MTTBFIC;;TIPO_DOC_DES;char;30;;;
MTTBFIC;;VAL_CONDOM;float;8;;;
MTTBFIC;;VAL_AGUA;float;8;;;
MTTBFIC;;VAL_ENER_ELE;float;8;;;
MTTBFIC;;VAL_FONE;float;8;;;
MTTBFIC;;VAL_GAS;float;8;;;
MTTBFIC;;VAL_OUTRAS;float;8;;;
MTTBFIC;;VAL_TOTAL;float;8;;;
MTTBFIC;;END_TIT;char;30;;;
MTTBFIC;;CPL_END;char;15;;;
MTTBFIC;;BAIRRO;char;15;;;
MTTBFIC;;CIDADE;char;15;;;
MTTBFIC;;ESTADO;char;2;;;
MTTBFIC;;COD_CEP;int;4;;;
MTTBFIC;;CPL_CEP;smallint;2;;;
MTTBFIC;;CXA_POS;int;4;;;
MTTBFIC;;DDD_TEL;int;4;;;
MTTBFIC;;NUM_TEL;int;4;;;
MTTBFIC;;RAM_TEL;int;4;;;
MTTBFIC;;DDD_FAX;int;4;;;
MTTBFIC;;NUM_FAX;int;4;;;
MTTBFIC;;OUTROS;char;200;;;
MTTBFIC;;DTA_INCLUSAO;char;8;;;
MTTBFIC;;HOR_INCLUSAO;char;8;;;
MTTBFIC;;USU_INCLUSAO;char;8;;;
MTTBFIC;;DTA_ALTER;char;8;;;
MTTBFIC;;HOR_ALTER;char;8;;;
MTTBFIC;;USU_ALTER;char;8;;;
MTTBFIC;;COD_CAMPANHA;smallint;2;;;
MTTBFIN;;CODEMP;smallint;2;;;
MTTBFIN;;CONTR_UNICO;int;4;;;
MTTBFIN;;IMOVEL_UNICO;int;4;;;
MTTBFIN;;COD_ADQ_PRIN;int;4;;;
MTTBFIN;;PART_ADQ_PRI;float;8;;;
MTTBFIN;;COD_COADQ1;int;4;;;
MTTBFIN;;PART_COADQ1;float;8;;;
MTTBFIN;;COD_COADQ2;int;4;;;
MTTBFIN;;PART_COADQ2;float;8;;;
MTTBFIN;;COD_COADQ3;int;4;;;
MTTBFIN;;PART_COADQ3;float;8;;;
MTTBFIN;;TP_COMERC;smallint;2;;;
MTTBFIN;;REGIAO;smallint;2;;;
MTTBFIN;;NUCLEO;smallint;2;;;
MTTBFIN;;CONTRATO;char;10;;;
MTTBFIN;;DTA_AQUIS;char;8;;;
MTTBFIN;;VAL_AQUIS;float;8;;;
MTTBFIN;;DTA_CONTABIL;char;8;;;
MTTBFIN;;VAL_CONTABIL;float;8;;;
MTTBFIN;;DTA_AVAL;char;8;;;
MTTBFIN;;VAL_AVAL;float;8;;;
MTTBFIN;;DTA_AVAL_CEF;char;8;;;
MTTBFIN;;VAL_AVAL_CEF;float;8;;;
MTTBFIN;;DTA_MERCADO;char;8;;;
MTTBFIN;;VAL_MERCADO;float;8;;;
MTTBFIN;;DTA_CMP_VEND;char;8;;;
MTTBFIN;;VAL_CMP_VEND;float;8;;;
MTTBFIN;;POUP_ESPECIE;float;8;;;
MTTBFIN;;DTA_POUP_ESP;char;8;;;
MTTBFIN;;POUP_FGTS;float;8;;;
MTTBFIN;;DTA_POUP_FGT;char;8;;;
MTTBFIN;;POUP_OUTROS;float;8;;;
MTTBFIN;;DTA_POUP_OUT;char;8;;;
MTTBFIN;;POUP_TOTAL;float;8;;;
MTTBFIN;;MOD_FINANC;smallint;2;;;
MTTBFIN;;VAL_FINANC;float;8;;;
MTTBFIN;;DTA_ASS;char;8;;;
MTTBFIN;;VAL_FUNDHAB;float;8;;;
MTTBFIN;;VAL_TAX_FCVS;float;8;;;
MTTBFIN;;VAL_TAX_TIE;float;8;;;
MTTBFIN;;VAL_SEG_INI;float;8;;;
MTTBFIN;;VAL_TAX_CAC;float;8;;;
MTTBFIN;;VAL_TAX_OUT;float;8;;;
MTTBFIN;;PLANO_FIN;smallint;2;;;
MTTBFIN;;PRAZO_MESES;smallint;2;;;
MTTBFIN;;PRAZO_PRORRO;smallint;2;;;
MTTBFIN;;COD_SEG;smallint;2;;;
MTTBFIN;;PLANO_SEG;smallint;2;;;
MTTBFIN;;FLG_SEG_MIP;smallint;2;;;
MTTBFIN;;FLG_SEG_CRE;smallint;2;;;
MTTBFIN;;FLG_SEG_DFI;smallint;2;;;
MTTBFIN;;TAX_JUR_NOMI;float;8;;;
MTTBFIN;;TAX_JUR_EFET;float;8;;;
MTTBFIN;;CES;float;8;;;
MTTBFIN;;FATOR_Q;float;8;;;
MTTBFIN;;DESCR_COMP1;char;250;;;
MTTBFIN;;DESCR_COMP2;char;250;;;
MTTBFIN;;DESCR_COMP3;char;250;;;
MTTBFIN;;DESCR_VEND1;char;250;;;
MTTBFIN;;DESCR_VEND2;char;250;;;
MTTBFIN;;DESCR_VEND3;char;250;;;
MTTBFIN;;DESCR_AG_FIN;char;250;;;
MTTBFIN;;PART_CEF;float;8;;;
MTTBFIN;;CODCAUCAO;char;12;;;
MTTBFIN;;CODIGO_IM;smallint;2;;;
MTTBFIN;;TIPOFIN;smallint;2;;;
MTTBFIN;;ORI_REC_TIPO;smallint;2;;;
MTTBFIN;;NUM_CED_HIPO;char;15;;;
MTTBFIN;;SER_CED_HIPO;char;15;;;
MTTBFIN;;LIN_CRED;smallint;2;;;
MTTBFIN;;ORIG_FIN;smallint;2;;;
MTTBFIN;;MES_DISSIDIO;char;2;;;
MTTBFIN;;MES_APUR_REP;char;2;;;
MTTBFIN;;PRAZO_CARENC;smallint;2;;;
MTTBFIN;;TIPO_CARENC;smallint;2;;;
MTTBFIN;;DIA_VENC;char;2;;;
MTTBFIN;;DTA_PRI_REAJ;char;8;;;
MTTBFIN;;ENC_DTA_VENC;char;8;;;
MTTBFIN;;ENC_AJ;float;8;;;
MTTBFIN;;ENC_JUR;float;8;;;
MTTBFIN;;ENC_SEG_MIP;float;8;;;
MTTBFIN;;ENC_SEG_CRED;float;8;;;
MTTBFIN;;ENC_SEG_DFI;float;8;;;
MTTBFIN;;COD_TAXA1;smallint;2;;;
MTTBFIN;;ENC_TAXA1;float;8;;;
MTTBFIN;;COD_TAXA2;smallint;2;;;
MTTBFIN;;ENC_TAXA2;float;8;;;
MTTBFIN;;COD_TAXA3;smallint;2;;;
MTTBFIN;;ENC_TAXA3;float;8;;;
MTTBFIN;;ENC_FCVS;float;8;;;
MTTBFIN;;ENC_RAZAO;float;8;;;
MTTBFIN;;ENC_OUTROS;float;8;;;
MTTBFIN;;BANCO_COB;smallint;2;;;
MTTBFIN;;AGENCIA_COB;int;4;;;
MTTBFIN;;CONS_ORGAO;char;3;;;
MTTBFIN;;CONS_MUNIC;char;3;;;
MTTBFIN;;CONS_SETOR;char;6;;;
MTTBFIN;;CONS_MATR;char;7;;;
MTTBFIN;;DTA_INCLUSAO;char;8;;;
MTTBFIN;;HOR_INCLUSAO;char;8;;;
MTTBFIN;;USU_INCLUSAO;char;8;;;
MTTBFIN;;DTA_ALTER;char;8;;;
MTTBFIN;;HOR_ALTER;char;8;;;
MTTBFIN;;USU_ALTER;char;8;;;
MTTBFIN;;FLG_USU;char;1;;;
MTTBFIN;;FLG_SIT_CAD;char;3;;;
MTTBFIN;;ENC_SUBS;float;8;;;
MTTBFIN;;QTD_MEMBROS;smallint;2;;;
MTTBFIN;;PROG_HABIT;smallint;2;;;
MTTBFIN;;VAL_FIN_PSH;float;8;;;
MTTBFIN;;VAL_SUBS;float;8;;;
MTTBFIN;;VAL_CONT_PAR;float;8;;;
MTTBFIN;;VAL_REN_FAM;float;8;;;
MTTBFIN;;VAL_FIN_OUTR;float;8;;;
MTTBFIN;;REGIAO_ANT;int;4;;;
MTTBFIN;;NUCLEO_ANT;int;4;;;
MTTBFIN;;CONTRATO_ANT;char;10;;;
MTTBFIN;;TRF_NUM_PRT;int;4;;;
MTTBFIN;;TRF_PRZ_REM;int;4;;;
MTTBFIN;;TRF_COD_REN;int;4;;;
MTTBFIN;;TP_SUBRO;int;4;;;
MTTBFIN;;IND_MP1520;float;8;;;
MTTBFIN;;DTA_SUBR_TRF;char;8;;;
MTTBFIN;;SLD_SUBR_TRF;float;8;;;
MTTBFIN;;PSH_PERC_DED;float;8;;;
MTTBFIN;;PERC_CET;float;8;;;
MTTBFIN;;IN_RES01;int;4;;;
MTTBFIN;;INT_RES02;int;4;;;
MTTBFIN;;DBL_RES01;float;8;;;
MTTBFIN;;DBL_RES02;float;8;;;
MTTBFIN;;STR_RES01;varchar;50;;;
MTTBFIN;;STR_RES02;varchar;50;;;
MTTBFIN;;TIPO_DESC;smallint;2;;;
MTTBFIN;;VAR_DESC;float;8;;;
MTTBFIN;;VAL_DESC_VIS;float;8;;;
MTTBFIN;;LOCAL_COB;smallint;2;;;
MTTBFIN;;OBS_MINUTA;char;250;;;
MTTBFIN;;COD_MDI;char;8;;;
MTTBFIN;;CONTA_COB;char;10;;;
MTTBFIN;;VAL_REF01;float;8;;;
MTTBFIN;;VAL_REF02;float;8;;;
MTTBFIN;;VAL_REF03;float;8;;;
MTTBFIN;;CODCTF;smallint;2;;;
MTTBFOR;;CODEMP;smallint;2;;;
MTTBFOR;;COD_FORO;smallint;2;;;
MTTBFOR;;DESC_FORO;char;30;;;
MTTBFOR;;QTD_REF;int;4;;;
MTTBFREC;;id;int;4;;;
MTTBFREC;;codigo_oic;int;4;;;
MTTBFREC;;cadmut;bigint;8;;;
MTTBFREC;;situacao;tinyint;1;;;
MTTBFREC;;responsavel;varchar;100;;;
MTTBFREC;;numero_fila;int;4;;;
MTTBFREC;;criado_em;datetime;8;;;
MTTBFREC;;alterado_em;datetime;8;;;
MTTBGAR;;CodEmp;smallint;2;;;
MTTBGAR;;Regiao;smallint;2;;;
MTTBGAR;;Nucleo;smallint;2;;;
MTTBGAR;;Contrato;char;10;;;
MTTBGAR;;Data_Comp;char;6;;;
MTTBGAR;;Tipoemp;char;1;;;
MTTBGAR;;Numero_CER;char;11;;;
MTTBGAR;;Situacao;char;1;;;
MTTBGAR;;Ctr_Flg_Ativ;smallint;2;;;
MTTBGAR;;CobFCVS;smallint;2;;;
MTTBGAR;;TipoLiq;char;3;;;
MTTBGAR;;SaldoSist;float;8;;;
MTTBGAR;;Saldo3029;float;8;;;
MTTBGAR;;Saldo3029_3;float;8;;;
MTTBGAR;;Saldo3029_4;float;8;;;
MTTBGAR;;SitContrato;char;40;;;
MTTBGAR;;PercDesc;float;8;;;
MTTBGAR;;DataEvento;char;8;;;
MTTBGAR;;SaldoGestor;float;8;;;
MTTBGAR;;SaldoHab;float;8;;;
MTTBGAR;;SaldoRet;float;8;;;
MTTBGAR;;AtlzGestor;float;8;;;
MTTBGAR;;AtlzHab;float;8;;;
MTTBGAR;;AtlzRet;float;8;;;
MTTBGAR;;CadMut;char;13;;;
MTTBGAR;;VAF2_Ret;float;8;;;
MTTBGAR;;VAF3_Ret;float;8;;;
MTTBGAR;;VAF4_Ret;float;8;;;
MTTBGAR;;Vencido12;float;8;;;
MTTBGAR;;Vincendo12;float;8;;;
MTTBGAR;;Total12_1;float;8;;;
MTTBGAR;;Total12_2;float;8;;;
MTTBGAR;;DtUltPaga;char;8;;;
MTTBGAR;;VlUltAMJ;float;8;;;
MTTBGAR;;DtHabilitaca;char;8;;;
MTTBGAR;;RCVRNV;char;4;;;
MTTBGAR;;Auditagem;char;4;;;
MTTBGAR;;DtAnalise;char;8;;;
MTTBGAR;;Lote353;char;3;;;
MTTBGAR;;Data353;char;8;;;
MTTBGAR;;CGCCPF;char;14;;;
MTTBGAR;;DATA_ASS;char;8;;;
MTTBGAR;;Nome_Titular;char;35;;;
MTTBGAR;;Reg_3029;smallint;2;;;
MTTBGAR;;RET_CORR_MES;float;8;;;
MTTBGAR;;RET_JUR_MES;float;8;;;
MTTBGAT;;CodEmp;smallint;2;;;
MTTBGAT;;Regiao;smallint;2;;;
MTTBGAT;;Nucleo;smallint;2;;;
MTTBGAT;;Data_Base;char;8;;;
MTTBGAT;;Faixa;smallint;2;;;
MTTBGAT;;Fx_Amj;float;8;;;
MTTBGAT;;Fx_Taxas;float;8;;;
MTTBGAT;;Fx_Seg;float;8;;;
MTTBGAT;;Fx_Fcvs;float;8;;;
MTTBGAT;;Fx_Fgts;float;8;;;
MTTBGAT;;Fx_CC;float;8;;;
MTTBGAT;;Fx_Mor_Ant;float;8;;;
MTTBGAT;;Fx_Prov_Atu;float;8;;;
MTTBGAT;;Fx_Prov_Mor;float;8;;;
MTTBGAT;;Fx_Qtd_Prest;float;8;;;
MTTBGAT;;Fx_Qtd_Contr;float;8;;;
MTTBGAT;;Fx_Sld_Dev;float;8;;;
MTTBGCB;;CODEMP;smallint;2;;;
MTTBGCB;;USUARIO;char;8;;;
MTTBGCB;;TIPO_COB;smallint;2;;;
MTTBGCB;;CRT1INI;float;8;;;
MTTBGCB;;CRT1FIM;float;8;;;
MTTBGCB;;CRT2INI;float;8;;;
MTTBGCB;;CRT2FIM;float;8;;;
MTTBGCB;;CRT3INI;float;8;;;
MTTBGCB;;CRT3FIM;float;8;;;
MTTBGCB;;CRT4INI;float;8;;;
MTTBGCB;;CRT4FIM;float;8;;;
MTTBGDS;;CODEMP;smallint;2;;;
MTTBGDS;;CODUSER;char;8;;;
MTTBGDS;;DTA_INC;char;8;;;
MTTBGDS;;HORA_INC;char;5;;;
MTTBGDS;;Senha;char;8;;;
MTTBGIC;;CODEMP;smallint;2;;;
MTTBGIC;;REGIAO;smallint;2;;;
MTTBGIC;;NUCLEO;smallint;2;;;
MTTBGIC;;CONTRATO;char;10;;;
MTTBGIC;;DATA_BASE;char;8;;;
MTTBGIC;;DATA_INC;char;8;;;
MTTBGIC;;ACCSEQ_INV;char;17;;;
MTTBGIC;;ACCSEQ;char;17;;;
MTTBGIC;;CONTRATO_ESP;char;12;;;
MTTBGIC;;CONTRATO_CER;char;12;;;
MTTBGIC;;NUMERO_FIF;char;20;;;
MTTBGIC;;DATA_ASS;char;8;;;
MTTBGIC;;TAXA_JUR_INI;float;8;;;
MTTBGIC;;TAXA_JUR_ATU;float;8;;;
MTTBGIC;;PART_FMH;float;8;;;
MTTBGIC;;FCVS;smallint;2;;;
MTTBGIC;;PREST_SECA;smallint;2;;;
MTTBGIC;;TIPO_FIN;smallint;2;;;
MTTBGIC;;TIPO_CAT_FINAC;smallint;2;;;
MTTBGIC;;DATU_TP_DESC;smallint;2;;;
MTTBGIC;;STATUS;smallint;2;;;
MTTBGIC;;STATUS_DESC;char;50;;;
MTTBGIC;;CTR_DTA_FIM;char;8;;;
MTTBGIC;;CGCCPF;char;14;;;
MTTBGIC;;NOME;char;60;;;
MTTBGIC;;DDD_TELC;int;4;;;
MTTBGIC;;NUM_TELC;int;4;;;
MTTBGIC;;EMAIL;char;60;;;
MTTBGIC;;DATU_AD2_CPF;char;11;;;
MTTBGIC;;DATU_AD3_CPF;char;11;;;
MTTBGIC;;DATU_AD4_CPF;char;11;;;
MTTBGIC;;CTR_DTP_REAJ;char;8;;;
MTTBGIC;;RGI_DATA;char;8;;;
MTTBGIC;;RGI_CARTORIO;char;15;;;
MTTBGIC;;RGI_LIVRO;char;8;;;
MTTBGIC;;RGI_FOLHA;char;6;;;
MTTBGIC;;RGI_MATRIC;char;15;;;
MTTBGIC;;RGI_NUMERO;char;10;;;
MTTBGIC;;REGIAO_DESC;char;25;;;
MTTBGIC;;NUCLEO_DESC;char;25;;;
MTTBGIC;;CODMUN_BNH;int;4;;;
MTTBGIC;;MUNIC_DESC;char;25;;;
MTTBGIC;;REGIONAL;smallint;2;;;
MTTBGIC;;REGIONAL_DESC;char;30;;;
MTTBGIC;;SIT_EXC_COB;smallint;2;;;
MTTBGIC;;DESC_SIT_EXC_COB;char;50;;;
MTTBGIC;;SIT_EXC_CAR;smallint;2;;;
MTTBGIC;;DESC_SIT_EXC_CAR;char;50;;;
MTTBGIC;;SIT_EXC_SPC;smallint;2;;;
MTTBGIC;;DESC_SIT_EXC_SPC;char;50;;;
MTTBGIC;;FLAG_ENDCOB;char;1;;;
MTTBGIC;;EMP_COB_TERC;smallint;2;;;
MTTBGIC;;DESC_COB_TERC;char;40;;;
MTTBGIC;;DATA_INC_TERC;char;8;;;
MTTBGIC;;IMOVEL_UNICO;int;4;;;
MTTBGIC;;IMO_ENDERECO;char;45;;;
MTTBGIC;;IMO_COMPLEMENTO;char;15;;;
MTTBGIC;;IMO_BAIRRO;char;50;;;
MTTBGIC;;IMO_CIDADE;char;25;;;
MTTBGIC;;IMO_ESTADO;char;2;;;
MTTBGIC;;IMO_CEP;char;8;;;
MTTBGIC;;IMO_NOME_EDFCONJ;char;40;;;
MTTBGIC;;IMO_QUADRA;char;5;;;
MTTBGIC;;IMO_LOTE;char;5;;;
MTTBGIC;;IMO_BLOCO;char;5;;;
MTTBGIC;;IMO_UNIDADE;char;9;;;
MTTBGIC;;IMO_TIPO_IMOVEL;char;2;;;
MTTBGIC;;IMO_TIPO_USO;char;3;;;
MTTBGIC;;COB_ENDERECO;char;45;;;
MTTBGIC;;COB_COMPLEMENTO;char;15;;;
MTTBGIC;;COB_BAIRRO;char;15;;;
MTTBGIC;;COB_CIDADE;char;25;;;
MTTBGIC;;COB_ESTADO;char;2;;;
MTTBGIC;;COB_CEP;char;8;;;
MTTBGIC;;VL_AVAL;float;8;;;
MTTBGIC;;SALDO_TEOR;float;8;;;
MTTBGIC;;SALDO_FUT;float;8;;;
MTTBGIC;;SALDO_CC;float;8;;;
MTTBGIC;;CODIGO_POUP;smallint;2;;;
MTTBGIC;;SALDO_POUP;float;8;;;
MTTBGIC;;PRAZO;smallint;2;;;
MTTBGIC;;QTD_EMI;smallint;2;;;
MTTBGIC;;PRAZO_REM;smallint;2;;;
MTTBGIC;;QTD_PRT_ATR;smallint;2;;;
MTTBGIC;;QTD_PRT_AB;smallint;2;;;
MTTBGIC;;QTD_DIAS;smallint;2;;;
MTTBGIC;;DATA_PRI_ATRASO;char;8;;;
MTTBGIC;;EMISS_CAR_MES;smallint;2;;;
MTTBGIC;;DATA_EVM_MES;char;8;;;
MTTBGIC;;VL_AMORTZ_MES;float;8;;;
MTTBGIC;;VL_JUR_MES;float;8;;;
MTTBGIC;;VL_SEG_MIP_MES;float;8;;;
MTTBGIC;;VL_SEG_DFI_MES;float;8;;;
MTTBGIC;;VL_TAXAS_MES;float;8;;;
MTTBGIC;;VL_CC_MES;float;8;;;
MTTBGIC;;VL_FGTS_MES;float;8;;;
MTTBGIC;;VL_FCVS_MES;float;8;;;
MTTBGIC;;VL_OUTROS_MES;float;8;;;
MTTBGIC;;VL_ENCARGO_MES;float;8;;;
MTTBGIC;;DATA_EVM_FUT;char;8;;;
MTTBGIC;;VL_AMORTZ_FUT;float;8;;;
MTTBGIC;;VL_JUR_FUT;float;8;;;
MTTBGIC;;VL_SEG_MIP_FUT;float;8;;;
MTTBGIC;;VL_SEG_DFI_FUT;float;8;;;
MTTBGIC;;VL_TAXAS_FUT;float;8;;;
MTTBGIC;;VL_CC_FUT;float;8;;;
MTTBGIC;;VL_FGTS_FUT;float;8;;;
MTTBGIC;;VL_FCVS_FUT;float;8;;;
MTTBGIC;;VL_OUTROS_FUT;float;8;;;
MTTBGIC;;VL_ENCARGO_FUT;float;8;;;
MTTBGIC;;VL_AMORTZ_ATR;float;8;;;
MTTBGIC;;VL_JUROS_ATR;float;8;;;
MTTBGIC;;VL_MIP_ATR;float;8;;;
MTTBGIC;;VL_DFI_ATR;float;8;;;
MTTBGIC;;VL_TAXAS_ATR;float;8;;;
MTTBGIC;;VL_CC_ATR;float;8;;;
MTTBGIC;;VL_FGTS_ATR;float;8;;;
MTTBGIC;;VL_FCVS_ATR;float;8;;;
MTTBGIC;;VL_OUTROS_ATR;float;8;;;
MTTBGIC;;VL_ENCARGO_ATR;float;8;;;
MTTBGIC;;VL_ATU_MON_ATR;float;8;;;
MTTBGIC;;VL_MORA_ATR;float;8;;;
MTTBGIC;;VL_JUR_CON_ATR;float;8;;;
MTTBGIC;;VL_MULTA_ATR;float;8;;;
MTTBGIC;;TOT_ARR_MES;float;8;;;
MTTBGIC;;TOT_ARR_ATR;float;8;;;
MTTBGIC;;TOT_ARR_FUT;float;8;;;
MTTBGIC;;VL_AMORT_EXTRA;float;8;;;
MTTBGIC;;VL_INCORP;float;8;;;
MTTBGIC;;SITUACAO_64;smallint;2;;;
MTTBGIC;;SITUACAO_965;smallint;2;;;
MTTBGIC;;REGIAO_502;smallint;2;;;
MTTBGIC;;P1000_FLAGADESAO;smallint;2;;;
MTTBGIC;;P1000_CONSOLIDADO;float;8;;;
MTTBGIC;;P1000_DESCONTO;float;8;;;
MTTBGIC;;P1000_VALPAGO;float;8;;;
MTTBGIC;;P1000_RENEGOCIADO;float;8;;;
MTTBGIC;;COD_AGRUPAMENTO;smallint;2;;;
MTTBGIC;;GRUPO_PRINC;smallint;2;;;
MTTBGIC;;TIPO_RENDA;smallint;2;;;
MTTBGIC;;GRUPO_NUCLEO;smallint;2;;;
MTTBGIC;;QTD_CONTRATOS;smallint;2;;;
MTTBGIC;;REGIAO_ESP;smallint;2;;;
MTTBGIC;;LA_VALORES;float;8;;;
MTTBGIC;;OBS_LA;char;500;;;
MTTBGIC;;DDD_FAXC;int;4;;;
MTTBGIC;;NUM_FAXC;int;4;;;
MTTBGIC;;CODSEX;smallint;2;;;
MTTBGIC;;DTANAS;char;8;;;
MTTBGIC;;RENDA;float;8;;;
MTTBGIC;;OUT_RENDA1;float;8;;;
MTTBGIC;;OUT_RENDA2;float;8;;;
MTTBGIC;;SIT_IMOVEL;smallint;2;;;
MTTBGIC;;DESC_SIT_IMO;char;50;;;
MTTBGIC;;SITUACOES;char;1000;;;
MTTBGIC;;COD_SIT1;int;4;;;
MTTBGIC;;DESC_SIT1;char;50;;;
MTTBGIC;;COD_SIT2;int;4;;;
MTTBGIC;;DESC_SIT2;char;50;;;
MTTBGIC;;COD_SIT3;int;4;;;
MTTBGIC;;DESC_SIT3;char;50;;;
MTTBGIC;;COD_SIT4;int;4;;;
MTTBGIC;;DESC_SIT4;char;50;;;
MTTBGIC;;COD_SIT5;int;4;;;
MTTBGIC;;DESC_SIT5;char;50;;;
MTTBGIC;;COD_SIT6;int;4;;;
MTTBGIC;;DESC_SIT6;char;50;;;
MTTBGIC;;COD_SIT7;int;4;;;
MTTBGIC;;DESC_SIT7;char;50;;;
MTTBGIC;;COD_SIT8;int;4;;;
MTTBGIC;;DESC_SIT8;char;50;;;
MTTBGIC;;COD_SIT9;int;4;;;
MTTBGIC;;DESC_SIT9;char;50;;;
MTTBGIC;;COD_SIT10;int;4;;;
MTTBGIC;;DESC_SIT10;char;50;;;
MTTBGIN;;CodEmp;smallint;2;;;
MTTBGIN;;Regiao;smallint;2;;;
MTTBGIN;;Nucleo;smallint;2;;;
MTTBGIN;;Data_Base;char;8;;;
MTTBGIN;;Faixa;smallint;2;;;
MTTBGIN;;Fx_0286_PLA;int;4;;;
MTTBGIN;;Fx_0286_PES;int;4;;;
MTTBGIN;;Fx_0286_PCM;int;4;;;
MTTBGIN;;Fx_0286_PESC;int;4;;;
MTTBGIN;;Fx_0286_Alug;int;4;;;
MTTBGIN;;Fx_0286_TxOc;int;4;;;
MTTBGIN;;Fx_0286_Outr;int;4;;;
MTTBGIN;;Fx_0793_PESC;int;4;;;
MTTBGIN;;Fx_0793_PCM;int;4;;;
MTTBGIN;;Fx_0793_Alug;int;4;;;
MTTBGIN;;Fx_0793_TxOc;int;4;;;
MTTBGIN;;Fx_0793_Outr;int;4;;;
MTTBGIN;;Fx_0698_PESC;int;4;;;
MTTBGIN;;Fx_0698_PCR;int;4;;;
MTTBGIN;;Fx_0698_PCS;int;4;;;
MTTBGIN;;Fx_0698_Alug;int;4;;;
MTTBGIN;;Fx_0698_TxOc;int;4;;;
MTTBGIN;;Fx_0698_Outr;int;4;;;
MTTBGIN;;Fx_9999_PESC;int;4;;;
MTTBGIN;;Fx_9999_PCR;int;4;;;
MTTBGIN;;Fx_9999_PCS;int;4;;;
MTTBGIN;;Fx_9999_Alug;int;4;;;
MTTBGIN;;Fx_9999_TxOc;int;4;;;
MTTBGIN;;Fx_9999_Outr;int;4;;;
MTTBGIN;;Fx_Cart_Hipo;int;4;;;
MTTBGIN;;Fx_Com_Fcvs;int;4;;;
MTTBGIN;;Fx_Sem_Fcvs;int;4;;;
MTTBGMO;;CodEmp;smallint;2;;;
MTTBGMO;;Regiao;smallint;2;;;
MTTBGMO;;Nucleo;smallint;2;;;
MTTBGMO;;Data_Base;char;8;;;
MTTBGMO;;Faixa;smallint;2;;;
MTTBGMO;;Prt_Moeda;char;3;;;
MTTBGMO;;Prt_Vl_Moeda;float;8;;;
MTTBGMO;;Prt_Tot_Prt;float;8;;;
MTTBGMO;;Prt_Tot_Sld;float;8;;;
MTTBGMO;;Prt_Qtd_Ctr;float;8;;;
MTTBGMO;;Sld_Moeda;char;3;;;
MTTBGMO;;Sld_Vl_Moeda;float;8;;;
MTTBGMO;;Sld_Tot_Prt;float;8;;;
MTTBGMO;;Sld_Tot_Sld;float;8;;;
MTTBGMO;;Sld_Qtd_Ctr;float;8;;;
MTTBGPE;;CodEmp;smallint;2;;;
MTTBGPE;;Regiao;smallint;2;;;
MTTBGPE;;Nucleo;smallint;2;;;
MTTBGPE;;Data_Base;char;8;;;
MTTBGPE;;Menor_Prest;float;8;;;
MTTBGPE;;Maior_Prest;float;8;;;
MTTBGPE;;Media_Prest;float;8;;;
MTTBGPE;;Media_Prazo;smallint;2;;;
MTTBGPE;;Media_TxJur;float;8;;;
MTTBGPE;;Atv_Hab_CFcv;int;4;;;
MTTBGPE;;Atv_Hab_SFcv;int;4;;;
MTTBGPE;;Atv_NHab;int;4;;;
MTTBGPE;;Atv_Alug;int;4;;;
MTTBGPE;;Atv_Tx_Ocup;int;4;;;
MTTBGPE;;Atv_PSH;int;4;;;
MTTBGPE;;Atv_Outros;int;4;;;
MTTBGPE;;Sfh_Quit_Tpz;int;4;;;
MTTBGPE;;Sfh_Quit_Nul;int;4;;;
MTTBGPE;;Sfh_Quit_Sin;int;4;;;
MTTBGPE;;Sfh_Quit_Trf;int;4;;;
MTTBGPE;;Sfh_Quit_Pxn;int;4;;;
MTTBGPE;;Sfh_Quit_CDe;int;4;;;
MTTBGPE;;Sfh_Quit_Px5;int;4;;;
MTTBGPE;;Sfh_Quit_100;int;4;;;
MTTBGPE;;Sfh_Quit_SDe;int;4;;;
MTTBGPE;;Sfh_Quit_Dac;int;4;;;
MTTBGPE;;Sfh_Quit_Adj;int;4;;;
MTTBGPE;;Quit_PSH;int;4;;;
MTTBGPE;;Quit_Outr;int;4;;;
MTTBGPE;;Em_Impl;int;4;;;
MTTBGPE;;Sfh_Quit_CFc;int;4;;;
MTTBGPE;;Sfh_Quit_SFc;int;4;;;
MTTBGRC;;CODEMP;smallint;2;;;
MTTBGRC;;GRUPO;smallint;2;;;
MTTBGRC;;NOME;char;30;;;
MTTBGRC;;MASCARA;char;50;;;
MTTBGRC;;USUA_INC;char;8;;;
MTTBGRC;;DATA_INC;char;8;;;
MTTBGRC;;HORA_INC;char;8;;;
MTTBGRC;;USUA_ALT;char;8;;;
MTTBGRC;;DATA_ALT;char;8;;;
MTTBGRC;;HORA_ALT;char;8;;;
MTTBGRC;;QTD_REF;smallint;2;;;
MTTBHAB;;CODEMP;smallint;2;;;
MTTBHAB;;REGIAO;smallint;2;;;
MTTBHAB;;NUCLEO;smallint;2;;;
MTTBHAB;;CONTRATO;char;10;;;
MTTBHAB;;DTA_VENC;char;8;;;
MTTBHAB;;VL_HIST;float;8;;;
MTTBHAB;;VL_ATLZ;float;8;;;
MTTBHAB;;SITUACAO;smallint;2;;;
MTTBHAB;;DTA_PGTO;char;8;;;
MTTBHAB;;VL_PGTO;float;8;;;
MTTBHAB;;VPG_ATLZ;float;8;;;
MTTBHAB;;DTA_ATLZ;char;8;;;
MTTBHAB;;DTA_INCL;char;8;;;
MTTBHAB;;HRO_INCL;char;6;;;
MTTBHAB;;USR_INCL;char;8;;;
MTTBHAB;;NUMREC;char;8;;;
MTTBHAB;;VAL_DIF;float;8;;;
MTTBHAV;;CODEMP;smallint;2;;;
MTTBHAV;;REGIAO;smallint;2;;;
MTTBHAV;;NUCLEO;smallint;2;;;
MTTBHAV;;CONTRATO;char;10;;;
MTTBHAV;;DATA_AVAL;char;8;;;
MTTBHAV;;VALOR;float;8;;;
MTTBHAV;;MOTIVO;char;50;;;
MTTBHAV;;DATA_INCL;char;8;;;
MTTBHAV;;HORA_INCL;char;8;;;
MTTBHAV;;USR_INCL;char;8;;;
MTTBHAV;;DATA_ALT;char;8;;;
MTTBHAV;;HORA_ALT;char;8;;;
MTTBHAV;;USR_ALT;char;8;;;
MTTBHCC;;CodEmp;smallint;2;;;
MTTBHCC;;CodHist;smallint;2;;;
MTTBHCC;;Descricao;char;30;;;
MTTBHCC;;Conta_Contab;char;20;;;
MTTBHCC;;Qtd_Ref;int;4;;;
MTTBHCT;;CODEMP;smallint;2;;;
MTTBHCT;;CODIGO;smallint;2;;;
MTTBHCT;;MAPA;smallint;2;;;
MTTBHCT;;LANC;smallint;2;;;
MTTBHCT;;INVENT;smallint;2;;;
MTTBHCT;;DESCR;char;60;;;
MTTBHCT;;QTD_REF;int;4;;;
MTTBHIB;;CODEMP;smallint;2;;;
MTTBHIB;;REGIAO;smallint;2;;;
MTTBHIB;;NUCLEO;smallint;2;;;
MTTBHIB;;CONTRATO;char;10;;;
MTTBHIB;;DTA_PALT;char;6;;;
MTTBHIB;;SEQ;char;2;;;
MTTBHIB;;DTA_ALT;char;8;;;
MTTBHIB;;COD_HIST;smallint;2;;;
MTTBHIB;;VL_RENEG;float;8;;;
MTTBHIB;;VL_FGTS;float;8;;;
MTTBHIB;;VL_CC;float;8;;;
MTTBHIB;;AD1_CGCCPF;char;14;;;
MTTBHIB;;AD1_PART;float;8;;;
MTTBHIB;;AD2_CPF;char;11;;;
MTTBHIB;;AD2_PART;float;8;;;
MTTBHIB;;AD3_CPF;char;11;;;
MTTBHIB;;AD3_PART;float;8;;;
MTTBHIB;;AD4_CPF;char;11;;;
MTTBHIB;;AD4_PART;float;8;;;
MTTBHIB;;PCP_CDCP;int;4;;;
MTTBHIB;;PCP_MDIS;smallint;2;;;
MTTBHIB;;PCP_TPRJ;smallint;2;;;
MTTBHIB;;DT_REAJ;char;8;;;
MTTBHIB;;SIN_PERC_RJ;char;1;;;
MTTBHIB;;PERC_RJ;float;8;;;
MTTBHIB;;VL_PREST;float;8;;;
MTTBHIB;;PLAN_FIN;smallint;2;;;
MTTBHIB;;PRAZ_TOT;smallint;2;;;
MTTBHIB;;TAXA_JUR;float;8;;;
MTTBHIB;;CES;float;8;;;
MTTBHIB;;FATOR_Q;float;8;;;
MTTBHIB;;RED_GRAD;float;8;;;
MTTBHIB;;CAR_PRAZO;smallint;2;;;
MTTBHIB;;CAR_TIPO;smallint;2;;;
MTTBHIB;;TX_COD1;smallint;2;;;
MTTBHIB;;TX_ARG1;float;8;;;
MTTBHIB;;TX_COD2;smallint;2;;;
MTTBHIB;;TX_ARG2;float;8;;;
MTTBHIB;;TX_COD3;smallint;2;;;
MTTBHIB;;TX_ARG3;float;8;;;
MTTBHIB;;COD_CTB;smallint;2;;;
MTTBHIB;;DIA_VENC;smallint;2;;;
MTTBHIB;;CODIGO_SEG;smallint;2;;;
MTTBHIB;;PLANO_SEG;smallint;2;;;
MTTBHIB;;FLG_SEG_MIP;smallint;2;;;
MTTBHIB;;FLG_SEG_CRED;smallint;2;;;
MTTBHIB;;FLG_SEG_DFI;smallint;2;;;
MTTBHIB;;JP_DT_INIC;char;6;;;
MTTBHIB;;JP_PERC;float;8;;;
MTTBHIB;;JP_FREQ;smallint;2;;;
MTTBHIB;;JP_TX_FINAL;float;8;;;
MTTBHIB;;TAXA_MORA;float;8;;;
MTTBHIB;;TP_CALC_MORA;char;2;;;
MTTBHIB;;TAXA_MULTA;float;8;;;
MTTBHIB;;FLG_CON_ESP;char;1;;;
MTTBHIB;;SEQ_REC;int;4;;;
MTTBHIB;;PRIN_MOT;smallint;2;;;
MTTBHIB;;TP_SUBRO;smallint;2;;;
MTTBHIB;;DATA_CONTAB;char;8;;;
MTTBHIB;;USR_INC;char;8;;;
MTTBHIB;;DATA_INC;char;8;;;
MTTBHIB;;HORA_INC;char;8;;;
MTTBHIB;;USR_ALT;char;8;;;
MTTBHIB;;DATA_ALT;char;8;;;
MTTBHIB;;HORA_ALT;char;8;;;
MTTBHIB;;DTA_CTB_ALT;char;8;;;
MTTBHIB;;VL_DEP_JUD;float;8;;;
MTTBHIB;;QTD_PARC;smallint;2;;;
MTTBHIB;;REN_VAL_AMOR;float;8;;;
MTTBHIB;;SALDO_TEOR;float;8;;;
MTTBHIB;;PRO_VAL_CMON;float;8;;;
MTTBHIB;;PRO_IND_CMON;float;8;;;
MTTBHIB;;COR_IND_BASE;float;8;;;
MTTBHIB;;DD_PRO_CMON;int;4;;;
MTTBHIB;;CTR_DTU_CORR;char;8;;;
MTTBHIB;;PRO_VAL_JUR;float;8;;;
MTTBHIB;;PRO_IND_JUR;float;8;;;
MTTBHIB;;DD_PRO_JUR;int;4;;;
MTTBHIB;;DES_VAL_FCVS;float;8;;;
MTTBHIB;;DES_VAL_AGEN;float;8;;;
MTTBHIB;;PE_LIGCRONO;char;5;;;
MTTBHIB;;VL_TXA_REN;float;8;;;
MTTBHIB;;VL_MON_REN;float;8;;;
MTTBHIB;;VL_JTP_REN;float;8;;;
MTTBHIB;;VL_TX2_REN;float;8;;;
MTTBHIB;;VL_TX3_REN;float;8;;;
MTTBHIB;;VL_TIPTX_REN;char;3;;;
MTTBHIB;;VL_IOF_REN;float;8;;;
MTTBHIB;;FLG_RES1;char;1;;;
MTTBHIB;;FLG_RES2;char;1;;;
MTTBHIB;;FLG_RES3;char;1;;;
MTTBHIB;;FLG_RES4;float;8;;;
MTTBHIB;;FLG_RES5;float;8;;;
MTTBHIB;;FLG_RES6;float;8;;;
MTTBHIB;;DTA_PG_SEG;char;8;;;
MTTBHIB;;PRAZ_PROR;smallint;2;;;
MTTBHIB;;ORI_REP_PRO;smallint;2;;;
MTTBHIB;;VL_MON_ATU;float;8;;;
MTTBHIB;;VL_JTP_ATU;float;8;;;
MTTBHIB;;TX_COD4;smallint;2;;;
MTTBHIB;;TX_ARG4;float;8;;;
MTTBHIS;;CODEMP;smallint;2;;;
MTTBHIS;;REGIAO;smallint;2;;;
MTTBHIS;;NUCLEO;smallint;2;;;
MTTBHIS;;CONTRATO;char;10;;;
MTTBHIS;;DTA_PALT;char;6;;;
MTTBHIS;;SEQ;char;2;;;
MTTBHIS;;DTA_ALT;char;8;;;
MTTBHIS;;COD_HIST;smallint;2;;;
MTTBHIS;;VL_RENEG;float;8;;;
MTTBHIS;;VL_FGTS;float;8;;;
MTTBHIS;;VL_CC;float;8;;;
MTTBHIS;;AD1_CGCCPF;char;14;;;
MTTBHIS;;AD1_PART;float;8;;;
MTTBHIS;;AD2_CPF;char;11;;;
MTTBHIS;;AD2_PART;float;8;;;
MTTBHIS;;AD3_CPF;char;11;;;
MTTBHIS;;AD3_PART;float;8;;;
MTTBHIS;;AD4_CPF;char;11;;;
MTTBHIS;;AD4_PART;float;8;;;
MTTBHIS;;PCP_CDCP;int;4;;;
MTTBHIS;;PCP_MDIS;smallint;2;;;
MTTBHIS;;PCP_TPRJ;smallint;2;;;
MTTBHIS;;DT_REAJ;char;8;;;
MTTBHIS;;SIN_PERC_RJ;char;1;;;
MTTBHIS;;PERC_RJ;float;8;;;
MTTBHIS;;VL_PREST;float;8;;;
MTTBHIS;;PLAN_FIN;smallint;2;;;
MTTBHIS;;PRAZ_TOT;smallint;2;;;
MTTBHIS;;TAXA_JUR;float;8;;;
MTTBHIS;;CES;float;8;;;
MTTBHIS;;FATOR_Q;float;8;;;
MTTBHIS;;RED_GRAD;float;8;;;
MTTBHIS;;CAR_PRAZO;smallint;2;;;
MTTBHIS;;CAR_TIPO;smallint;2;;;
MTTBHIS;;TX_COD1;smallint;2;;;
MTTBHIS;;TX_ARG1;float;8;;;
MTTBHIS;;TX_COD2;smallint;2;;;
MTTBHIS;;TX_ARG2;float;8;;;
MTTBHIS;;TX_COD3;smallint;2;;;
MTTBHIS;;TX_ARG3;float;8;;;
MTTBHIS;;COD_CTB;smallint;2;;;
MTTBHIS;;DIA_VENC;smallint;2;;;
MTTBHIS;;CODIGO_SEG;smallint;2;;;
MTTBHIS;;PLANO_SEG;smallint;2;;;
MTTBHIS;;FLG_SEG_MIP;smallint;2;;;
MTTBHIS;;FLG_SEG_CRED;smallint;2;;;
MTTBHIS;;FLG_SEG_DFI;smallint;2;;;
MTTBHIS;;JP_DT_INIC;char;6;;;
MTTBHIS;;JP_PERC;float;8;;;
MTTBHIS;;JP_FREQ;smallint;2;;;
MTTBHIS;;JP_TX_FINAL;float;8;;;
MTTBHIS;;TAXA_MORA;float;8;;;
MTTBHIS;;TP_CALC_MORA;char;2;;;
MTTBHIS;;TAXA_MULTA;float;8;;;
MTTBHIS;;FLG_CON_ESP;char;1;;;
MTTBHIS;;SEQ_REC;int;4;;;
MTTBHIS;;PRIN_MOT;smallint;2;;;
MTTBHIS;;TP_SUBRO;smallint;2;;;
MTTBHIS;;DATA_CONTAB;char;8;;;
MTTBHIS;;USR_INC;char;8;;;
MTTBHIS;;DATA_INC;char;8;;;
MTTBHIS;;HORA_INC;char;8;;;
MTTBHIS;;USR_ALT;char;8;;;
MTTBHIS;;DATA_ALT;char;8;;;
MTTBHIS;;HORA_ALT;char;8;;;
MTTBHIS;;DTA_CTB_ALT;char;8;;;
MTTBHIS;;VL_DEP_JUD;float;8;;;
MTTBHIS;;QTD_PARC;smallint;2;;;
MTTBHIS;;REN_VAL_AMOR;float;8;;;
MTTBHIS;;SALDO_TEOR;float;8;;;
MTTBHIS;;PRO_VAL_CMON;float;8;;;
MTTBHIS;;PRO_IND_CMON;float;8;;;
MTTBHIS;;COR_IND_BASE;float;8;;;
MTTBHIS;;DD_PRO_CMON;int;4;;;
MTTBHIS;;CTR_DTU_CORR;char;8;;;
MTTBHIS;;PRO_VAL_JUR;float;8;;;
MTTBHIS;;PRO_IND_JUR;float;8;;;
MTTBHIS;;DD_PRO_JUR;int;4;;;
MTTBHIS;;DES_VAL_FCVS;float;8;;;
MTTBHIS;;DES_VAL_AGEN;float;8;;;
MTTBHIS;;PE_LIGCRONO;char;5;;;
MTTBHIS;;VL_TXA_REN;float;8;;;
MTTBHIS;;VL_MON_REN;float;8;;;
MTTBHIS;;VL_JTP_REN;float;8;;;
MTTBHIS;;VL_TX2_REN;float;8;;;
MTTBHIS;;VL_TX3_REN;float;8;;;
MTTBHIS;;VL_TIPTX_REN;char;3;;;
MTTBHIS;;VL_IOF_REN;float;8;;;
MTTBHIS;;FLG_RES1;char;1;;;
MTTBHIS;;FLG_RES2;char;1;;;
MTTBHIS;;FLG_RES3;char;1;;;
MTTBHIS;;FLG_RES4;float;8;;;
MTTBHIS;;FLG_RES5;float;8;;;
MTTBHIS;;FLG_RES6;float;8;;;
MTTBHIS;;DTA_PG_SEG;char;8;;;
MTTBHIS;;PRAZ_PROR;smallint;2;;;
MTTBHIS;;ORI_REP_PRO;smallint;2;;;
MTTBHIS;;VL_MON_ATU;float;8;;;
MTTBHIS;;VL_JTP_ATU;float;8;;;
MTTBHIS;;TX_COD4;smallint;2;;;
MTTBHIS;;TX_ARG4;float;8;;;
MTTBHTZ;;CODEMP;smallint;2;;;
MTTBHTZ;;CODTRZ;smallint;2;;;
MTTBHTZ;;REGIAO;smallint;2;;;
MTTBHTZ;;NUCLEO;smallint;2;;;
MTTBHTZ;;CONTRATO;char;10;;;
MTTBHTZ;;DT_INC_APURA;char;8;;;
MTTBHTZ;;DT_FIM_APURA;char;8;;;
MTTBHTZ;;FICHA_CADAST;char;1;;;
MTTBHVL;;CODEMP;smallint;2;;;
MTTBHVL;;COD_VALOR;smallint;2;;;
MTTBHVL;;TIPO_VALOR;char;3;;;
MTTBHVL;;DESC_VALOR;char;30;;;
MTTBHVL;;VALOR;float;8;;;
MTTBHVL;;FLG_REEM_MUT;smallint;2;;;
MTTBHVL;;FLG_CORREC;smallint;2;;;
MTTBHVL;;TIPO_CORREC;smallint;2;;;
MTTBHVL;;FLG_JUROS;smallint;2;;;
MTTBHVL;;TAXA_JUROS;float;8;;;
MTTBHVL;;TIPO_CAPIT;smallint;2;;;
MTTBHVL;;TIPO_VARIAC;smallint;2;;;
MTTBHVL;;FLG_MULTA;smallint;2;;;
MTTBHVL;;PERC_MULTA;float;8;;;
MTTBHVL;;CONTA_CONTAB;char;20;;;
MTTBHVL;;QTD_REF;int;4;;;
MTTBICT;;CODEMP;smallint;2;;;
MTTBICT;;REGIAO;smallint;2;;;
MTTBICT;;NUCLEO;smallint;2;;;
MTTBICT;;CONTRATO;char;10;;;
MTTBICT;;TIPODOC;int;4;;;
MTTBICT;;REFERDOC;int;4;;;
MTTBICT;;CAMINHO_ARQ;char;255;;;
MTTBICT;;OBS;char;255;;;
MTTBICT;;DTA_INCLUSAO;char;8;;;
MTTBICT;;HOR_INCLUSAO;char;8;;;
MTTBICT;;USU_INCLUSAO;char;8;;;
MTTBICT;;DTA_ALTER;char;8;;;
MTTBICT;;HOR_ALTER;char;8;;;
MTTBICT;;USU_ALTER;char;8;;;
MTTBICT;;DTA_EXC;char;8;;;
MTTBICT;;HOR_EXC;char;8;;;
MTTBICT;;USU_EXC;char;8;;;
MTTBICT;;IDENT_UNICO;int;4;;;
MTTBICT;;TIPOREG;smallint;2;;;
MTTBICT;;DOCUMENTO_BASE64;varbinary;-1;;;
MTTBICT;;ID_ICT;bigint;8;;;
MTTBICT;;MIMETYPE;varchar;100;;;
MTTBICT;;EXTENSAO;varchar;100;;;
MTTBIDA;;CODEMP;smallint;2;;;
MTTBIDA;;IMOVEL_UNICO;int;4;;;
MTTBIDA;;EDITAL;int;4;;;
MTTBIDA;;DATA_LIC;char;8;;;
MTTBIDA;;VALOR_LIC;float;8;;;
MTTBIDA;;RESULTADO;char;250;;;
MTTBIDC;;CODEMP;smallint;2;;;
MTTBIDC;;IMOVEL_UNICO;int;4;;;
MTTBIDC;;DATA_INI;char;8;;;
MTTBIDC;;DATA_FIN;char;8;;;
MTTBIDC;;NOME_CESS;char;60;;;
MTTBIDC;;IDENT_CESS;char;30;;;
MTTBIFB;;CODEMP;smallint;2;;;
MTTBIFB;;REGIAO;smallint;2;;;
MTTBIFB;;NUCLEO;smallint;2;;;
MTTBIFB;;CONTRATO;char;10;;;
MTTBIFB;;DATA_EVM;char;8;;;
MTTBIFB;;PRT_NUM_PRES;smallint;2;;;
MTTBIFB;;PRT_VAL_AMJ;float;8;;;
MTTBIFB;;PRT_VAL_RAZ;float;8;;;
MTTBIFB;;PRT_VAL_JUR;float;8;;;
MTTBIFB;;COR_VAL_CMON;float;8;;;
MTTBIFB;;SALDO_TEOR;float;8;;;
MTTBIFB;;DIF_JUR_MES;float;8;;;
MTTBIFB;;DIF_JUR_ACU;float;8;;;
MTTBIFB;;CTR_RES_STR1;char;10;;;
MTTBIFB;;CTR_RES_STR2;char;10;;;
MTTBIFB;;CTR_RES_LNG1;int;4;;;
MTTBIFB;;CTR_RES_LNG2;int;4;;;
MTTBIFB;;CTR_RES_FLO1;float;8;;;
MTTBIFB;;CTR_RES_FLO2;float;8;;;
MTTBIFR;;CODEMP;smallint;2;;;
MTTBIFR;;REGIAO;smallint;2;;;
MTTBIFR;;NUCLEO;smallint;2;;;
MTTBIFR;;CONTRATO;char;10;;;
MTTBIFR;;DATA_EVM;char;8;;;
MTTBIFR;;PRT_NUM_PRES;smallint;2;;;
MTTBIFR;;PRT_VAL_AMJ;float;8;;;
MTTBIFR;;PRT_VAL_RAZ;float;8;;;
MTTBIFR;;PRT_VAL_JUR;float;8;;;
MTTBIFR;;COR_VAL_CMON;float;8;;;
MTTBIFR;;SALDO_TEOR;float;8;;;
MTTBIFR;;DIF_JUROR_ME;float;8;;;
MTTBIFR;;DIF_JUROS_AC;float;8;;;
MTTBIFR;;CTR_RES_STR1;char;10;;;
MTTBIFR;;CTR_RES_STR2;char;10;;;
MTTBIFR;;CTR_RES_LNG1;int;4;;;
MTTBIFR;;CTR_RES_LNG2;int;4;;;
MTTBIFR;;CTR_RES_FLO1;float;8;;;
MTTBIFR;;CTR_RES_FLO2;float;8;;;
MTTBILG;;CODEMP;smallint;2;;;
MTTBILG;;CODLGU;int;4;;;
MTTBILG;;CODILG;smallint;2;;;
MTTBILG;;CAMPO;char;30;;;
MTTBILG;;ANTES;varchar;20;;;
MTTBILG;;NOVO;varchar;20;;;
MTTBIMC;;CODEMP;smallint;2;;;
MTTBIMC;;IMOVEL_UNICO;int;4;;;
MTTBIMC;;TIPO_UNIDADE;char;20;;;
MTTBIMC;;CARACTERIST;char;3;;;
MTTBIMC;;AREA_PRIVADA;float;8;;;
MTTBIMC;;AREA_COMUM;float;8;;;
MTTBIMC;;AREA_TERRENO;float;8;;;
MTTBIMC;;DTA_CONSTRUC;char;8;;;
MTTBIMC;;QTD_PAVIMENT;smallint;2;;;
MTTBIMC;;SALA_QTD;smallint;2;;;
MTTBIMC;;SALA_PIS;char;20;;;
MTTBIMC;;SALA_PAR;char;20;;;
MTTBIMC;;SALA_CSV;char;20;;;
MTTBIMC;;COPA_QTD;smallint;2;;;
MTTBIMC;;COPA_PIS;char;20;;;
MTTBIMC;;COPA_PAR;char;20;;;
MTTBIMC;;COPA_CSV;char;20;;;
MTTBIMC;;QUAR_SOC_QTD;smallint;2;;;
MTTBIMC;;QUAR_SOC_PIS;char;20;;;
MTTBIMC;;QUAR_SOC_PAR;char;20;;;
MTTBIMC;;QUAR_SOC_CSV;char;20;;;
MTTBIMC;;QUAR_SUI_QTD;smallint;2;;;
MTTBIMC;;QUAR_SUI_PIS;char;20;;;
MTTBIMC;;QUAR_SUI_PAR;char;20;;;
MTTBIMC;;QUAR_SUI_CSV;char;20;;;
MTTBIMC;;QUAR_SRV_QTD;smallint;2;;;
MTTBIMC;;QUAR_SRV_PIS;char;20;;;
MTTBIMC;;QUAR_SRV_PAR;char;20;;;
MTTBIMC;;QUAR_SRV_CSV;char;20;;;
MTTBIMC;;WC_SOC_QTD;smallint;2;;;
MTTBIMC;;WC_SOC_PIS;char;20;;;
MTTBIMC;;WC_SOC_PAR;char;20;;;
MTTBIMC;;WC_SOC_CSV;char;20;;;
MTTBIMC;;WC_SUI_QTD;smallint;2;;;
MTTBIMC;;WC_SUI_PIS;char;20;;;
MTTBIMC;;WC_SUI_PAR;char;20;;;
MTTBIMC;;WC_SUI_CSV;char;20;;;
MTTBIMC;;WC_SRV_QTD;smallint;2;;;
MTTBIMC;;WC_SRV_PIS;char;20;;;
MTTBIMC;;WC_SRV_PAR;char;20;;;
MTTBIMC;;WC_SRV_CSV;char;20;;;
MTTBIMC;;COZINHA_QTD;smallint;2;;;
MTTBIMC;;COZINHA_PIS;char;20;;;
MTTBIMC;;COZINHA_PAR;char;20;;;
MTTBIMC;;COZINHA_CSV;char;20;;;
MTTBIMC;;AREA_SRV_QTD;smallint;2;;;
MTTBIMC;;AREA_SRV_PIS;char;20;;;
MTTBIMC;;AREA_SRV_PAR;char;20;;;
MTTBIMC;;AREA_SRV_CSV;char;20;;;
MTTBIMC;;TERRACO_QTD;smallint;2;;;
MTTBIMC;;TERRACO_PIS;char;20;;;
MTTBIMC;;TERRACO_PAR;char;20;;;
MTTBIMC;;TERRACO_CSV;char;20;;;
MTTBIMC;;GARAGEM_QTD;smallint;2;;;
MTTBIMC;;GARAGEM_PIS;char;20;;;
MTTBIMC;;GARAGEM_PAR;char;20;;;
MTTBIMC;;GARAGEM_CSV;char;20;;;
MTTBIMC;;DEPOSITO_QTD;smallint;2;;;
MTTBIMC;;DEPOSITO_PIS;char;20;;;
MTTBIMC;;DEPOSITO_PAR;char;20;;;
MTTBIMC;;DEPOSITO_CSV;char;20;;;
MTTBIMC;;DESPENSA_QTD;smallint;2;;;
MTTBIMC;;DESPENSA_PIS;char;20;;;
MTTBIMC;;DESPENSA_PAR;char;20;;;
MTTBIMC;;DESPENSA_CSV;char;20;;;
MTTBIMC;;DEP_VIG_QTD;smallint;2;;;
MTTBIMC;;DEP_VIG_PIS;char;20;;;
MTTBIMC;;DEP_VIG_PAR;char;20;;;
MTTBIMC;;DEP_VIG_CSV;char;20;;;
MTTBIMC;;SAL_FEST_QTD;smallint;2;;;
MTTBIMC;;SAL_FEST_PIS;char;20;;;
MTTBIMC;;SAL_FEST_PAR;char;20;;;
MTTBIMC;;SAL_FEST_CSV;char;20;;;
MTTBIMC;;SAL_JOGO_QTD;smallint;2;;;
MTTBIMC;;SAL_JOGO_PIS;char;20;;;
MTTBIMC;;SAL_JOGO_PAR;char;20;;;
MTTBIMC;;SAL_JOGO_CSV;char;20;;;
MTTBIMC;;PISCINA_QTD;smallint;2;;;
MTTBIMC;;PISCINA_CSV;char;20;;;
MTTBIMC;;SAUNA_QTD;smallint;2;;;
MTTBIMC;;SAUNA_CSV;char;20;;;
MTTBIMC;;CHURRAS_QTD;smallint;2;;;
MTTBIMC;;CHURRAS_CSV;char;20;;;
MTTBIMC;;AREA_LAS_QTD;smallint;2;;;
MTTBIMC;;AREA_LAS_CSV;char;20;;;
MTTBIMC;;JARD_INT_QTD;smallint;2;;;
MTTBIMC;;JARD_INT_CSV;char;20;;;
MTTBIMC;;JARD_EXT_QTD;smallint;2;;;
MTTBIMC;;JARD_EXT_CSV;char;20;;;
MTTBIMC;;POCO_ART_QTD;smallint;2;;;
MTTBIMC;;POCO_ART_CSV;char;20;;;
MTTBIMC;;CANIL_QTD;smallint;2;;;
MTTBIMC;;CANIL_CSV;char;20;;;
MTTBIMC;;ENERGIA;char;3;;;
MTTBIMC;;AGUA;char;3;;;
MTTBIMC;;SANEAMENTO;char;3;;;
MTTBIMC;;SIT_IMOV1;char;3;;;
MTTBIMC;;SIT_IMOV2;char;3;;;
MTTBIMC;;SIT_IMOV3;char;3;;;
MTTBIMC;;SIT_IMOV4;char;3;;;
MTTBIMC;;SIT_IMOV5;char;3;;;
MTTBIMC;;DESCR_IMOV1;char;250;;;
MTTBIMC;;DESCR_IMOV2;char;250;;;
MTTBIMC;;DESCR_IMOV3;char;250;;;
MTTBIMC;;DESCR_IMOV4;char;250;;;
MTTBIMC;;DESCR_IMOV5;char;250;;;
MTTBIMC;;DESCR_IMOV6;char;250;;;
MTTBIMC;;DTA_INCLUSAO;char;8;;;
MTTBIMC;;HOR_INCLUSAO;char;8;;;
MTTBIMC;;USU_INCLUSAO;char;8;;;
MTTBIMC;;DTA_ALTER;char;8;;;
MTTBIMC;;HOR_ALTER;char;8;;;
MTTBIMC;;USU_ALTER;char;8;;;
MTTBIMC;;FLG_SIT_CAD;char;3;;;
MTTBIMC;;DES_FRENTE;char;500;;;
MTTBIMC;;TAM_FRENTE;float;8;;;
MTTBIMC;;DES_FUNDO;char;500;;;
MTTBIMC;;TAM_FUNDO;float;8;;;
MTTBIMC;;DES_ESQUERDA;char;500;;;
MTTBIMC;;TAM_ESQUERDA;float;8;;;
MTTBIMC;;DES_DIREITA;char;500;;;
MTTBIMC;;TAM_DIREITA;float;8;;;
MTTBIMC;;OBS_FUNDO;char;500;;;
MTTBIMC;;OBS_ESQUERDA;char;500;;;
MTTBIMC;;OBS_DIREITA;char;500;;;
MTTBIMC;;OBS_FRENTE;char;500;;;
MTTBIMC;;POS_OBSERVADOR;smallint;2;;;
MTTBIMC;;FRACAO_IDEAL;float;8;;;
MTTBIMC;;AREA_TOTAL;float;8;;;
MTTBIMC;;GEOGRAFICA;varchar;100;;;
MTTBIMC;;POS_OBS_COMPL;varchar;250;;;
MTTBIMD;;CODEMP;smallint;2;;;
MTTBIMD;;IMOVEL_UNICO;int;4;;;
MTTBIMD;;TipoDoc;int;4;;;
MTTBIMD;;ReferDoc;int;4;;;
MTTBIMD;;CaminhoArq;char;255;;;
MTTBIMD;;Obs;char;255;;;
MTTBIMD;;DTA_INCLUSAO;char;8;;;
MTTBIMD;;HOR_INCLUSAO;char;8;;;
MTTBIMD;;USU_INCLUSAO;char;8;;;
MTTBIMD;;DTA_ALTER;char;8;;;
MTTBIMD;;HOR_ALTER;char;8;;;
MTTBIMD;;USU_ALTER;char;8;;;
MTTBIMG;;codemp;smallint;2;;;
MTTBIMG;;codimg;char;10;;;
MTTBIMG;;descimg;char;50;;;
MTTBIMG;;padrao;int;4;;;
MTTBIMG;;imagem;image;16;;;
MTTBIMO;;CodEmp;smallint;2;;;
MTTBIMO;;Regiao;smallint;2;;;
MTTBIMO;;Nucleo;smallint;2;;;
MTTBIMO;;Contrato;char;10;;;
MTTBIMO;;Endereco;char;45;;;
MTTBIMO;;Complemento;char;15;;;
MTTBIMO;;Nome_EdfConj;char;30;;;
MTTBIMO;;Bairro;char;50;;;
MTTBIMO;;Cidade;char;25;;;
MTTBIMO;;Estado;char;2;;;
MTTBIMO;;CodCep;int;4;;;
MTTBIMO;;SufCep;smallint;2;;;
MTTBIMO;;DDDFone;smallint;2;;;
MTTBIMO;;NumFone;int;4;;;
MTTBIMO;;RamFone;smallint;2;;;
MTTBIMO;;Quadra;char;5;;;
MTTBIMO;;Lote;char;5;;;
MTTBIMO;;Compl;char;5;;;
MTTBIMO;;Apto;char;9;;;
MTTBIMO;;Tipo;char;5;;;
MTTBIMO;;Dt_Emiss_Car;char;8;;;
MTTBIMO;;Controle_Car;char;40;;;
MTTBIMO;;CGC_CPF_VND;char;14;;;
MTTBIMO;;FIS_JUR_VND;int;4;;;
MTTBIMO;;PERC_VND;float;8;;;
MTTBIMO;;CGC_CPF_VND2;char;14;;;
MTTBIMO;;FIS_JUR_VND2;int;4;;;
MTTBIMO;;PERC_VND2;float;8;;;
MTTBIMO;;CGC_CPF_VND3;char;14;;;
MTTBIMO;;FIS_JUR_VND3;int;4;;;
MTTBIMO;;PERC_VND3;float;8;;;
MTTBIMO;;CGC_CPF_VND4;char;14;;;
MTTBIMO;;FIS_JUR_VND4;int;4;;;
MTTBIMO;;PERC_VND4;float;8;;;
MTTBIMO;;CGC_CPF_VND5;char;14;;;
MTTBIMO;;FIS_JUR_VND5;int;4;;;
MTTBIMO;;PERC_VND5;float;8;;;
MTTBIMO;;DTA_HABITESE;char;8;;;
MTTBIMO;;COD_HABITESE;char;20;;;
MTTBIMO;;ORIGEM_IMOV;char;5;;;
MTTBIMR;;CODEMP;smallint;2;;;
MTTBIMR;;CLIENTE_UNIC;int;4;;;
MTTBIMR;;DTA_INCLUSAO;char;8;;;
MTTBIMR;;HOR_INCLUSAO;char;8;;;
MTTBIMR;;COD_COADQ1;int;4;;;
MTTBIMR;;COD_COADQ2;int;4;;;
MTTBIMR;;COD_COADQ3;int;4;;;
MTTBIMR;;TIPO_RESERVA;smallint;2;;;
MTTBIMR;;PRAZO_RES;smallint;2;;;
MTTBIMR;;DTA_VAL_RES;int;4;;;
MTTBIMR;;IMOVEL_UNICO;int;4;;;
MTTBIMR;;TIPO_IMOVEL;char;2;;;
MTTBIMR;;DESTINACAO;char;3;;;
MTTBIMR;;NOVO_USADO;smallint;2;;;
MTTBIMR;;ANOS_CONST_I;smallint;2;;;
MTTBIMR;;ANOS_CONST_F;smallint;2;;;
MTTBIMR;;PROG_HABIT;smallint;2;;;
MTTBIMR;;REGIAO;smallint;2;;;
MTTBIMR;;NUCLEO;smallint;2;;;
MTTBIMR;;BAIRRO;char;15;;;
MTTBIMR;;MUNICIPIO;char;25;;;
MTTBIMR;;COD_MUNIC;int;4;;;
MTTBIMR;;ESTADO;char;2;;;
MTTBIMR;;AREA_IMOVEL;float;8;;;
MTTBIMR;;VAR_AREA;float;8;;;
MTTBIMR;;VALOR_IMOVEL;float;8;;;
MTTBIMR;;VAR_VALOR;float;8;;;
MTTBIMR;;SALA_QTDI;smallint;2;;;
MTTBIMR;;SALA_QTDF;smallint;2;;;
MTTBIMR;;COPA_QTDI;smallint;2;;;
MTTBIMR;;COPA_QTDF;smallint;2;;;
MTTBIMR;;QUAR_SU_QTDI;smallint;2;;;
MTTBIMR;;QUAR_SU_QTDF;smallint;2;;;
MTTBIMR;;QUAR_SO_QTDI;smallint;2;;;
MTTBIMR;;QUAR_SO_QTDF;smallint;2;;;
MTTBIMR;;QUAR_SV_QTDI;smallint;2;;;
MTTBIMR;;QUAR_SV_QTDF;smallint;2;;;
MTTBIMR;;WC_SO_QTDI;smallint;2;;;
MTTBIMR;;WC_SO_QTDF;smallint;2;;;
MTTBIMR;;WC_SV_QTDI;smallint;2;;;
MTTBIMR;;WC_SV_QTDF;smallint;2;;;
MTTBIMR;;COZINHA_QTDI;smallint;2;;;
MTTBIMR;;COZINHA_QTDF;smallint;2;;;
MTTBIMR;;TERRACO_QTDI;smallint;2;;;
MTTBIMR;;TERRACO_QTDF;smallint;2;;;
MTTBIMR;;GARAGEM_QTDI;smallint;2;;;
MTTBIMR;;GARAGEM_QTDF;smallint;2;;;
MTTBIMR;;TP_COMERC;smallint;2;;;
MTTBIMR;;POUP_ESPECIE;smallint;2;;;
MTTBIMR;;POUP_FGTS;smallint;2;;;
MTTBIMR;;GRAU_PRIOR;smallint;2;;;
MTTBIMR;;FLG_SIT_CAD;char;3;;;
MTTBIMR;;ACCSEQ;char;24;;;
MTTBIMR;;USU_INCLUSAO;char;8;;;
MTTBIMR;;DTA_ALTER;char;8;;;
MTTBIMR;;HOR_ALTER;char;8;;;
MTTBIMR;;USU_ALTER;char;8;;;
MTTBIMR;;REGIAO_MUT;smallint;2;;;
MTTBIMR;;NUCLEO_MUT;smallint;2;;;
MTTBIMR;;CONTRATO_MUT;char;10;;;
MTTBIMV;;CODEMP;smallint;2;;;
MTTBIMV;;IMOVEL_UNICO;int;4;;;
MTTBIMV;;LOGRADOURO;char;3;;;
MTTBIMV;;ENDERECO;char;30;;;
MTTBIMV;;NUMERO;char;10;;;
MTTBIMV;;COMPLEMENTO;char;15;;;
MTTBIMV;;NOME_EDFCONJ;char;30;;;
MTTBIMV;;BAIRRO;char;50;;;
MTTBIMV;;MUNICIPIO;char;25;;;
MTTBIMV;;COD_MUNIC;int;4;;;
MTTBIMV;;ESTADO;char;2;;;
MTTBIMV;;CEP;char;8;;;
MTTBIMV;;REGIAO;smallint;2;;;
MTTBIMV;;NUCLEO;smallint;2;;;
MTTBIMV;;QUADRA;char;5;;;
MTTBIMV;;LOTE;char;5;;;
MTTBIMV;;BLOCO;char;5;;;
MTTBIMV;;UNIDADE;char;9;;;
MTTBIMV;;REGIAO_MUT;smallint;2;;;
MTTBIMV;;NUCLEO_MUT;smallint;2;;;
MTTBIMV;;CONTRATO_MUT;char;10;;;
MTTBIMV;;TIPO_IMOVEL;char;2;;;
MTTBIMV;;TIPO_USO;char;3;;;
MTTBIMV;;RGI_DATA;char;8;;;
MTTBIMV;;RGI_CARTORIO;varchar;10;;;
MTTBIMV;;RGI_LIVRO;char;10;;;
MTTBIMV;;RGI_FOLHA;char;10;;;
MTTBIMV;;RGI_MATRIC;varchar;15;;;
MTTBIMV;;RGI_NUMERO;char;10;;;
MTTBIMV;;DTA_HABITESE;char;8;;;
MTTBIMV;;COD_HABITESE;char;20;;;
MTTBIMV;;CGC_INCORP;char;14;;;
MTTBIMV;;RAZSOC_INCOR;char;40;;;
MTTBIMV;;ORIGEM_IMOV;char;5;;;
MTTBIMV;;PLD_SEGURO;char;1;;;
MTTBIMV;;CAD_UNI_PROP;int;4;;;
MTTBIMV;;COD_IPTU;char;20;;;
MTTBIMV;;COD_SIST_PAT;char;20;;;
MTTBIMV;;DTA_AQUIS;char;8;;;
MTTBIMV;;VAL_AQUIS;float;8;;;
MTTBIMV;;DTA_CONTABIL;char;8;;;
MTTBIMV;;VAL_CONTABIL;float;8;;;
MTTBIMV;;DTA_AVAL;char;8;;;
MTTBIMV;;VAL_AVAL;float;8;;;
MTTBIMV;;DTA_AVAL_CEF;char;8;;;
MTTBIMV;;VAL_AVAL_CEF;float;8;;;
MTTBIMV;;DTA_MERCADO;char;8;;;
MTTBIMV;;VAL_MERCADO;float;8;;;
MTTBIMV;;DTA_CMP_VEND;char;8;;;
MTTBIMV;;VAL_CMP_VEND;float;8;;;
MTTBIMV;;DTA_INCLUSAO;char;8;;;
MTTBIMV;;HOR_INCLUSAO;char;8;;;
MTTBIMV;;USU_INCLUSAO;char;8;;;
MTTBIMV;;DTA_ALTER;char;8;;;
MTTBIMV;;HOR_ALTER;char;8;;;
MTTBIMV;;USU_ALTER;char;8;;;
MTTBIMV;;FLG_USO;char;1;;;
MTTBIMV;;FLG_SIT_CAD;char;3;;;
MTTBIMV;;FLG_RES01;char;1;;;
MTTBIMV;;FLG_RES02;char;1;;;
MTTBIMV;;FLG_RES03;char;1;;;
MTTBIMV;;FLG_RES04;char;1;;;
MTTBIMV;;FLG_RES05;char;1;;;
MTTBIMV;;FLG_RES06;char;1;;;
MTTBIMV;;FLG_RES07;char;1;;;
MTTBIMV;;FLG_RES08;char;1;;;
MTTBIMV;;FLG_RES09;char;1;;;
MTTBIMV;;FLG_RES10;char;1;;;
MTTBIMV;;ACCSEQ;char;34;;;
MTTBIMV;;CREA;char;8;;;
MTTBIMV;;FISJUR_INCOR;smallint;2;;;
MTTBIMV;;PROG_HABIT;smallint;2;;;
MTTBIMV;;CAD_UNI_PRO2;int;4;;;
MTTBIMV;;CAD_UNI_PRO3;int;4;;;
MTTBIMV;;CAD_UNI_PRO4;int;4;;;
MTTBIMV;;PUBLICARWEB;int;4;;;
MTTBIMV;;DATA_PUBLIC;char;8;;;
MTTBIMV;;DATA_EXPIRA;char;8;;;
MTTBIMV;;DTA_DESP_JUD;char;8;;;
MTTBIMV;;VAL_DESP_JUD;float;8;;;
MTTBIMV;;DTA_RESERVA;char;8;;;
MTTBIMV;;USU_RESERVA;char;8;;;
MTTBIMV;;RGI_COMARCA;varchar;50;;;
MTTBIMV;;CAT_IMO;smallint;2;;;
MTTBIMV;;SUB_CAT_IMO;smallint;2;;;
MTTBIMV;;ZONA_IMO;smallint;2;;;
MTTBIMV;;CNS;int;4;;;
MTTBIMV;;ENDERECO_ORI;char;45;;;
MTTBIMV;;NUMERO_ORI;char;10;;;
MTTBIMV;;COMPLEMENTO_ORI;char;15;;;
MTTBIMV;;NOME_EDFCONJ_ORI;char;40;;;
MTTBIMV;;QUADRA_ORI;char;5;;;
MTTBIMV;;LOTE_ORI;char;5;;;
MTTBIND;;CodEmp;smallint;2;;;
MTTBIND;;DataInd;varchar;8;;;
MTTBIND;;IndDiario;float;8;;;
MTTBIND;;VarIgpm;float;8;;;
MTTBINN;;CODEMP;smallint;2;;;
MTTBINN;;REGIAO;smallint;2;;;
MTTBINN;;NUCLEO;smallint;2;;;
MTTBINN;;CONTRATO;char;10;;;
MTTBINN;;SEQNOSNUMELO;char;8;;;
MTTBINN;;SEQNOSNUMINT;char;15;;;
MTTBINN;;NUMPROCESSAMENTO;char;11;;;
MTTBINN;;CODBARLINDIG;char;55;;;
MTTBINN;;CODBARVALNUM;char;44;;;
MTTBINN;;PAG_DATA;char;8;;;
MTTBINN;;PAG_BANCO;char;3;;;
MTTBINN;;PAG_AGENCIA;char;10;;;
MTTBINN;;PAG_VALOR;float;8;;;
MTTBINN;;TICKET;varchar;-1;;;
MTTBINN;;XML_TKT_ENV;varchar;-1;;;
MTTBINN;;XML_TKT_RET;varchar;-1;;;
MTTBINN;;XML_INC_ENV;varchar;-1;;;
MTTBINN;;XML_INC_RET;varchar;-1;;;
MTTBINN;;STATUS_MSG;varchar;-1;;;
MTTBINP;;CodEmp;smallint;2;;;
MTTBINP;;DataTpInpc;char;7;;;
MTTBINP;;Inpc;float;8;;;
MTTBINP;;GanhoReal;float;8;;;
MTTBINP;;MGat1;smallint;2;;;
MTTBINP;;MGat2;smallint;2;;;
MTTBINP;;MGat3;smallint;2;;;
MTTBINP;;MGat4;smallint;2;;;
MTTBINP;;MGat5;smallint;2;;;
MTTBINP;;MGat6;smallint;2;;;
MTTBINP;;MGat7;smallint;2;;;
MTTBINP;;MGat8;smallint;2;;;
MTTBINP;;MGat9;smallint;2;;;
MTTBINP;;MGat10;smallint;2;;;
MTTBINP;;MGat11;smallint;2;;;
MTTBINP;;MGat12;smallint;2;;;
MTTBINP;;IGrp1;float;8;;;
MTTBINP;;IGrp2;float;8;;;
MTTBINP;;IGrp3;float;8;;;
MTTBINP;;IGrp4;float;8;;;
MTTBINP;;Urp;float;8;;;
MTTBINP;;IndPadrao;float;8;;;
MTTBIPTU;;CODEMP;smallint;2;;;
MTTBIPTU;;IMOVEL_UNICO;int;4;;;
MTTBIPTU;;SEQ_IMOVEL;char;20;;;
MTTBIPTU;;ANO;char;4;;;
MTTBIPTU;;VENCIMENTO;char;8;;;
MTTBIPTU;;NUM_PARCELA;smallint;2;;;
MTTBIPTU;;TOT_PARCELA;smallint;2;;;
MTTBIPTU;;VAL_IMPOSTO;float;8;;;
MTTBIPTU;;VAL_PARCELA;float;8;;;
MTTBIPTU;;OUT_TAXAS;float;8;;;
MTTBIPTU;;VAL_MULTA;float;8;;;
MTTBIPTU;;VAL_JUROS;float;8;;;
MTTBIPTU;;VAL_COR_MON;float;8;;;
MTTBIPTU;;VAL_PENAL;float;8;;;
MTTBIPTU;;VAL_VISTA;float;8;;;
MTTBIPTU;;VAL_PGTO;float;8;;;
MTTBIPTU;;VAL_SALDO;float;8;;;
MTTBIPTU;;VAL_ATU;float;8;;;
MTTBISA;;CODEMP;smallint;2;;;
MTTBISA;;COD_IMOVEL;int;4;;;
MTTBISA;;DIG_IMOVEL;smallint;2;;;
MTTBISA;;ORG_PROCESSO;smallint;2;;;
MTTBISA;;NUM_PROCESSO;int;4;;;
MTTBISA;;ANO_PROCESSO;smallint;2;;;
MTTBISA;;NUM_EXPED;int;4;;;
MTTBISA;;ANO_EXPED;smallint;2;;;
MTTBISA;;DATA_QUIT;char;8;;;
MTTBISA;;CGC_CPF_RESP;char;14;;;
MTTBISA;;FIS_JUR_RESP;smallint;2;;;
MTTBISA;;COD_CONDICAO;smallint;2;;;
MTTBISA;;TIPO_DOC;char;3;;;
MTTBISA;;NUM_DOC;int;4;;;
MTTBISA;;OBSERVACAO;char;80;;;
MTTBISA;;COD_USR_INC;char;8;;;
MTTBISA;;DATA_INC;char;8;;;
MTTBISA;;HORA_INC;char;8;;;
MTTBISA;;USR_ALT;char;8;;;
MTTBISA;;DATA_ALT;char;8;;;
MTTBISA;;HORA_ALT;char;8;;;
MTTBISP;;CODEMP;smallint;2;;;
MTTBISP;;SEQ;smallint;2;;;
MTTBISP;;DATAPROC;char;8;;;
MTTBIVA;;CODEMP;smallint;2;;;
MTTBIVA;;IMOVEL_UNICO;int;4;;;
MTTBIVA;;DATA;char;8;;;
MTTBIVA;;VALOR;float;8;;;
MTTBJOR;;CODEMP;smallint;2;;;
MTTBJOR;;CODJOR;smallint;2;;;
MTTBJOR;;DESCJOR;char;30;;;
MTTBJOR;;CIDADE;char;15;;;
MTTBJOR;;UF;char;2;;;
MTTBJUR;;CODEMP;smallint;2;;;
MTTBJUR;;NUM_PROC;char;20;;;
MTTBJUR;;TIPO_PROC;smallint;2;;;
MTTBJUR;;COD_ACAO;smallint;2;;;
MTTBJUR;;FLG_EXEC;smallint;2;;;
MTTBJUR;;COD_TITULO;smallint;2;;;
MTTBJUR;;COD_VARA;smallint;2;;;
MTTBJUR;;COD_COMARCA;int;4;;;
MTTBJUR;;COD_FORO;smallint;2;;;
MTTBJUR;;COD_ORGAO;smallint;2;;;
MTTBJUR;;REGIAO_PRI;smallint;2;;;
MTTBJUR;;NUCLEO_PRI;smallint;2;;;
MTTBJUR;;CONTRATO_PRI;char;10;;;
MTTBJUR;;COD_ESCR_PRI;smallint;2;;;
MTTBJUR;;COD_ADV_PRI;smallint;2;;;
MTTBJUR;;DTA_ENV_ESCR;char;8;;;
MTTBJUR;;COD_ESCR_C;smallint;2;;;
MTTBJUR;;COD_ADV_C;smallint;2;;;
MTTBJUR;;DTA_AJUIZAM;char;8;;;
MTTBJUR;;DTA_REC_PRO;char;8;;;
MTTBJUR;;VALOR_PRINC;float;8;;;
MTTBJUR;;VAL_ATU_MORA;float;8;;;
MTTBJUR;;VALOR_OUTROS;float;8;;;
MTTBJUR;;VALOR_CAUSA;float;8;;;
MTTBJUR;;DTA_VL_CAUSA;char;8;;;
MTTBJUR;;SALDO_DEV;float;8;;;
MTTBJUR;;DTA_SALD_DEV;char;8;;;
MTTBJUR;;COD_FASE_AT;smallint;2;;;
MTTBJUR;;DTA_FASE_AT;char;8;;;
MTTBJUR;;PROB_EXITO;float;8;;;
MTTBJUR;;DTA_ENCER;char;8;;;
MTTBJUR;;VALOR_ENCER;float;8;;;
MTTBJUR;;OBS_PROCESSO;char;250;;;
MTTBJUR;;FLG_RES1;char;1;;;
MTTBJUR;;FLG_RES2;char;1;;;
MTTBJUR;;FLG_RES3;char;1;;;
MTTBJUR;;FLG_RES4;smallint;2;;;
MTTBJUR;;FLG_RES5;smallint;2;;;
MTTBJUR;;FLG_RES6;smallint;2;;;
MTTBJUR;;DTA_INCLUSAO;char;8;;;
MTTBJUR;;HOR_INCLUSAO;char;8;;;
MTTBJUR;;USU_INCLUSAO;char;8;;;
MTTBJUR;;DTA_ALTER;char;8;;;
MTTBJUR;;HOR_ALTER;char;8;;;
MTTBJUR;;USU_ALTER;char;8;;;
MTTBLAC;;CODEMP;smallint;2;;;
MTTBLAC;;REGIAO;smallint;2;;;
MTTBLAC;;NUCLEO;smallint;2;;;
MTTBLAC;;CONTRATO;char;10;;;
MTTBLAC;;DATA_ACORDO;char;8;;;
MTTBLAC;;DATA_PREST;char;6;;;
MTTBLAC;;DIA_VENC;char;2;;;
MTTBLAC;;NUM_PREST;smallint;2;;;
MTTBLAC;;DATA_PAGTO;char;8;;;
MTTBLAC;;DATA_COBEVM;char;8;;;
MTTBLADD;;fk_codigo_ura;int;4;;;
MTTBLADD;;fk_codigo_dec;int;4;;;
MTTBLADOD;;fk_codigo_ura;int;4;;;
MTTBLADOD;;fk_codigo_oic;int;4;;;
MTTBLBC;;CodEmp;smallint;2;;;
MTTBLBC;;DataLbc;char;6;;;
MTTBLBC;;Lbc;float;8;;;
MTTBLCA;;COD_CAMPANHA;smallint;2;;;
MTTBLCA;;CODEMP;smallint;2;;;
MTTBLCA;;REGIAO;smallint;2;;;
MTTBLCA;;NUCLEO;smallint;2;;;
MTTBLCA;;CONTRATO;char;10;;;
MTTBLCA;;ENV_ID_CONVO;smallint;2;;;
MTTBLCA;;ENV_AUT_GERA;char;10;;;
MTTBLCA;;ENV_DT_PROC;char;8;;;
MTTBLCA;;ENV_DT_ATEND;char;8;;;
MTTBLCA;;ENV_TURNO_AT;char;5;;;
MTTBLCA;;ENV_HORA_AT;char;8;;;
MTTBLCA;;ENV_D1_EMI;char;1;;;
MTTBLCA;;ENV_D2_EMI;char;1;;;
MTTBLCA;;ENV_D3_EMI;char;1;;;
MTTBLCA;;ENV_D3_FCVS;char;1;;;
MTTBLCA;;ENV_D3_AVAL;char;1;;;
MTTBLCA;;ENV_REC_ISEN;char;1;;;
MTTBLCA;;ENV_RECP_EMI;char;1;;;
MTTBLCA;;ENV_RECS_EMI;char;1;;;
MTTBLCA;;ENV_RECA_EMI;char;1;;;
MTTBLCA;;RET_AUT_EFET;char;10;;;
MTTBLCA;;RET_DT_PROC;char;8;;;
MTTBLCA;;RET_DT_CNTB;char;8;;;
MTTBLCA;;RET_DIA_VENC;char;2;;;
MTTBLCA;;RET_OPC_ADIT;char;1;;;
MTTBLCA;;RET_OPC_ACD1;char;1;;;
MTTBLCA;;RET_OPC_ACD2;char;1;;;
MTTBLCA;;RET_OPC_ACD3;char;1;;;
MTTBLCA;;RET_OPC_AVAC;char;1;;;
MTTBLCA;;RET_OPC_AVPR;char;1;;;
MTTBLCA;;RET_OPC_AVD3;char;1;;;
MTTBLCA;;RET_OPC_FCVS;char;1;;;
MTTBLCA;;RET_OPC_AVAL;char;1;;;
MTTBLCA;;RET_OPC_NPRT;char;1;;;
MTTBLCA;;RET_OPC_QPRT;smallint;2;;;
MTTBLCA;;RET_OPC_VPRT;float;8;;;
MTTBLCA;;RET_OPC_OCTH;char;1;;;
MTTBLCA;;RET_OPC_PCTH;smallint;2;;;
MTTBLCA;;RET_OPC_VCTH;float;8;;;
MTTBLCA;;RET_OPC_PDMO;float;8;;;
MTTBLCA;;RET_OPC_PDAT;float;8;;;
MTTBLCA;;RET_OC_PROCE;char;100;;;
MTTBLCA;;RECP_NUM_REC;char;8;;;
MTTBLCA;;RECP_COD_LAY;smallint;2;;;
MTTBLCA;;RECP_COD_BCO;smallint;2;;;
MTTBLCA;;RECP_COD_ARR;char;1;;;
MTTBLCA;;RECP_DTVALID;char;8;;;
MTTBLCA;;RECP_NRSPRT;char;30;;;
MTTBLCA;;RECP_VLRECIB;float;8;;;
MTTBLCA;;RECP_VLPRTS;float;8;;;
MTTBLCA;;RECP_VLPRTSA;float;8;;;
MTTBLCA;;RECP_VLPRTSM;float;8;;;
MTTBLCA;;RECP_VLDESC;float;8;;;
MTTBLCA;;RECP_DTPGTO;char;8;;;
MTTBLCA;;RECP_VLPGTO;float;8;;;
MTTBLCA;;RECS_NUM_REC;char;8;;;
MTTBLCA;;RECS_COD_LAY;smallint;2;;;
MTTBLCA;;RECS_COD_BCO;smallint;2;;;
MTTBLCA;;RECS_COD_ARR;char;1;;;
MTTBLCA;;RECS_DTVALID;char;8;;;
MTTBLCA;;RECS_VLRECIB;float;8;;;
MTTBLCA;;RECS_DTPGTO;char;8;;;
MTTBLCA;;RECS_VLPGTO;float;8;;;
MTTBLCA;;RECA_NUM_REC;char;8;;;
MTTBLCA;;RECA_COD_LAY;smallint;2;;;
MTTBLCA;;RECA_COD_BCO;smallint;2;;;
MTTBLCA;;RECA_COD_ARR;char;1;;;
MTTBLCA;;RECA_DTVALID;char;8;;;
MTTBLCA;;RECA_VLRECIB;float;8;;;
MTTBLCA;;RECA_VLDIVID;float;8;;;
MTTBLCA;;RECA_VLDESC;float;8;;;
MTTBLCA;;RECA_VLFGTS;float;8;;;
MTTBLCA;;RECA_DTPGTO;char;8;;;
MTTBLCA;;RECA_VLPGTO;float;8;;;
MTTBLCA;;DTACONTR_ORI;char;8;;;
MTTBLCA;;VAMJ_ULT_ORI;float;8;;;
MTTBLCA;;VENC_ULT_ORI;float;8;;;
MTTBLCA;;SITUACAO;char;2;;;
MTTBLCA;;SIT_COD1;char;3;;;
MTTBLCA;;SIT_COD2;char;3;;;
MTTBLCA;;SIT_COD3;char;3;;;
MTTBLCA;;SIT_COD4;char;3;;;
MTTBLCA;;SIT_COD5;char;3;;;
MTTBLCA;;SIT_FCVS;smallint;2;;;
MTTBLCA;;FLG_RES1;char;1;;;
MTTBLCA;;FLG_RES2;char;1;;;
MTTBLCA;;FLG_RES3;char;1;;;
MTTBLCA;;FLG_RES1_INT;smallint;2;;;
MTTBLCA;;FLG_RES2_INT;smallint;2;;;
MTTBLCA;;FLG_RES3_INT;smallint;2;;;
MTTBLCA;;FLG_RES1_DBL;float;8;;;
MTTBLCA;;FLG_RES2_DBL;float;8;;;
MTTBLCA;;FLG_RES3_DBL;float;8;;;
MTTBLCA;;FLG_ATIV_ORI;smallint;2;;;
MTTBLCA;;DT_ATZ_ORI;char;8;;;
MTTBLCA;;TXJUR_ORI;float;8;;;
MTTBLCA;;PRZ_REM_ORI;smallint;2;;;
MTTBLCA;;QPATR_ORI;smallint;2;;;
MTTBLCA;;VPATR_ORI;float;8;;;
MTTBLCA;;APATR_ORI;float;8;;;
MTTBLCA;;MPATR_ORI;float;8;;;
MTTBLCA;;PPENC_ORI;float;8;;;
MTTBLCA;;PPEND_ORI;float;8;;;
MTTBLCA;;DT_SLD_ORI;char;8;;;
MTTBLCA;;SLD_ORI;float;8;;;
MTTBLCA;;ASLD_ORI;float;8;;;
MTTBLCA;;SPENC_ORI;float;8;;;
MTTBLCA;;ASPENC_ORI;float;8;;;
MTTBLCA;;SPEND_ORI;float;8;;;
MTTBLCA;;ASPEND_ORI;float;8;;;
MTTBLCA;;FLG_ATIV_R26;smallint;2;;;
MTTBLCA;;DT_ATZ_R26;char;8;;;
MTTBLCA;;TXJUR_R26;float;8;;;
MTTBLCA;;PRZ_REM_R26;smallint;2;;;
MTTBLCA;;QPATR_R26;smallint;2;;;
MTTBLCA;;VPATR_R26;float;8;;;
MTTBLCA;;APATR_R26;float;8;;;
MTTBLCA;;MPATR_R26;float;8;;;
MTTBLCA;;PPENC_R26;float;8;;;
MTTBLCA;;PPEND_R26;float;8;;;
MTTBLCA;;DT_SLD_R26;char;8;;;
MTTBLCA;;SLD_R26;float;8;;;
MTTBLCA;;ASLD_R26;float;8;;;
MTTBLCA;;SPENC_R26;float;8;;;
MTTBLCA;;ASPENC_R26;float;8;;;
MTTBLCA;;SPEND_R26;float;8;;;
MTTBLCA;;ASPEND_R26;float;8;;;
MTTBLCA;;FLG_ATIV_R27;smallint;2;;;
MTTBLCA;;DT_ATZ_R27;char;8;;;
MTTBLCA;;TXJUR_R27;float;8;;;
MTTBLCA;;PRZ_REM_R27;smallint;2;;;
MTTBLCA;;QPATR_R27;smallint;2;;;
MTTBLCA;;VPATR_R27;float;8;;;
MTTBLCA;;APATR_R27;float;8;;;
MTTBLCA;;MPATR_R27;float;8;;;
MTTBLCA;;PPENC_R27;float;8;;;
MTTBLCA;;PPEND_R27;float;8;;;
MTTBLCA;;DT_SLD_R27;char;8;;;
MTTBLCA;;SLD_R27;float;8;;;
MTTBLCA;;ASLD_R27;float;8;;;
MTTBLCA;;SPENC_R27;float;8;;;
MTTBLCA;;ASPENC_R27;float;8;;;
MTTBLCA;;SPEND_R27;float;8;;;
MTTBLCA;;ASPEND_R27;float;8;;;
MTTBLCA;;FLG_ATIV_R10;smallint;2;;;
MTTBLCA;;DT_ATZ_R10;char;8;;;
MTTBLCA;;TXJUR_R10;float;8;;;
MTTBLCA;;PRZ_REM_R10;smallint;2;;;
MTTBLCA;;QPATR_R10;smallint;2;;;
MTTBLCA;;VPATR_R10;float;8;;;
MTTBLCA;;APATR_R10;float;8;;;
MTTBLCA;;MPATR_R10;float;8;;;
MTTBLCA;;PPENC_R10;float;8;;;
MTTBLCA;;PPEND_R10;float;8;;;
MTTBLCA;;DT_SLD_R10;char;8;;;
MTTBLCA;;SLD_R10;float;8;;;
MTTBLCA;;ASLD_R10;float;8;;;
MTTBLCA;;SPENC_R10;float;8;;;
MTTBLCA;;ASPENC_R10;float;8;;;
MTTBLCA;;SPEND_R10;float;8;;;
MTTBLCA;;ASPEND_R10;float;8;;;
MTTBLCA;;VLTOT_DV_AV;float;8;;;
MTTBLCA;;VLDSC_DV_AV;float;8;;;
MTTBLCA;;VLCDSC_DV_AV;float;8;;;
MTTBLCA;;VLTOT_PR_AV;float;8;;;
MTTBLCA;;VLDSC_PR_AV;float;8;;;
MTTBLCA;;VLCDSC_PR_AV;float;8;;;
MTTBLCA;;AD1_CPF;char;14;;;
MTTBLCA;;AD1_PART;float;8;;;
MTTBLCA;;AD1_NOME;varchar;60;;;
MTTBLCA;;AD1_DT_NASC;char;8;;;
MTTBLCA;;AD1_NACIO;char;16;;;
MTTBLCA;;AD1_ESTCIV;char;25;;;
MTTBLCA;;AD1_PROFIS;char;20;;;
MTTBLCA;;AD1_DT_CASAM;char;8;;;
MTTBLCA;;AD1_REGIME;char;23;;;
MTTBLCA;;AD1_RG;char;30;;;
MTTBLCA;;AD1_CPFCONJ;char;14;;;
MTTBLCA;;AD1_NOMECONJ;varchar;60;;;
MTTBLCA;;AD1_RGCONJ;char;30;;;
MTTBLCA;;AD2_CPF;char;14;;;
MTTBLCA;;AD2_PART;float;8;;;
MTTBLCA;;AD2_NOME;varchar;60;;;
MTTBLCA;;AD2_DT_NASC;char;8;;;
MTTBLCA;;AD2_NACIO;char;16;;;
MTTBLCA;;AD2_ESTCIV;char;25;;;
MTTBLCA;;AD2_PROFIS;char;20;;;
MTTBLCA;;AD2_DT_CASAM;char;8;;;
MTTBLCA;;AD2_REGIME;char;23;;;
MTTBLCA;;AD2_RG;char;30;;;
MTTBLCA;;AD2_CPFCONJ;char;14;;;
MTTBLCA;;AD2_NOMECONJ;varchar;60;;;
MTTBLCA;;AD2_RGCONJ;char;30;;;
MTTBLCA;;AD3_CPF;char;14;;;
MTTBLCA;;AD3_PART;float;8;;;
MTTBLCA;;AD3_NOME;varchar;60;;;
MTTBLCA;;AD3_DT_NASC;char;8;;;
MTTBLCA;;AD3_NACIO;char;16;;;
MTTBLCA;;AD3_ESTCIV;char;25;;;
MTTBLCA;;AD3_PROFIS;char;20;;;
MTTBLCA;;AD3_DT_CASAM;char;8;;;
MTTBLCA;;AD3_REGIME;char;23;;;
MTTBLCA;;AD3_RG;char;30;;;
MTTBLCA;;AD3_CPFCONJ;char;14;;;
MTTBLCA;;AD3_NOMECONJ;varchar;60;;;
MTTBLCA;;AD3_RGCONJ;char;30;;;
MTTBLCA;;AD4_CPF;char;14;;;
MTTBLCA;;AD4_PART;float;8;;;
MTTBLCA;;AD4_NOME;varchar;60;;;
MTTBLCA;;AD4_DT_NASC;char;8;;;
MTTBLCA;;AD4_NACIO;char;16;;;
MTTBLCA;;AD4_ESTCIV;char;25;;;
MTTBLCA;;AD4_PROFIS;char;20;;;
MTTBLCA;;AD4_DT_CASAM;char;8;;;
MTTBLCA;;AD4_REGIME;char;23;;;
MTTBLCA;;AD4_RG;char;30;;;
MTTBLCA;;AD4_CPFCONJ;char;14;;;
MTTBLCA;;AD4_NOMECONJ;varchar;60;;;
MTTBLCA;;AD4_RGCONJ;char;30;;;
MTTBLCA;;IMO_ENDER;char;45;;;
MTTBLCA;;IMO_BAIRRO;char;15;;;
MTTBLCA;;IMO_CIDADE;char;15;;;
MTTBLCA;;IMO_UF;char;2;;;
MTTBLCA;;IMO_CEP;int;4;;;
MTTBLCA;;IMO_CEPCMP;smallint;2;;;
MTTBLCA;;IMO_CONJUNTO;char;25;;;
MTTBLCA;;DATA_ASSINA;char;8;;;
MTTBLCA;;D1_DTASLDDEV;char;8;;;
MTTBLCA;;D1_SLDDEV;float;8;;;
MTTBLCA;;D1_PLAN_REAJ;char;30;;;
MTTBLCA;;D1_PRAZO;smallint;2;;;
MTTBLCA;;D1_TAXA_NOM;float;8;;;
MTTBLCA;;D1_TAXA_EFE;float;8;;;
MTTBLCA;;D1_SIST_AMOR;char;30;;;
MTTBLCA;;D1_PREST_INI;float;8;;;
MTTBLCA;;D1_SEG_MIP;float;8;;;
MTTBLCA;;D1_SEG_DFI;float;8;;;
MTTBLCA;;D1_ENC_MEN;float;8;;;
MTTBLCA;;D1_DTA_PRI;char;8;;;
MTTBLCA;;D1_CES;float;8;;;
MTTBLCA;;D1_DTA_ALT;char;8;;;
MTTBLCA;;D1_DTA_PALT;char;6;;;
MTTBLCA;;D1_VL30PSLD;float;8;;;
MTTBLCA;;D2_DT_DIVIDA;char;8;;;
MTTBLCA;;D2_QPATR_PRI;smallint;2;;;
MTTBLCA;;D2_VPATR_PRI;float;8;;;
MTTBLCA;;D2_SPEN_PRI;float;8;;;
MTTBLCA;;D2_QPATR_ACO;smallint;2;;;
MTTBLCA;;D2_VPATR_ACO;float;8;;;
MTTBLCA;;D2_SLD_ACO;float;8;;;
MTTBLCA;;D2_SPEN_ACO;float;8;;;
MTTBLCA;;D2_DIV_CONS;float;8;;;
MTTBLCA;;D2_VL_SINAL;float;8;;;
MTTBLCA;;D2_VLD_REPRO;float;8;;;
MTTBLCA;;D2_VLD_DESC;float;8;;;
MTTBLCA;;D2_VLD_PARC;float;8;;;
MTTBLCA;;D2_TAXA_NOM;float;8;;;
MTTBLCA;;D2_TAXA_EFE;float;8;;;
MTTBLCA;;D2_PRAZO;smallint;2;;;
MTTBLCA;;D2_VL_AMJ;float;8;;;
MTTBLCA;;D2_SEG_VIP;float;8;;;
MTTBLCA;;D2_PREST_INI;float;8;;;
MTTBLCA;;D2_DTA_PRI;char;8;;;
MTTBLCA;;D3_DT_DIVIDA;char;8;;;
MTTBLCA;;D3_VL_MOEDA;float;8;;;
MTTBLCA;;D3_QPATR_PRI;smallint;2;;;
MTTBLCA;;D3_VPATR_PRI;float;8;;;
MTTBLCA;;D3_QPPAG_PRI;smallint;2;;;
MTTBLCA;;D3_VPPAG_PRI;float;8;;;
MTTBLCA;;D3_APPAG_PRI;float;8;;;
MTTBLCA;;D3_SPEN_PRI;float;8;;;
MTTBLCA;;D3_SLD_PRI;float;8;;;
MTTBLCA;;D3_QPATR_ACO;smallint;2;;;
MTTBLCA;;D3_VPATR_ACO;float;8;;;
MTTBLCA;;D3_SPEN_ACO;float;8;;;
MTTBLCA;;D3_SLD_ACO;float;8;;;
MTTBLCA;;D3_VAVAL_IMO;float;8;;;
MTTBLCA;;D3_AAVAL_IMO;float;8;;;
MTTBLCA;;D3_VALUG_MEN;float;8;;;
MTTBLCA;;D3_PRZ_DECOR;smallint;2;;;
MTTBLCA;;D3_VSINPOPPG;float;8;;;
MTTBLCA;;D3_ASINPOPPG;float;8;;;
MTTBLCA;;D3_VSINPOPAB;float;8;;;
MTTBLCA;;D3_ASINPOPAB;float;8;;;
MTTBLCA;;D3_DIV_CONS;float;8;;;
MTTBLCA;;D3_VFN_ATEAV;float;8;;;
MTTBLCA;;D3_PLAN_REAJ;char;30;;;
MTTBLCA;;D3_PRAZO;smallint;2;;;
MTTBLCA;;D3_TAXA_NOM;float;8;;;
MTTBLCA;;D3_TAXA_EFE;float;8;;;
MTTBLCA;;D3_SIST_AMOR;char;30;;;
MTTBLCA;;D3_PREST_INI;float;8;;;
MTTBLCA;;D3_SEG_MIP;float;8;;;
MTTBLCA;;D3_SEG_DFI;float;8;;;
MTTBLCA;;D3_ENC_MEN;float;8;;;
MTTBLCA;;D3_DTA_PRI;char;8;;;
MTTBLCA;;D3_VFN_EXCAV;float;8;;;
MTTBLCA;;D3_PL_REAJ1;char;30;;;
MTTBLCA;;D3_PRAZO1;smallint;2;;;
MTTBLCA;;D3_TAXA_NOM1;float;8;;;
MTTBLCA;;D3_TAXA_EFE1;float;8;;;
MTTBLCA;;D3_SIS_AMOR1;char;30;;;
MTTBLCA;;D3_PREST_IN1;float;8;;;
MTTBLCA;;D3_SEG_MIP1;float;8;;;
MTTBLCA;;D3_SEG_DFI1;float;8;;;
MTTBLCA;;D3_ENC_MEN1;float;8;;;
MTTBLCA;;D3_DTA_PRI1;char;8;;;
MTTBLCA;;D3_VLDSC_AV;float;8;;;
MTTBLCA;;D3_VLCDSC_AV;float;8;;;
MTTBLCA;;D3_DTPPRTATR;char;8;;;
MTTBLCA;;D3_NRPPRTATR;smallint;2;;;
MTTBLCA;;D3_DTUPRTATR;char;8;;;
MTTBLCA;;D3_NRUPRTATR;smallint;2;;;
MTTBLCA;;D3_VLUPR;float;8;;;
MTTBLCA;;D3_QDIAQUIT;smallint;2;;;
MTTBLCA;;D3_QDTQUIT;char;8;;;
MTTBLCA;;D3_QPDSCQUIT;float;8;;;
MTTBLCA;;D3_QVLRDSC;float;8;;;
MTTBLCA;;D3_QRESPMUTU;float;8;;;
MTTBLCA;;D3_QRESPFCVS;float;8;;;
MTTBLCA;;D3_QRESPAGEN;float;8;;;
MTTBLCA;;D3_DRESPMUTU;float;8;;;
MTTBLCA;;D3_DRESPFCVS;float;8;;;
MTTBLCA;;D3_DRESPAGEN;float;8;;;
MTTBLCA;;D3_DIFERFCVS;float;8;;;
MTTBLCA;;D3_ALTSOCIO;char;1;;;
MTTBLCA;;D3_APDSCJCTR;float;8;;;
MTTBLCA;;D3_APDSCJMOR;float;8;;;
MTTBLCA;;D3_APDSCATUM;float;8;;;
MTTBLCA;;D3_AATZPG;char;1;;;
MTTBLCA;;D3_AATZPGDT;smallint;2;;;
MTTBLCA;;D3_AATZPGVL;smallint;2;;;
MTTBLCA;;D3_AVLRAVAL;float;8;;;
MTTBLCA;;D3_APRZMAX;smallint;2;;;
MTTBLCA;;D3_AENCMIN;float;8;;;
MTTBLCA;;D3_ARENDATOT;float;8;;;
MTTBLCA;;D3_ARENDAPER;float;8;;;
MTTBLCA;;D3_ATXABCR;float;8;;;
MTTBLCA;;D3_ATXESCRIT;float;8;;;
MTTBLCA;;D3_OBSERV;char;255;;;
MTTBLCB;;CodEmp;smallint;2;;;
MTTBLCB;;Data_Comp;char;8;;;
MTTBLCB;;Data_Contab;char;8;;;
MTTBLCB;;Cod_Trans;char;5;;;
MTTBLCB;;Regiao;smallint;2;;;
MTTBLCB;;Nucleo;smallint;2;;;
MTTBLCB;;Contrato;char;10;;;
MTTBLCB;;Data_Evm;char;6;;;
MTTBLCB;;Sit_Contr;char;1;;;
MTTBLCB;;Sit_Prest;char;1;;;
MTTBLCB;;Sit_Pgto;char;1;;;
MTTBLCB;;Aprop_Renda;char;1;;;
MTTBLCB;;Dia_Prorrata;char;2;;;
MTTBLCB;;Mes_Prorrata;char;2;;;
MTTBLCB;;Vl_Saldo;float;8;;;
MTTBLCB;;Vl_Juros;float;8;;;
MTTBLCB;;Vl_Taxa;float;8;;;
MTTBLCB;;Vl_Seg;float;8;;;
MTTBLCB;;Vl_Fcvs;float;8;;;
MTTBLCB;;Vl_Fgts;float;8;;;
MTTBLCB;;Vl_Subs;float;8;;;
MTTBLCB;;Vl_CC;float;8;;;
MTTBLCB;;Vl_IOF;float;8;;;
MTTBLCB;;Vl_JNP;float;8;;;
MTTBLCB;;Vl_AtuMon;float;8;;;
MTTBLCB;;Vl_JURREM;float;8;;;
MTTBLCB;;Vl_Mora;float;8;;;
MTTBLCB;;Vl_Multa;float;8;;;
MTTBLCB;;Vl_Desc;float;8;;;
MTTBLCB;;Vl_Dif_Enc;float;8;;;
MTTBLCB;;Vl_Dif_Mora;float;8;;;
MTTBLCB;;Vl_Tarifa;float;8;;;
MTTBLCB;;Vl_Outr;float;8;;;
MTTBLCB;;Vl_Res1;float;8;;;
MTTBLCB;;Vl_Res2;float;8;;;
MTTBLCB;;Vl_Res3;float;8;;;
MTTBLCB;;Orig_Fin;smallint;2;;;
MTTBLCB;;Lin_Cred;smallint;2;;;
MTTBLCB;;Tipo_Lanc;char;1;;;
MTTBLCB;;Indicativo;char;1;;;
MTTBLCB;;Data_Proc;char;8;;;
MTTBLCB;;Data_Incl;char;8;;;
MTTBLCB;;Hor_Incl;char;8;;;
MTTBLCB;;Seq_Rec;char;8;;;
MTTBLCC;;CodEmp;smallint;2;;;
MTTBLCC;;Regiao;smallint;2;;;
MTTBLCC;;Nucleo;smallint;2;;;
MTTBLCC;;Contrato;char;10;;;
MTTBLCC;;Data_Cad;char;8;;;
MTTBLCC;;Seq;smallint;2;;;
MTTBLCC;;DtLanc;char;8;;;
MTTBLCC;;CodHist;smallint;2;;;
MTTBLCC;;VlLanc;float;8;;;
MTTBLCC;;TpLanc;char;1;;;
MTTBLCC;;ACCSEQ;char;37;;;
MTTBLCC;;COD_TRANS;char;5;;;
MTTBLCC;;SALDO_ANT;float;8;;;
MTTBLCC;;SALDO_ATU;float;8;;;
MTTBLCC;;SEQ_LCC;int;4;;;
MTTBLCT;;CodEmp;smallint;2;;;
MTTBLCT;;Data_Comp;char;8;;;
MTTBLCT;;Data_Contab;char;8;;;
MTTBLCT;;Cod_Trans;char;5;;;
MTTBLCT;;Regiao;smallint;2;;;
MTTBLCT;;Nucleo;smallint;2;;;
MTTBLCT;;Contrato;char;10;;;
MTTBLCT;;Data_Evm;char;6;;;
MTTBLCT;;Sit_Contr;char;1;;;
MTTBLCT;;Sit_Prest;char;1;;;
MTTBLCT;;Sit_Pgto;char;1;;;
MTTBLCT;;Aprop_Renda;char;1;;;
MTTBLCT;;Dia_Prorrata;char;2;;;
MTTBLCT;;Mes_Prorrata;char;2;;;
MTTBLCT;;Vl_Saldo;float;8;;;
MTTBLCT;;Vl_Juros;float;8;;;
MTTBLCT;;Vl_Taxa;float;8;;;
MTTBLCT;;Vl_Seg;float;8;;;
MTTBLCT;;Vl_Fcvs;float;8;;;
MTTBLCT;;Vl_Fgts;float;8;;;
MTTBLCT;;Vl_Subs;float;8;;;
MTTBLCT;;Vl_CC;float;8;;;
MTTBLCT;;Vl_IOF;float;8;;;
MTTBLCT;;Vl_JNP;float;8;;;
MTTBLCT;;Vl_AtuMon;float;8;;;
MTTBLCT;;Vl_JURREM;float;8;;;
MTTBLCT;;Vl_Mora;float;8;;;
MTTBLCT;;Vl_Multa;float;8;;;
MTTBLCT;;Vl_Desc;float;8;;;
MTTBLCT;;Vl_Dif_Enc;float;8;;;
MTTBLCT;;Vl_Dif_Mora;float;8;;;
MTTBLCT;;Vl_Tarifa;float;8;;;
MTTBLCT;;Vl_Outr;float;8;;;
MTTBLCT;;Vl_Res1;float;8;;;
MTTBLCT;;Vl_Res2;float;8;;;
MTTBLCT;;Vl_Res3;float;8;;;
MTTBLCT;;Orig_Fin;smallint;2;;;
MTTBLCT;;Lin_Cred;smallint;2;;;
MTTBLCT;;Tipo_Lanc;char;1;;;
MTTBLCT;;Indicativo;char;1;;;
MTTBLCT;;Data_Proc;char;8;;;
MTTBLCT;;Data_Incl;char;8;;;
MTTBLCT;;Hor_Incl;char;8;;;
MTTBLCT;;Seq_Rec;char;8;;;
MTTBLCT;;Seq_Unico;int;4;;;
MTTBLCT;;Data_Fech_Diario;char;8;;;
MTTBLCT;;Data_Proc_Fech_Diario;char;8;;;
MTTBLCT;;INFORM_ARR;varchar;250;;;
MTTBLCX;;CodEmp;smallint;2;;;
MTTBLCX;;Regiao;smallint;2;;;
MTTBLCX;;Nucleo;smallint;2;;;
MTTBLCX;;Contrato;char;10;;;
MTTBLCX;;Data_Cad;char;8;;;
MTTBLCX;;Seq;smallint;2;;;
MTTBLCX;;DtLanc;char;8;;;
MTTBLCX;;CodHist;smallint;2;;;
MTTBLCX;;VlLanc;float;8;;;
MTTBLCX;;TpLanc;char;1;;;
MTTBLCX;;AccSeq;char;37;;;
MTTBLCX;;COD_TRANS;char;5;;;
MTTBLCX;;SALDO_ANT;float;8;;;
MTTBLCX;;SALDO_ATU;float;8;;;
MTTBLCX;;SEQ_LCC;int;4;;;
MTTBLDDO;;codigo;int;4;;;
MTTBLDDO;;fk_id_ict;bigint;8;;;
MTTBLDDO;;selecionado;bit;1;;;
MTTBLDDO;;criadoEm;datetime2;8;;;
MTTBLDDO;;atualizadoEm;datetime2;8;;;
MTTBLDDT;;fk_codigo_ddo;int;4;;;
MTTBLDDT;;fk_codigo_pidc;int;4;;;
MTTBLDIG;;codigo;int;4;;;
MTTBLDIG;;fk_id_ict;bigint;8;;;
MTTBLDIG;;fk_codigo_doc;bigint;8;;;
MTTBLDMR;;codigo;int;4;;;
MTTBLDMR;;fk_codigo_mrr;int;4;;;
MTTBLDMR;;fk_codigo_doc;bigint;8;;;
MTTBLDMR;;doc_base64;varbinary;-1;;;
MTTBLDMR;;criadoEm;datetime2;8;;;
MTTBLDMR;;atualizadoEm;datetime2;8;;;
MTTBLDSS;;fk_codigo_sds;smallint;2;;;
MTTBLDSS;;fk_codigo_dec;int;4;;;
MTTBLDSS;;datahora_situacao;datetime2;8;;;
MTTBLDSS;;modificado_por;varchar;200;;;
MTTBLDSS;;status;smallint;2;;;
MTTBLDTD;;codigo;int;4;;;
MTTBLDTD;;fk_codigo_dec;int;4;;;
MTTBLDTD;;fk_codigo_ddo;int;4;;;
MTTBLDTD;;de;smallint;2;;;
MTTBLDTD;;ate;smallint;2;;;
MTTBLDTD;;doc_base64;varbinary;-1;;;
MTTBLDTD;;doc_ass_base64;varbinary;-1;;;
MTTBLDTD;;responsavel;varchar;200;;;
MTTBLDTD;;criadoEm;datetime2;8;;;
MTTBLDTD;;atualizadoEm;datetime2;8;;;
MTTBLFDR;;codigo;int;4;;;
MTTBLFDR;;fk_codigo_pre;int;4;;;
MTTBLFDR;;fk_codigo_tdc;int;4;;;
MTTBLFDR;;fk_codigo_rdc;int;4;;;
MTTBLFDR;;fk_codigo_pidc;int;4;;;
MTTBLFI;;CodEmp;smallint;2;;;
MTTBLFI;;Tipo;char;3;;;
MTTBLFI;;Data;char;8;;;
MTTBLFI;;Faixa;smallint;2;;;
MTTBLFI;;Moeda;char;3;;;
MTTBLFI;;LimMaximo;float;8;;;
MTTBLFI;;TpData;char;11;;;
MTTBLFX;;CodEmp;smallint;2;;;
MTTBLFX;;Faixa;smallint;2;;;
MTTBLFX;;Valor;float;8;;;
MTTBLFX;;Taxa;float;8;;;
MTTBLFX;;Prazo;smallint;2;;;
MTTBLFX;;FxValor;char;10;;;
MTTBLGU;;CODEMP;smallint;2;;;
MTTBLGU;;REGIAO;smallint;2;;;
MTTBLGU;;NUCLEO;smallint;2;;;
MTTBLGU;;CONTRATO;char;10;;;
MTTBLGU;;CHAVE;varchar;20;;;
MTTBLGU;;CODLGU;int;4;;;
MTTBLGU;;TABELA;char;15;;;
MTTBLGU;;DATA;char;8;;;
MTTBLGU;;HORA;char;6;;;
MTTBLGU;;ESTACAO;char;15;;;
MTTBLGU;;USUARIO;char;8;;;
MTTBLHAN;;fk_codigo_mrr;int;4;;;
MTTBLHAN;;fk_codigo_han;int;4;;;
MTTBLHAN;;sequencial;smallint;2;;;
MTTBLIB;;CODEMP;smallint;2;;;
MTTBLIB;;REGIAO;smallint;2;;;
MTTBLIB;;NUCLEO;smallint;2;;;
MTTBLIB;;CONTRATO;char;10;;;
MTTBLIB;;DATA_PREV;char;8;;;
MTTBLIB;;DATA_LIB;char;6;;;
MTTBLIB;;DIA_LIB;char;2;;;
MTTBLIB;;NUM_PARC;smallint;2;;;
MTTBLIB;;VALOR;float;8;;;
MTTBLIB;;VLR_IOF;float;8;;;
MTTBLIB;;VLR_TAC;float;8;;;
MTTBLIB;;VLR_CORR;float;8;;;
MTTBLIB;;INDICE_CORR;float;8;;;
MTTBLIB;;VLR_JUROS;float;8;;;
MTTBLIB;;VLR_LIQUIDO;float;8;;;
MTTBLIB;;VLR_RESIDUO;float;8;;;
MTTBLIG;;CODEMP;smallint;2;;;
MTTBLIG;;REGIAO;smallint;2;;;
MTTBLIG;;NUCLEO;smallint;2;;;
MTTBLIG;;CONTRATO;char;10;;;
MTTBLIG;;SEQ;smallint;2;;;
MTTBLIG;;FLAG_ATIV;smallint;2;;;
MTTBLIG;;DTA_BASE;char;8;;;
MTTBLIG;;LIG_REGIAO;smallint;2;;;
MTTBLIG;;LIG_NUCLEO;smallint;2;;;
MTTBLIG;;LIG_CONTRATO;char;10;;;
MTTBLIG;;LIGFLAG_ATIV;smallint;2;;;
MTTBLIG;;LIG_DTA_INIC;char;8;;;
MTTBLIG;;LIG_DTA_BASE;char;8;;;
MTTBLIG;;MOTIVO;smallint;2;;;
MTTBLMRN;;fk_codigo_mrr;int;4;;;
MTTBLMRN;;fk_codigo_oic;int;4;;;
MTTBLMRN;;status;smallint;2;;;
MTTBLMRN;;criadoEm;datetime2;8;;;
MTTBLMRN;;atualizadoEm;datetime2;8;;;
MTTBLNOD;;codigo;int;4;;;
MTTBLNOD;;fk_codigo_nof;int;4;;;
MTTBLNOD;;fk_codigo_idc;int;4;;;
MTTBLOG;;CODEMP;smallint;2;;;
MTTBLOG;;DATA;char;8;;;
MTTBLOG;;HORA;char;6;;;
MTTBLOG;;PROJETO;char;8;;;
MTTBLOG;;ESTACAO;char;15;;;
MTTBLOG;;USUARIO;char;8;;;
MTTBLOG;;TRANSACAO;smallint;2;;;
MTTBLOG;;IDENT;char;17;;;
MTTBLOG;;DESCRICAO;varchar;100;;;
MTTBLOG;;SEQ_UNICO;int;4;;;
MTTBLOG;;SERVICO;varchar;-1;;;
MTTBLOG;;ROTA;varchar;-1;;;
MTTBLOG;;METODO_HTTP;varchar;-1;;;
MTTBLOM;;CODEMP;smallint;2;;;
MTTBLOM;;DATA;char;8;;;
MTTBLOM;;HORA;char;6;;;
MTTBLOM;;PROJETO;char;8;;;
MTTBLOM;;ESTACAO;char;15;;;
MTTBLOM;;USUARIO;char;8;;;
MTTBLOM;;TRANSACAO;smallint;2;;;
MTTBLOM;;IDENT;char;17;;;
MTTBLOM;;DESCRICAO;char;30;;;
MTTBLOM;;seq_unico;int;4;;;
MTTBLPCF;;fk_codigo_ass;int;4;;;
MTTBLPCF;;fk_codigo_pcf;int;4;;;
MTTBLSB;;CODEMP;smallint;2;;;
MTTBLSB;;REGIAO;smallint;2;;;
MTTBLSB;;NUCLEO;smallint;2;;;
MTTBLSB;;CONTRATO;char;10;;;
MTTBLSB;;TIPO;char;2;;;
MTTBLSB;;DTINCLUSAO;char;8;;;
MTTBLSB;;HOINCLUSAO;char;8;;;
MTTBLSB;;DATA_EVENTO;char;8;;;
MTTBLSB;;NUMPARCELA;smallint;2;;;
MTTBLSB;;VALOR;float;8;;;
MTTBLSB;;SALDO;float;8;;;
MTTBLSB;;VALOR_LCT;float;8;;;
MTTBLSB;;VAL_CORR;float;8;;;
MTTBLSB;;ACCSEQ;char;43;;;
MTTBLSB;;DTELANC;char;8;;;
MTTBLSCN;;fk_codigo_sof;smallint;2;;;
MTTBLSCN;;fk_codigo_oic;int;4;;;
MTTBLSCN;;datahora_situacao;datetime2;8;;;
MTTBLSCN;;status;smallint;2;;;
MTTBLSCN;;modificado_por;varchar;200;;;
MTTBLSL;;CODEMP;smallint;2;;;
MTTBLSL;;REGIAO;smallint;2;;;
MTTBLSL;;NUCLEO;smallint;2;;;
MTTBLSL;;CONTRATO;char;10;;;
MTTBLSL;;TIPO;char;2;;;
MTTBLSL;;DTINCLUSAO;char;8;;;
MTTBLSL;;HOINCLUSAO;char;8;;;
MTTBLSL;;DATA_EVENTO;char;8;;;
MTTBLSL;;NUMPARCELA;smallint;2;;;
MTTBLSL;;VALOR;float;8;;;
MTTBLSL;;SALDO;float;8;;;
MTTBLSL;;VALOR_LCT;float;8;;;
MTTBLSL;;VAL_CORR;float;8;;;
MTTBLSL;;ACCSEQ;char;43;;;
MTTBLSL;;DTELANC;char;8;;;
MTTBLSNG;;fk_codigo_mrr;int;4;;;
MTTBLSNG;;fk_codigo_sng;int;4;;;
MTTBLSP;;regiao;smallint;2;;;
MTTBLSP;;nucleo;smallint;2;;;
MTTBLSP;;tipo;char;1;;;
MTTBLSP;;conta;char;20;;;
MTTBLSP;;lin_cred;smallint;2;;;
MTTBLTDC;;codigo;int;4;;;
MTTBLTDC;;fk_codigo_idc;int;4;;;
MTTBLTDC;;fk_codigo_doc;bigint;8;;;
MTTBLTDM;;codigo;int;4;;;
MTTBLTDM;;fk_codigo_trd;int;4;;;
MTTBLTDM;;fk_codigo_pmr;int;4;;;
MTTBLTDM;;sequencial_doc;smallint;2;;;
MTTBLTDM;;obrigatorio;bit;1;;;
MTTBLTDR;;codigo;int;4;;;
MTTBLTDR;;fk_codigo_tdm;int;4;;;
MTTBLTDR;;fk_codigo_mrr;int;4;;;
MTTBLTDR;;obrigatorio;bit;1;;;
MTTBLTF;;CODEMP;smallint;2;;;
MTTBLTF;;CODREG;smallint;2;;;
MTTBLTF;;SEQN;smallint;2;;;
MTTBLTF;;CAMPO;char;50;;;
MTTBLTF;;HEADER_CAMPO;char;20;;;
MTTBLTF;;TIPO;smallint;2;;;
MTTBLTF;;POSINI;smallint;2;;;
MTTBLTF;;POSFIM;smallint;2;;;
MTTBLTF;;TAMANHO;smallint;2;;;
MTTBLTF;;DECIMAIS;smallint;2;;;
MTTBLTF;;MASCARA;char;25;;;
MTTBLTF;;SEQUENCIAL;smallint;2;;;
MTTBLTF;;LAYOUT;smallint;2;;;
MTTBLTRD;;codigo;int;4;;;
MTTBLTRD;;fk_codigo_tpd;int;4;;;
MTTBLTRD;;fk_codigo_rfd;int;4;;;
MTTBLTRD;;fk_codigo_grd;int;4;;;
MTTBLTRD;;fk_codigo_idc;int;4;;;
MTTBLTU;;CODEMP;smallint;2;;;
MTTBLTU;;COD_LTU;smallint;2;;;
MTTBLTU;;DESC_LTU;char;30;;;
MTTBLTU;;CODREG;smallint;2;;;
MTTBLTU;;SEQN;smallint;2;;;
MTTBLTU;;TOTALIZAR;smallint;2;;;
MTTBLTU;;CAMPO;char;50;;;
MTTBLTU;;HEADER_CAMPO;char;20;;;
MTTBLTU;;TIPO;smallint;2;;;
MTTBLTU;;POSINI;smallint;2;;;
MTTBLTU;;POSFIM;smallint;2;;;
MTTBLTU;;TAMANHO;smallint;2;;;
MTTBLTU;;DECIMAIS;smallint;2;;;
MTTBLTU;;MASCARA;char;25;;;
MTTBLTU;;SEQUENCIAL;smallint;2;;;
MTTBLTU;;ORDEM;char;4;;;
MTTBLTU;;NUM_ORDER;smallint;2;;;
MTTBLURA;;codigo;int;4;;;
MTTBLURA;;fk_codemp_seg;smallint;2;;;
MTTBLURA;;fk_codusr_seg;char;8;;;
MTTBLURA;;fk_codigo_ass;int;4;;;
MTTBLURA;;validade;datetime2;8;;;
MTTBLURA;;AUTORIZACAO;int;4;;;
MTTBMCC;;CODEMP;smallint;2;;;
MTTBMCC;;DATA_COMP;char;6;;;
MTTBMCC;;REGIAO;smallint;2;;;
MTTBMCC;;NUCLEO;smallint;2;;;
MTTBMCC;;CONTRATO;char;10;;;
MTTBMCC;;LIN_CRED;smallint;2;;;
MTTBMCC;;TPSALDO;char;1;;;
MTTBMCC;;SLD_CCC;float;8;;;
MTTBMCC;;VENCIDO;float;8;;;
MTTBMCC;;SALDO;float;8;;;
MTTBMCC;;SALDO_30;float;8;;;
MTTBMCC;;SLD_CCC_D;float;8;;;
MTTBMCC;;VENCIDO_D;float;8;;;
MTTBMCC;;SALDO_D;float;8;;;
MTTBMCC;;SLD_CCC_C;float;8;;;
MTTBMCC;;VENCIDO_C;float;8;;;
MTTBMCC;;SALDO_C;float;8;;;
MTTBMCC;;TOT_DEB_MES;float;8;;;
MTTBMCC;;TOT_CRD_MES;float;8;;;
MTTBMCC;;TOT_DEB_FUT;float;8;;;
MTTBMCC;;TOT_CRD_FUT;float;8;;;
MTTBMCC;;TPACERTO;char;1;;;
MTTBMCC;;ACERTOS;float;8;;;
MTTBMCC;;AN_TPSALDO;char;1;;;
MTTBMCC;;AN_SLD_CCC;float;8;;;
MTTBMCC;;AN_VENCIDO;float;8;;;
MTTBMCC;;AN_SALDO;float;8;;;
MTTBMCC;;AN_SALDO_30;float;8;;;
MTTBMCC;;AN_SLD_CCC_D;float;8;;;
MTTBMCC;;AN_VENCIDO_D;float;8;;;
MTTBMCC;;AN_SALDO_D;float;8;;;
MTTBMCC;;AN_SLD_CCC_C;float;8;;;
MTTBMCC;;AN_VENCIDO_C;float;8;;;
MTTBMCC;;AN_SALDO_C;float;8;;;
MTTBMCC_ANALITICO;;CODEMP;smallint;2;;;
MTTBMCC_ANALITICO;;REGIAO;smallint;2;;;
MTTBMCC_ANALITICO;;CONTA;char;40;;;
MTTBMCC_ANALITICO;;NUCLEO;smallint;2;;;
MTTBMCC_ANALITICO;;CONTRATO_SGH;char;10;;;
MTTBMCC_ANALITICO;;CONTRATO;char;14;;;
MTTBMCC_ANALITICO;;MUTUARIO;char;40;;;
MTTBMCC_ANALITICO;;SALANT;float;8;;;
MTTBMCC_ANALITICO;;DEB;float;8;;;
MTTBMCC_ANALITICO;;CRD;float;8;;;
MTTBMCC_ANALITICO;;DIF;float;8;;;
MTTBMCC_ANALITICO;;SALATU;float;8;;;
MTTBMCC_SINTETICO;;CODEMP;smallint;2;;;
MTTBMCC_SINTETICO;;REGIAO;smallint;2;;;
MTTBMCC_SINTETICO;;CONTA;char;40;;;
MTTBMCC_SINTETICO;;EVENTO;char;40;;;
MTTBMCC_SINTETICO;;DEB;float;8;;;
MTTBMCC_SINTETICO;;CRD;float;8;;;
MTTBMCC_SINTETICO;;DIF;float;8;;;
MTTBMDA;;CodEmp;smallint;2;;;
MTTBMDA;;Regiao;smallint;2;;;
MTTBMDA;;Nucleo;smallint;2;;;
MTTBMDA;;Contrato;char;10;;;
MTTBMDA;;CodBco;char;3;;;
MTTBMDA;;Sequencial;int;4;;;
MTTBMDA;;Ident_Cliente_Emp;char;25;;;
MTTBMDA;;Agencia_Deb;char;4;;;
MTTBMDA;;Ident_Cliente_Bco;char;14;;;
MTTBMDA;;Data_Evm;char;8;;;
MTTBMDA;;Valor_Deb;float;8;;;
MTTBMDA;;Cod_Movto;smallint;2;;;
MTTBMDA;;Data_Envio;char;8;;;
MTTBMDI;;CODEMP;smallint;2;;;
MTTBMDI;;COD_MDI;char;8;;;
MTTBMDI;;TIPO_MDI;smallint;2;;;
MTTBMDI;;DESC_MDI;char;100;;;
MTTBMDI;;NOME_DIR_ARQ;char;100;;;
MTTBMDI;;DTA_INCLUSAO;char;8;;;
MTTBMDI;;HOR_INCLUSAO;char;8;;;
MTTBMDI;;USU_INCLUSAO;char;8;;;
MTTBMDI;;DTA_ALTER;char;8;;;
MTTBMDI;;HOR_ALTER;char;8;;;
MTTBMDI;;USU_ALTER;char;8;;;
MTTBMDI;;QUEBRA_PAG;smallint;2;;;
MTTBMDI;;EDICAO_MDI;char;10;;;
MTTBMDV;;SEQ_GRUPO;smallint;2;;;
MTTBMDV;;DESC_GRUPO;char;50;;;
MTTBMDV;;DESC_TABELA;char;50;;;
MTTBMDV;;CAMPO_TABELA;char;50;;;
MTTBMDV;;SEQ_VARIAVEL;int;4;;;
MTTBMDV;;NOM_VARIAVEL;char;100;;;
MTTBMDV;;TAM_VARIAVEL;int;4;;;
MTTBMDV;;NOM_VAR_ORIG;char;100;;;
MTTBMFC;;CODEMP;smallint;2;;;
MTTBMFC;;REGIAO;smallint;2;;;
MTTBMFC;;NUCLEO;smallint;2;;;
MTTBMFC;;CONTRATO;char;10;;;
MTTBMFC;;DATA_COMP;char;6;;;
MTTBMFC;;CONTRAT_FCVS;char;13;;;
MTTBMFC;;HIPOTECA;int;4;;;
MTTBMFC;;MUTUARIO;char;40;;;
MTTBMFC;;CPF;char;11;;;
MTTBMFC;;DT_CONTRATO;char;8;;;
MTTBMFC;;ORIG_RECURSO;int;4;;;
MTTBMFC;;TP_EVENTO;char;3;;;
MTTBMFC;;DT_EVENTO;char;8;;;
MTTBMFC;;TX_JUR_CTO;float;8;;;
MTTBMFC;;TX_JUR_EVENT;float;8;;;
MTTBMFC;;TX_JR_MP1520;float;8;;;
MTTBMFC;;VAF1_AGENTE;float;8;;;
MTTBMFC;;VAF2_AGENTE;float;8;;;
MTTBMFC;;VAF3_AGENTE;float;8;;;
MTTBMFC;;SOMA_VAF_AGE;float;8;;;
MTTBMFC;;DT_BASE_AGEN;char;8;;;
MTTBMFC;;DT_HABILITAC;char;8;;;
MTTBMFC;;HAB_ACE_REG;int;4;;;
MTTBMFC;;SIT_DOSS_CEF;smallint;2;;;
MTTBMFC;;DT_PROT_CEF;char;8;;;
MTTBMFC;;MSG_CRITICA;char;70;;;
MTTBMFC;;COD_CRITICA;int;4;;;
MTTBMFC;;DESC_CRITICA;char;50;;;
MTTBMFC;;DT_TERM_ANA;char;8;;;
MTTBMFC;;TA_PER_FCVS;float;8;;;
MTTBMFC;;TA_VAF1_FCVS;float;8;;;
MTTBMFC;;TA_VAF2_FCVS;float;8;;;
MTTBMFC;;TA_VAF3_FCVS;float;8;;;
MTTBMFC;;TA_SOMA_VAF;float;8;;;
MTTBMFC;;TA_VAF4_FCVS;float;8;;;
MTTBMFC;;TA_DT_BASE;char;8;;;
MTTBMFC;;TA_DIF_UPF;float;8;;;
MTTBMFC;;TA_DIF_REAIS;float;8;;;
MTTBMFC;;TA_DIF_PERC;float;8;;;
MTTBMFC;;TA_DIF_AGEN;int;4;;;
MTTBMFC;;TA_RNV_RCV;char;4;;;
MTTBMFC;;TA_DT_RNVRCV;char;8;;;
MTTBMFC;;NEGAT_ABERTU;char;8;;;
MTTBMFC;;DT_REPROCESS;char;8;;;
MTTBMFC;;RP_PART_FCVS;float;8;;;
MTTBMFC;;RP_VAF1_FCVS;float;8;;;
MTTBMFC;;RP_VAF2_FCVS;float;8;;;
MTTBMFC;;RP_VAF3_FCVS;float;8;;;
MTTBMFC;;RP_SOMA_FCVS;float;8;;;
MTTBMFC;;RP_VAF4_FCVS;float;8;;;
MTTBMFC;;RP_DT_BASE;char;8;;;
MTTBMFC;;RP_DIF_UPF;float;8;;;
MTTBMFC;;RP_DIF_REAIS;float;8;;;
MTTBMFC;;RP_DIF_PERC;float;8;;;
MTTBMFC;;RP_DIF_SUPOR;float;8;;;
MTTBMFC;;RP_RNV_RCV;char;4;;;
MTTBMFC;;RP_DT_RNVRCV;char;8;;;
MTTBMFC;;NUM_OFIC_ANA;char;25;;;
MTTBMFC;;DT_OFIC_ANA;char;8;;;
MTTBMFC;;PLAN_EVO;smallint;2;;;
MTTBMFC;;DT_RECURSO;char;8;;;
MTTBMFC;;OFIC_REABERT;char;25;;;
MTTBMFC;;STATUS_REC;int;4;;;
MTTBMFC;;DT_STAT_REC;char;8;;;
MTTBMFC;;AUDITADO;char;4;;;
MTTBMFC;;NOTA_TECNIC;char;25;;;
MTTBMFC;;DT_NOTA_TECN;char;8;;;
MTTBMFCVS;;CODEMP;smallint;2;;;
MTTBMFCVS;;DATA_COMP;char;8;;;
MTTBMFCVS;;HAB_POR;char;10;;;
MTTBMFCVS;;MATRICULA_AGENTE;char;5;;;
MTTBMFCVS;;CADMUT;char;13;;;
MTTBMFCVS;;TIPO_REGISTRO;char;1;;;
MTTBMFCVS;;MANIFESTACAO;char;4;;;
MTTBMFCVS;;AUDITAGEM;char;4;;;
MTTBMFCVS;;NOME_MUTUARIO;char;40;;;
MTTBMFCVS;;DESTINO_PAGAMENTO;char;2;;;
MTTBMFCVS;;DESTINO_COMPLEMENTAR;char;2;;;
MTTBMFCVS;;SALDO_TOTAL;float;8;;;
MTTBMFCVS;;SALDO_TOTAL_COMP;float;8;;;
MTTBMFCVS;;SD_TOTAL_TODOS_DESTINOS;float;8;;;
MTTBMFCVS;;VAF3M;float;8;;;
MTTBMFCVS;;VAF4M;float;8;;;
MTTBMFCVS;;AGENTE_CEDENTE;char;5;;;
MTTBMFCVS;;AGENTE_CESSIONARIO;char;5;;;
MTTBMFCVS;;COD_MUNICIPIO;char;5;;;
MTTBMFCVS;;COD_SIT_CONTRATO;char;2;;;
MTTBMFCVS;;CPF;char;11;;;
MTTBMFCVS;;DATA_ASSINATURA;char;8;;;
MTTBMFCVS;;DATA_BASE;char;8;;;
MTTBMFCVS;;DATA_ENTREGA_AGENTE;char;8;;;
MTTBMFCVS;;DATA_EVENTO;char;8;;;
MTTBMFCVS;;DATA_HABILITACAO;char;8;;;
MTTBMFCVS;;DATA_MANIFESTACAO;char;8;;;
MTTBMFCVS;;DATA_NOVACAO_VAF3;char;8;;;
MTTBMFCVS;;DATA_NOVACAO_VAF4;char;8;;;
MTTBMFCVS;;DATA_POSIC_NOVACAO;char;8;;;
MTTBMFCVS;;DATA_PRAZO_AGENTE;char;8;;;
MTTBMFCVS;;DATA_PROC_HABILITACAO;char;8;;;
MTTBMFCVS;;DATA_RECURSO;char;8;;;
MTTBMFCVS;;DATA_STATUS;char;8;;;
MTTBMFCVS;;DATA_TERM_ANALISE;char;8;;;
MTTBMFCVS;;DESCRICAO_SIT_CONTRATO;char;70;;;
MTTBMFCVS;;DOCUMENTACAO;char;1;;;
MTTBMFCVS;;ENDERECO_IMOVEL;char;40;;;
MTTBMFCVS;;GIFUS_ANALISE;char;2;;;
MTTBMFCVS;;GRAU_HIPOTECA;char;1;;;
MTTBMFCVS;;IM;char;2;;;
MTTBMFCVS;;INDICATIVO_LOCAL_VAF12;char;4;;;
MTTBMFCVS;;INDICATIVO_VAF3_TR7;char;1;;;
MTTBMFCVS;;INDICATIVO_VAF4_TR7;char;1;;;
MTTBMFCVS;;JUROS_AGENTE_01_1997;real;4;;;
MTTBMFCVS;;MOTIVO_NEGATIVA;char;40;;;
MTTBMFCVS;;NOME_MUNICIPIO;char;10;;;
MTTBMFCVS;;ORIGEM_RECURSO;char;2;;;
MTTBMFCVS;;PERC_FCVS;float;8;;;
MTTBMFCVS;;PRENOVADO_ZERADO;char;10;;;
MTTBMFCVS;;SALDO_VENCIDO;float;8;;;
MTTBMFCVS;;SALDO_VENCIDO_COMP;float;8;;;
MTTBMFCVS;;SALDO_VINCENDO;float;8;;;
MTTBMFCVS;;SALDO_VINCENDO_COMP;float;8;;;
MTTBMFCVS;;SD_VENCIDO_TODOS_DESTINOS;float;8;;;
MTTBMFCVS;;SD_VINCENDO_TODOS_DESTINOS;float;8;;;
MTTBMFCVS;;SEQUENCIAL;char;1;;;
MTTBMFCVS;;VLR_PERDA_JUROS;float;8;;;
MTTBMFCVS;;SITUACAO_ANALISE_ATUAL;char;1;;;
MTTBMFCVS;;SITUACAO_NOVACAO_VAF3;char;1;;;
MTTBMFCVS;;SITUACAO_NOVACAO_VAF4;char;1;;;
MTTBMFCVS;;STATUS_RECURSO;char;1;;;
MTTBMFCVS;;TAXA_JUROS_CONTRATUAL;float;8;;;
MTTBMFCVS;;TAXA_JUROS_EVENTO;float;8;;;
MTTBMFCVS;;TAXA_JUROS_MP1520;char;6;;;
MTTBMFCVS;;TERMO_ANUENCIA;char;1;;;
MTTBMFCVS;;TIPO_EVENTO;char;3;;;
MTTBMFCVS;;VAF1_AGENTE;float;8;;;
MTTBMFCVS;;VAF1_SIFCVS;float;8;;;
MTTBMFCVS;;VAF2_AGENTE;float;8;;;
MTTBMFCVS;;VAF2_SIFCVS;float;8;;;
MTTBMFCVS;;VAF3_AGENTE;float;8;;;
MTTBMFCVS;;VAF3_SIFCVS;float;8;;;
MTTBMFCVS;;VAF4_011997;float;8;;;
MTTBMFCVS;;SINAL_01;char;1;;;
MTTBMFCVS;;VALOR_DEDUZIDO_01;char;14;;;
MTTBMFCVS;;SINAL_02;char;1;;;
MTTBMFCVS;;VALOR_DEDUZIDO_02;char;14;;;
MTTBMFCVS;;SINAL_03;char;1;;;
MTTBMFCVS;;VALOR_DEDUZIDO_03;char;14;;;
MTTBMFCVS;;SINAL_04;char;1;;;
MTTBMFCVS;;VALOR_DEDUZIDO_04;char;14;;;
MTTBMFCVS;;SINAL_05;char;1;;;
MTTBMFCVS;;VALOR_DEDUZIDO_05;char;14;;;
MTTBMFCVS;;SINAL_06;char;1;;;
MTTBMFCVS;;VALOR_DEDUZIDO_06;char;14;;;
MTTBMFCVS;;SINAL_07;char;1;;;
MTTBMFCVS;;VALOR_DEDUZIDO_07;char;14;;;
MTTBMFCVS;;SINAL_08;char;1;;;
MTTBMFCVS;;VALOR_DEDUZIDO_08;char;14;;;
MTTBMFCVS;;SINAL_09;char;1;;;
MTTBMFCVS;;VALOR_DEDUZIDO_09;char;14;;;
MTTBMFCVS;;SINAL_10;char;1;;;
MTTBMFCVS;;VALOR_DEDUZIDO_10;char;14;;;
MTTBMFCVS;;SINAL_11;char;1;;;
MTTBMFCVS;;VALOR_DEDUZIDO_11;char;14;;;
MTTBMFCVS;;SINAL_12;char;1;;;
MTTBMFCVS;;VALOR_DEDUZIDO_12;char;14;;;
MTTBMFCVS;;SINAL_13;char;1;;;
MTTBMFCVS;;VALOR_DEDUZIDO_13;char;14;;;
MTTBMFCVS;;SINAL_14;char;1;;;
MTTBMFCVS;;VALOR_DEDUZIDO_14;char;14;;;
MTTBMFCVS;;SINAL_15;char;1;;;
MTTBMFCVS;;VALOR_DEDUZIDO_15;char;14;;;
MTTBMFCVS;;SINAL_16;char;1;;;
MTTBMFCVS;;VALOR_DEDUZIDO_16;char;14;;;
MTTBMFCVS;;SINAL_17;char;1;;;
MTTBMFCVS;;VALOR_DEDUZIDO_17;char;14;;;
MTTBMFCVS;;SINAL_18;char;1;;;
MTTBMFCVS;;VALOR_DEDUZIDO_18;char;14;;;
MTTBMFCVS;;SINAL_19;char;1;;;
MTTBMFCVS;;VALOR_DEDUZIDO_19;char;14;;;
MTTBMFCVS;;SINAL_20;char;1;;;
MTTBMFCVS;;VALOR_DEDUZIDO_20;char;14;;;
MTTBMFCVS;;OFICIO_TERM_ANALISE;char;3;;;
MTTBMFCVS;;CADMUT_FORMATADO;char;13;;;
MTTBMFCVS;;DATA_POSICAO_BAIXA;char;8;;;
MTTBMFCVS_AUXILIAR;;CODEMP;smallint;2;;;
MTTBMFCVS_AUXILIAR;;DATA_COMP;char;8;;;
MTTBMFCVS_AUXILIAR;;HAB_POR;char;10;;;
MTTBMFCVS_AUXILIAR;;MATRICULA_AGENTE;char;5;;;
MTTBMFCVS_AUXILIAR;;CADMUT;char;13;;;
MTTBMFCVS_AUXILIAR;;TIPO_REGISTRO;char;1;;;
MTTBMFCVS_AUXILIAR;;MANIFESTACAO;char;4;;;
MTTBMFCVS_AUXILIAR;;AUDITAGEM;char;4;;;
MTTBMFCVS_AUXILIAR;;NOME_MUTUARIO;char;40;;;
MTTBMFCVS_AUXILIAR;;DESTINO_PAGAMENTO;char;2;;;
MTTBMFCVS_AUXILIAR;;DESTINO_COMPLEMENTAR;char;2;;;
MTTBMFCVS_AUXILIAR;;SALDO_TOTAL;float;8;;;
MTTBMFCVS_AUXILIAR;;SALDO_TOTAL_COMP;float;8;;;
MTTBMFCVS_AUXILIAR;;SD_TOTAL_TODOS_DESTINOS;float;8;;;
MTTBMFCVS_AUXILIAR;;VAF3M;float;8;;;
MTTBMFCVS_AUXILIAR;;VAF4M;float;8;;;
MTTBMFCVS_AUXILIAR;;AGENTE_CEDENTE;char;5;;;
MTTBMFCVS_AUXILIAR;;AGENTE_CESSIONARIO;char;5;;;
MTTBMFCVS_AUXILIAR;;COD_MUNICIPIO;char;5;;;
MTTBMFCVS_AUXILIAR;;COD_SIT_CONTRATO;char;2;;;
MTTBMFCVS_AUXILIAR;;CPF;char;11;;;
MTTBMFCVS_AUXILIAR;;DATA_ASSINATURA;char;8;;;
MTTBMFCVS_AUXILIAR;;DATA_BASE;char;8;;;
MTTBMFCVS_AUXILIAR;;DATA_ENTREGA_AGENTE;char;8;;;
MTTBMFCVS_AUXILIAR;;DATA_EVENTO;char;8;;;
MTTBMFCVS_AUXILIAR;;DATA_HABILITACAO;char;8;;;
MTTBMFCVS_AUXILIAR;;DATA_MANIFESTACAO;char;8;;;
MTTBMFCVS_AUXILIAR;;DATA_NOVACAO_VAF3;char;8;;;
MTTBMFCVS_AUXILIAR;;DATA_NOVACAO_VAF4;char;8;;;
MTTBMFCVS_AUXILIAR;;DATA_POSIC_NOVACAO;char;8;;;
MTTBMFCVS_AUXILIAR;;DATA_PRAZO_AGENTE;char;8;;;
MTTBMFCVS_AUXILIAR;;DATA_PROC_HABILITACAO;char;8;;;
MTTBMFCVS_AUXILIAR;;DATA_RECURSO;char;8;;;
MTTBMFCVS_AUXILIAR;;DATA_STATUS;char;8;;;
MTTBMFCVS_AUXILIAR;;DATA_TERM_ANALISE;char;8;;;
MTTBMFCVS_AUXILIAR;;DESCRICAO_SIT_CONTRATO;char;70;;;
MTTBMFCVS_AUXILIAR;;DOCUMENTACAO;char;1;;;
MTTBMFCVS_AUXILIAR;;ENDERECO_IMOVEL;char;40;;;
MTTBMFCVS_AUXILIAR;;GIFUS_ANALISE;char;2;;;
MTTBMFCVS_AUXILIAR;;GRAU_HIPOTECA;char;1;;;
MTTBMFCVS_AUXILIAR;;IM;char;2;;;
MTTBMFCVS_AUXILIAR;;INDICATIVO_LOCAL_VAF12;char;4;;;
MTTBMFCVS_AUXILIAR;;INDICATIVO_VAF3_TR7;char;1;;;
MTTBMFCVS_AUXILIAR;;INDICATIVO_VAF4_TR7;char;1;;;
MTTBMFCVS_AUXILIAR;;JUROS_AGENTE_01_1997;real;4;;;
MTTBMFCVS_AUXILIAR;;MOTIVO_NEGATIVA;char;40;;;
MTTBMFCVS_AUXILIAR;;NOME_MUNICIPIO;char;10;;;
MTTBMFCVS_AUXILIAR;;ORIGEM_RECURSO;char;2;;;
MTTBMFCVS_AUXILIAR;;PERC_FCVS;float;8;;;
MTTBMFCVS_AUXILIAR;;PRENOVADO_ZERADO;char;10;;;
MTTBMFCVS_AUXILIAR;;SALDO_VENCIDO;float;8;;;
MTTBMFCVS_AUXILIAR;;SALDO_VENCIDO_COMP;float;8;;;
MTTBMFCVS_AUXILIAR;;SALDO_VINCENDO;float;8;;;
MTTBMFCVS_AUXILIAR;;SALDO_VINCENDO_COMP;float;8;;;
MTTBMFCVS_AUXILIAR;;SD_VENCIDO_TODOS_DESTINOS;float;8;;;
MTTBMFCVS_AUXILIAR;;SD_VINCENDO_TODOS_DESTINOS;float;8;;;
MTTBMFCVS_AUXILIAR;;SEQUENCIAL;char;1;;;
MTTBMFCVS_AUXILIAR;;VLR_PERDA_JUROS;float;8;;;
MTTBMFCVS_AUXILIAR;;SITUACAO_ANALISE_ATUAL;char;1;;;
MTTBMFCVS_AUXILIAR;;SITUACAO_NOVACAO_VAF3;char;1;;;
MTTBMFCVS_AUXILIAR;;SITUACAO_NOVACAO_VAF4;char;1;;;
MTTBMFCVS_AUXILIAR;;STATUS_RECURSO;char;1;;;
MTTBMFCVS_AUXILIAR;;TAXA_JUROS_CONTRATUAL;float;8;;;
MTTBMFCVS_AUXILIAR;;TAXA_JUROS_EVENTO;float;8;;;
MTTBMFCVS_AUXILIAR;;TAXA_JUROS_MP1520;char;6;;;
MTTBMFCVS_AUXILIAR;;TERMO_ANUENCIA;char;1;;;
MTTBMFCVS_AUXILIAR;;TIPO_EVENTO;char;3;;;
MTTBMFCVS_AUXILIAR;;VAF1_AGENTE;float;8;;;
MTTBMFCVS_AUXILIAR;;VAF1_SIFCVS;float;8;;;
MTTBMFCVS_AUXILIAR;;VAF2_AGENTE;float;8;;;
MTTBMFCVS_AUXILIAR;;VAF2_SIFCVS;float;8;;;
MTTBMFCVS_AUXILIAR;;VAF3_AGENTE;float;8;;;
MTTBMFCVS_AUXILIAR;;VAF3_SIFCVS;float;8;;;
MTTBMFCVS_AUXILIAR;;VAF4_011997;float;8;;;
MTTBMFCVS_AUXILIAR;;SINAL_01;char;1;;;
MTTBMFCVS_AUXILIAR;;VALOR_DEDUZIDO_01;char;14;;;
MTTBMFCVS_AUXILIAR;;SINAL_02;char;1;;;
MTTBMFCVS_AUXILIAR;;VALOR_DEDUZIDO_02;char;14;;;
MTTBMFCVS_AUXILIAR;;SINAL_03;char;1;;;
MTTBMFCVS_AUXILIAR;;VALOR_DEDUZIDO_03;char;14;;;
MTTBMFCVS_AUXILIAR;;SINAL_04;char;1;;;
MTTBMFCVS_AUXILIAR;;VALOR_DEDUZIDO_04;char;14;;;
MTTBMFCVS_AUXILIAR;;SINAL_05;char;1;;;
MTTBMFCVS_AUXILIAR;;VALOR_DEDUZIDO_05;char;14;;;
MTTBMFCVS_AUXILIAR;;SINAL_06;char;1;;;
MTTBMFCVS_AUXILIAR;;VALOR_DEDUZIDO_06;char;14;;;
MTTBMFCVS_AUXILIAR;;SINAL_07;char;1;;;
MTTBMFCVS_AUXILIAR;;VALOR_DEDUZIDO_07;char;14;;;
MTTBMFCVS_AUXILIAR;;SINAL_08;char;1;;;
MTTBMFCVS_AUXILIAR;;VALOR_DEDUZIDO_08;char;14;;;
MTTBMFCVS_AUXILIAR;;SINAL_09;char;1;;;
MTTBMFCVS_AUXILIAR;;VALOR_DEDUZIDO_09;char;14;;;
MTTBMFCVS_AUXILIAR;;SINAL_10;char;1;;;
MTTBMFCVS_AUXILIAR;;VALOR_DEDUZIDO_10;char;14;;;
MTTBMFCVS_AUXILIAR;;SINAL_11;char;1;;;
MTTBMFCVS_AUXILIAR;;VALOR_DEDUZIDO_11;char;14;;;
MTTBMFCVS_AUXILIAR;;SINAL_12;char;1;;;
MTTBMFCVS_AUXILIAR;;VALOR_DEDUZIDO_12;char;14;;;
MTTBMFCVS_AUXILIAR;;SINAL_13;char;1;;;
MTTBMFCVS_AUXILIAR;;VALOR_DEDUZIDO_13;char;14;;;
MTTBMFCVS_AUXILIAR;;SINAL_14;char;1;;;
MTTBMFCVS_AUXILIAR;;VALOR_DEDUZIDO_14;char;14;;;
MTTBMFCVS_AUXILIAR;;SINAL_15;char;1;;;
MTTBMFCVS_AUXILIAR;;VALOR_DEDUZIDO_15;char;14;;;
MTTBMFCVS_AUXILIAR;;SINAL_16;char;1;;;
MTTBMFCVS_AUXILIAR;;VALOR_DEDUZIDO_16;char;14;;;
MTTBMFCVS_AUXILIAR;;SINAL_17;char;1;;;
MTTBMFCVS_AUXILIAR;;VALOR_DEDUZIDO_17;char;14;;;
MTTBMFCVS_AUXILIAR;;SINAL_18;char;1;;;
MTTBMFCVS_AUXILIAR;;VALOR_DEDUZIDO_18;char;14;;;
MTTBMFCVS_AUXILIAR;;SINAL_19;char;1;;;
MTTBMFCVS_AUXILIAR;;VALOR_DEDUZIDO_19;char;14;;;
MTTBMFCVS_AUXILIAR;;SINAL_20;char;1;;;
MTTBMFCVS_AUXILIAR;;VALOR_DEDUZIDO_20;char;14;;;
MTTBMFCVS_AUXILIAR;;OFICIO_TERM_ANALISE;char;3;;;
MTTBMFCVS_AUXILIAR;;CADMUT_FORMATADO;char;13;;;
MTTBMFCVS_AUXILIAR;;DATA_POSICAO_BAIXA;char;8;;;
MTTBMFCVS_AUXILIAR;;SALDO_ATUAL_VAF1_2;float;8;;;
MTTBMFCVS_AUXILIAR;;SALDO_ATUAL_VAF3;float;8;;;
MTTBMFCVS_AUXILIAR;;SALDO_ATUAL_VAF4;float;8;;;
MTTBMFCVS_AUXILIAR;;SALDO_TOTAL_ATUAL;float;8;;;
MTTBMFCVS_AUXILIAR;;ACCSEQ;char;17;;;
MTTBMFCVS_AUXILIAR;;NUCLEO;char;4;;;
MTTBMFCVS_AUXILIAR;;CONTRATO;char;10;;;
MTTBMFCVS_AUXILIAR;;NOME_CONJUNTO;char;100;;;
MTTBMFCVS_AUXILIAR;;PLANO_VENDAS_MENCIONA_FCVS;char;3;;;
MTTBMFCVS_AUXILIAR;;NUCLEO_POSSUI_CRF;char;3;;;
MTTBMFCVS_AUXILIAR;;CTR_POSSUI_CRF;char;3;;;
MTTBMFCVS_AUXILIAR;;FALTA_CONTRIBUICAO;char;3;;;
MTTBMFCVS_AUXILIAR;;SINISTRO;char;3;;;
MTTBMFCVS_AUXILIAR;;MULTIPLICIDADE;char;3;;;
MTTBMIF;;CODEMP;smallint;2;;;
MTTBMIF;;REGIAO;smallint;2;;;
MTTBMIF;;NUCLEO;smallint;2;;;
MTTBMIF;;CONTRATO;smallint;2;;;
MTTBMIF;;DATA_COMP;char;6;;;
MTTBMIF;;IFRS_VLAMJ_M;float;8;;;
MTTBMIF;;IFRS_VLJUR_M;float;8;;;
MTTBMIF;;IFRS_VLSLD_M;float;8;;;
MTTBMIF;;IFRS_VLAMJ_P;float;8;;;
MTTBMIF;;IFRS_VLJUR_P;float;8;;;
MTTBMIF;;IFRS_VLSLD_P;float;8;;;
MTTBMIF;;EVM_VLAMJ_M;float;8;;;
MTTBMIF;;EVM_VLJUR_M;float;8;;;
MTTBMIF;;EVM_VLSLD_M;float;8;;;
MTTBMIF;;EVM_VLAMJ_P;float;8;;;
MTTBMIF;;EVM_VLJUR_P;float;8;;;
MTTBMIF;;EVM_VLSLD_P;float;8;;;
MTTBMIF;;DIF_JUR_MES;float;8;;;
MTTBMIF;;DIF_JUR_ACU;float;8;;;
MTTBMNE;;CODEMP;smallint;2;;;
MTTBMNE;;CODIGO;char;3;;;
MTTBMNE;;DESCRICAO;char;40;;;
MTTBMNE;;CONTA_CONTAB;char;20;;;
MTTBMNE;;QTDREF;smallint;2;;;
MTTBMOD;;CODEMP;smallint;2;;;
MTTBMOD;;CODMOD;smallint;2;;;
MTTBMOD;;DESCRICAO;char;30;;;
MTTBMOD;;QTDREF;int;4;;;
MTTBMSG;;CODEMP;smallint;2;;;
MTTBMSG;;REGIAO;smallint;2;;;
MTTBMSG;;NUCLEO;smallint;2;;;
MTTBMSG;;CONTRATO;char;10;;;
MTTBMSG;;CODMSG1;smallint;2;;;
MTTBMSG;;DTMSG1;char;8;;;
MTTBMSG;;CODMSG2;smallint;2;;;
MTTBMSG;;DTMSG2;char;8;;;
MTTBMSG;;CODMSG3;smallint;2;;;
MTTBMSG;;DTMSG3;char;8;;;
MTTBMSG;;CODMSG4;smallint;2;;;
MTTBMSG;;DTMSG4;char;8;;;
MTTBMSG;;CODMSG5;smallint;2;;;
MTTBMSG;;DTMSG5;char;8;;;
MTTBMSG;;CODMSG6;smallint;2;;;
MTTBMSG;;DTMSG6;char;8;;;
MTTBMSG;;CODMSG7;smallint;2;;;
MTTBMSG;;DTMSG7;char;8;;;
MTTBMSG;;CODMSG8;smallint;2;;;
MTTBMSG;;DTMSG8;char;8;;;
MTTBMSG;;CODMSG9;smallint;2;;;
MTTBMSG;;DTMSG9;char;8;;;
MTTBMSG;;CODMSG10;smallint;2;;;
MTTBMSG;;DTMSG10;char;8;;;
MTTBMUC;;CODEMP;smallint;2;;;
MTTBMUC;;CODMUN;char;3;;;
MTTBMUC;;NOME;char;50;;;
MTTBMUN;;COD_IBGE;int;4;;;
MTTBMUN;;COD_BNH;int;4;;;
MTTBMUN;;Municipio;char;25;;;
MTTBMUN;;Estado;char;2;;;
MTTBMUN;;MUN_EMP;smallint;2;;;
MTTBNDE;;CODEMP;smallint;2;;;
MTTBNDE;;TIPO_DECL;smallint;2;;;
MTTBNDE;;ANO_DECL;smallint;2;;;
MTTBNDE;;NUM_DECL;int;4;;;
MTTBNDE;;NUM_IMOVEL;int;4;;;
MTTBNDE;;REGIAO;smallint;2;;;
MTTBNDE;;NUCLEO;smallint;2;;;
MTTBNDE;;CONTRATO;char;10;;;
MTTBNDE;;DATA_ENTREGA;char;8;;;
MTTBNDE;;TIPO_MENS;smallint;2;;;
MTTBNDE;;OBSERVACAO;char;255;;;
MTTBNDE;;USR_INCL;char;8;;;
MTTBNDE;;DTA_INCL;char;8;;;
MTTBNDE;;HRO_INCL;char;8;;;
MTTBNIL;;CODEMP;smallint;2;;;
MTTBNIL;;LOTE;smallint;2;;;
MTTBNIL;;DATA_LOTE;char;8;;;
MTTBNIL;;SEQ_INICIAL;int;4;;;
MTTBNIL;;SEQ_FINAL;int;4;;;
MTTBNIL;;SEQ_ATUAL;int;4;;;
MTTBNIR;;CODEMP;smallint;2;;;
MTTBNIR;;LOTE;smallint;2;;;
MTTBNIR;;SEQ_ATUAL;int;4;;;
MTTBNIR;;SEQUENCIAL;int;4;;;
MTTBNOC;;CodEmp;smallint;2;;;
MTTBNOC;;Regiao;smallint;2;;;
MTTBNOC;;Nucleo;smallint;2;;;
MTTBNOC;;Contrato;char;10;;;
MTTBNOC;;DataApuracao;varchar;8;;;
MTTBNOC;;DataEmissao;varchar;8;;;
MTTBNOC;;DataInicialProjecao;varchar;8;;;
MTTBNOC;;DataFinalProjecao;varchar;8;;;
MTTBNOC;;NumeroOficio;varchar;10;;;
MTTBNOC;;Matricula;varchar;15;;;
MTTBNOC;;Registro;varchar;15;;;
MTTBNOC;;NomeCartorio;varchar;50;;;
MTTBNOC;;EnderecoCartorio;varchar;50;;;
MTTBNOC;;NomeDiretor;varchar;100;;;
MTTBNOC;;CargoDiretor;varchar;50;;;
MTTBNOC;;Situacao;smallint;2;;;
MTTBNOC;;Intimacao;smallint;2;;;
MTTBNOC;;DataEncerramento;varchar;8;;;
MTTBNOC;;MotivoEncerramento;varchar;150;;;
MTTBNOC;;NivelNotificacao;int;4;;;
MTTBNST;;CODEMP;smallint;2;;;
MTTBNST;;REGIAO;smallint;2;;;
MTTBNST;;NUCLEO;smallint;2;;;
MTTBNST;;CONTRATO;char;10;;;
MTTBNST;;NUM_SORTE;int;4;;;
MTTBNST;;DTA_INC_NUM;char;8;;;
MTTBNST;;FLG_BLOQ;smallint;2;;;
MTTBNST;;DTA_BLOQ;char;8;;;
MTTBNUC;;CodEmp;smallint;2;;;
MTTBNUC;;Regiao;smallint;2;;;
MTTBNUC;;Codigo;smallint;2;;;
MTTBNUC;;Nucleo;char;45;;;
MTTBNUC;;Qtd_Imovel;int;4;;;
MTTBNUC;;COD_BANCO;smallint;2;;;
MTTBNUC;;BANCO_CC;varchar;25;;;
MTTBNUC;;AGENCIA_CC;int;4;;;
MTTBNUC;;TIPO_CC;int;4;;;
MTTBNUC;;NUMERO_CC;int;4;;;
MTTBNUC;;FIS_JUR;smallint;2;;;
MTTBNUC;;CGC_CPF;varchar;14;;;
MTTBNUC;;REGIONAL;int;4;;;
MTTBNUC;;VAL_MERC_IMO;float;8;;;
MTTBNUC;;ENDER_NUC;char;50;;;
MTTBNUC;;COMPL_NUC;char;50;;;
MTTBNUC;;NUMERO_NUC;char;4;;;
MTTBNUC;;BAIRRO_NUC;char;50;;;
MTTBNUC;;MUNIC_NUC;char;50;;;
MTTBNUC;;UF_NUC;char;2;;;
MTTBNUC;;CEP_NUC;char;8;;;
MTTBNUC;;LATIT_NUC;char;255;;;
MTTBNUC;;LONGIT_NUC;char;255;;;
MTTBNUC;;DESCR_NUC;char;255;;;
MTTBNUC;;DESCR_NUC2;char;255;;;
MTTBNUC;;DESCR_NUC3;char;255;;;
MTTBNUC;;DESCR_NUC4;char;255;;;
MTTBNUC;;DESCR_NUC5;char;255;;;
MTTBNUC;;DESCR_NUC6;char;255;;;
MTTBNUC;;PERC_FMH;float;8;;;
MTTBNUC;;LIN_CRED;smallint;2;;;
MTTBNUC;;PERC_CST_CHB;float;8;;;
MTTBNUC;;PERC_CST_FMH;float;8;;;
MTTBNUC;;REG_CUMULAT;char;1;;;
MTTBOAD;;CODEMP;smallint;2;;;
MTTBOAD;;COD_ORGAO;smallint;2;;;
MTTBOAD;;DESC_ORGAO;char;50;;;
MTTBOAD;;QTD_REF;int;4;;;
MTTBOAG;;CODEMP;smallint;2;;;
MTTBOAG;;CODIGO;smallint;2;;;
MTTBOAG;;DESCRICAO;char;30;;;
MTTBOAG;;VALIDADE;smallint;2;;;
MTTBOAG;;Qtd_Ref;int;4;;;
MTTBOAG;;AGD_PADRAO;char;1000;;;
MTTBOAG;;FLG_ALERTA;int;4;;;
MTTBOAG;;SOL_PADRAO;char;1000;;;
MTTBOAG;;AGDABERTA;int;4;;;
MTTBOAG;;SL_CRIANOVA;int;4;;;
MTTBOAG;;AGD_NOVA;char;100;;;
MTTBOAG;;GRUPO;char;50;;;
MTTBOAG;;CARTA;char;8;;;
MTTBOAG;;DIASLEMBRAR;smallint;2;;;
MTTBOAG;;DESCRICAO2;varchar;5000;;;
MTTBOCB;;CODEMP;smallint;2;;;
MTTBOCB;;DT_COMPET;char;6;;;
MTTBOCB;;REGIAO;smallint;2;;;
MTTBOCB;;NUCLEO;smallint;2;;;
MTTBOCB;;CONTRATO;char;10;;;
MTTBOCB;;DT_INICIO;char;6;;;
MTTBOCB;;ETAPA_ANT;smallint;2;;;
MTTBOCB;;ETAPA_ATU;smallint;2;;;
MTTBOCB;;PRM_ANT_MIP;float;8;;;
MTTBOCB;;PRM_ANT_CRED;float;8;;;
MTTBOCB;;PRM_ANT_DFI;float;8;;;
MTTBOCB;;PRM_ATU_MIP;float;8;;;
MTTBOCB;;PRM_ATU_CRED;float;8;;;
MTTBOCB;;PRM_ATU_DFI;float;8;;;
MTTBOCB;;STATUS;smallint;2;;;
MTTBOCB;;VL_FCVS_ANT;float;8;;;
MTTBOCB;;VL_FCVS_ATU;float;8;;;
MTTBOCB;;DT_COBRAR;char;6;;;
MTTBOCS;;CODEMP;smallint;2;;;
MTTBOCS;;DT_COMPET;char;6;;;
MTTBOCS;;REGIAO;smallint;2;;;
MTTBOCS;;NUCLEO;smallint;2;;;
MTTBOCS;;CONTRATO;char;10;;;
MTTBOCS;;DT_INICIO;char;6;;;
MTTBOCS;;ETAPA_ANT;smallint;2;;;
MTTBOCS;;ETAPA_ATU;smallint;2;;;
MTTBOCS;;PRM_ANT_MIP;float;8;;;
MTTBOCS;;PRM_ANT_CRED;float;8;;;
MTTBOCS;;PRM_ANT_DFI;float;8;;;
MTTBOCS;;PRM_ATU_MIP;float;8;;;
MTTBOCS;;PRM_ATU_CRED;float;8;;;
MTTBOCS;;PRM_ATU_DFI;float;8;;;
MTTBOCS;;STATUS;smallint;2;;;
MTTBOCS;;VL_FCVS_ANT;float;8;;;
MTTBOCS;;VL_FCVS_ATU;float;8;;;
MTTBOCS;;DT_COBRAR;char;6;;;
MTTBOFF;;CODEMP;smallint;2;;;
MTTBOFF;;SIGLAEMP;char;4;;;
MTTBOFF;;REC_INICIO;char;8;;;
MTTBOFF;;REC_FINAL;char;8;;;
MTTBOFF;;PRV_DATA_INI;char;8;;;
MTTBOFF;;PRV_DATA_FIM;char;8;;;
MTTBOFF;;PRV_QTD_FUNC;float;8;;;
MTTBOFF;;PRV_RES_PRIN;char;30;;;
MTTBOFF;;REA_DATA_INI;char;8;;;
MTTBOFF;;REA_DATA_FIM;char;8;;;
MTTBOFF;;REA_QTD_FUNC;float;8;;;
MTTBOFF;;REA_RES_PRIN;char;30;;;
MTTBOFF;;REGIAO_SEL;smallint;2;;;
MTTBOFF;;NUCLEO_SEL;smallint;2;;;
MTTBOFF;;MUNIC_SEL;int;4;;;
MTTBOFF;;QTD_ATIV_SEL;int;4;;;
MTTBOFF;;QTD_INAT_SEL;int;4;;;
MTTBOFF;;GER_DATA;char;8;;;
MTTBOFF;;GER_HORA;char;8;;;
MTTBOFF;;GER_USUARIO;char;8;;;
MTTBOFF;;RET_DATA;char;8;;;
MTTBOFF;;RET_HORA;char;8;;;
MTTBOFF;;RET_USUARIO;char;8;;;
MTTBORC;;CODEMP;smallint;2;;;
MTTBORC;;CODORG;char;3;;;
MTTBORC;;CNPJ;char;14;;;
MTTBORC;;NOME;char;50;;;
MTTBORG;;CODEMP;smallint;2;;;
MTTBORG;;COD_ORGAO;smallint;2;;;
MTTBORG;;DESC_ORGAO;char;50;;;
MTTBORG;;QTD_REF;int;4;;;
MTTBOTN;;CodEmp;smallint;2;;;
MTTBOTN;;DataOtn;char;8;;;
MTTBOTN;;Otn;float;8;;;
MTTBOTN;;Fgts;float;8;;;
MTTBPAR;;CODEMP;smallint;2;;;
MTTBPAR;;NUM_PROC;char;20;;;
MTTBPAR;;FLG_PARTE;smallint;2;;;
MTTBPAR;;SEQ_PARTE;smallint;2;;;
MTTBPAR;;CGC_CPF_PAR;char;14;;;
MTTBPAR;;FISJUR;smallint;2;;;
MTTBPAR;;CLI_UNIC_PAR;int;4;;;
MTTBPAR;;NOME_PARTE;char;50;;;
MTTBPAR;;REGIAO;smallint;2;;;
MTTBPAR;;NUCLEO;smallint;2;;;
MTTBPAR;;CONTRATO;char;10;;;
MTTBPAR;;FISJUR_MUT;smallint;2;;;
MTTBPAR;;CGC_CPF_MUT;char;14;;;
MTTBPAR;;CLI_UNIC_MUT;int;4;;;
MTTBPAR;;NOME_MUT;char;50;;;
MTTBPAR;;OBS_PARTE;char;250;;;
MTTBPAR;;FLG_RES1;char;1;;;
MTTBPAR;;FLG_RES2;char;1;;;
MTTBPAR;;FLG_RES3;char;1;;;
MTTBPAR;;FLG_RES4;smallint;2;;;
MTTBPAR;;FLG_RES5;smallint;2;;;
MTTBPAR;;FLG_RES6;smallint;2;;;
MTTBPAR;;DTA_INCLUSAO;char;8;;;
MTTBPAR;;HOR_INCLUSAO;char;8;;;
MTTBPAR;;USU_INCLUSAO;char;8;;;
MTTBPAR;;DTA_ALTER;char;8;;;
MTTBPAR;;HOR_ALTER;char;8;;;
MTTBPAR;;USU_ALTER;char;8;;;
MTTBPAT;;CODEMP;smallint;2;;;
MTTBPAT;;OPCAO;char;1;;;
MTTBPAT;;FX1_MENOR;int;4;;;
MTTBPAT;;FX1_MAIOR;int;4;;;
MTTBPAT;;FX2_MENOR;int;4;;;
MTTBPAT;;FX2_MAIOR;int;4;;;
MTTBPAT;;FX3_MENOR;int;4;;;
MTTBPAT;;FX3_MAIOR;int;4;;;
MTTBPAT;;FX4_MENOR;int;4;;;
MTTBPAT;;FX4_MAIOR;int;4;;;
MTTBPAT;;FX5_MENOR;int;4;;;
MTTBPAT;;FX5_MAIOR;int;4;;;
MTTBPAT;;FX6_MENOR;int;4;;;
MTTBPAT;;FX6_MAIOR;int;4;;;
MTTBPAT;;FX7_MENOR;int;4;;;
MTTBPAT;;FX7_MAIOR;int;4;;;
MTTBPAT;;FX8_MENOR;int;4;;;
MTTBPAT;;FX8_MAIOR;int;4;;;
MTTBPAT;;FX9_MENOR;int;4;;;
MTTBPAT;;FX9_MAIOR;int;4;;;
MTTBPAT;;FX10_MENOR;int;4;;;
MTTBPAT;;FX10_MAIOR;int;4;;;
MTTBPAT;;FX11_MENOR;int;4;;;
MTTBPAT;;FX11_MAIOR;int;4;;;
MTTBPAT;;FX12_MENOR;int;4;;;
MTTBPAT;;FX12_MAIOR;int;4;;;
MTTBPAT;;FX13_MENOR;int;4;;;
MTTBPAT;;FX13_MAIOR;int;4;;;
MTTBPAT;;FX14_MENOR;int;4;;;
MTTBPAT;;FX14_MAIOR;int;4;;;
MTTBPAT;;FX15_MENOR;int;4;;;
MTTBPAT;;FX15_MAIOR;int;4;;;
MTTBPAT;;FX16_MENOR;int;4;;;
MTTBPAT;;FX16_MAIOR;int;4;;;
MTTBPAT;;FX17_MENOR;int;4;;;
MTTBPAT;;FX17_MAIOR;int;4;;;
MTTBPAT;;FX18_MENOR;int;4;;;
MTTBPAT;;FX18_MAIOR;int;4;;;
MTTBPAT;;FX19_MENOR;int;4;;;
MTTBPAT;;FX19_MAIOR;int;4;;;
MTTBPAT;;FX20_MENOR;int;4;;;
MTTBPAT;;FX20_MAIOR;int;4;;;
MTTBPBC;;CodEmp;smallint;2;;;
MTTBPBC;;CodBco;smallint;2;;;
MTTBPBC;;Header;smallint;2;;;
MTTBPBC;;Trailler;smallint;2;;;
MTTBPBC;;IDHeader_Ini;smallint;2;;;
MTTBPBC;;IDHeader_Fim;smallint;2;;;
MTTBPBC;;IDHeader_Com;char;15;;;
MTTBPBC;;IDTrailler_I;smallint;2;;;
MTTBPBC;;IDTrailler_F;smallint;2;;;
MTTBPBC;;IDTrailler_C;char;15;;;
MTTBPBC;;Arr_Ini;smallint;2;;;
MTTBPBC;;Arr_fim;smallint;2;;;
MTTBPBC;;Arr_Con;char;15;;;
MTTBPBC;;Age_Id;smallint;2;;;
MTTBPBC;;Age_Ini;smallint;2;;;
MTTBPBC;;Age_Fim;smallint;2;;;
MTTBPBC;;DtPgto_Id;smallint;2;;;
MTTBPBC;;DtPgto_Ini;smallint;2;;;
MTTBPBC;;DtPgto_Fim;smallint;2;;;
MTTBPBC;;DtPgtoFor;smallint;2;;;
MTTBPBC;;NNum_Ini;smallint;2;;;
MTTBPBC;;NNum_Fim;smallint;2;;;
MTTBPBC;;VlPag_Ini;smallint;2;;;
MTTBPBC;;VlPag_Fim;smallint;2;;;
MTTBPBC;;Quant_Ini;smallint;2;;;
MTTBPBC;;Quant_Fim;smallint;2;;;
MTTBPBC;;VlTot_Ini;smallint;2;;;
MTTBPBC;;VlTot_Fim;smallint;2;;;
MTTBPBC;;Cod_Moeda;char;1;;;
MTTBPBC;;Flg_Caldig;smallint;2;;;
MTTBPBC;;Linha_Barra;char;25;;;
MTTBPBC;;Dig01_Ini01;smallint;2;;;
MTTBPBC;;Dig01_Fim01;smallint;2;;;
MTTBPBC;;Dig01_Ini02;smallint;2;;;
MTTBPBC;;Dig01_Fim02;smallint;2;;;
MTTBPBC;;Dig01_Mod;smallint;2;;;
MTTBPBC;;Dig02_Ini01;smallint;2;;;
MTTBPBC;;Dig02_Fim01;smallint;2;;;
MTTBPBC;;Dig02_Ini02;smallint;2;;;
MTTBPBC;;Dig02_Fim02;smallint;2;;;
MTTBPBC;;Dig02_Mod;smallint;2;;;
MTTBPBC;;Dig03_Ini01;smallint;2;;;
MTTBPBC;;Dig03_Fim01;smallint;2;;;
MTTBPBC;;Dig03_Ini02;smallint;2;;;
MTTBPBC;;Dig03_Fim02;smallint;2;;;
MTTBPBC;;Dig03_Mod;smallint;2;;;
MTTBPBC;;FATOR_VENC;int;4;;;
MTTBPBC;;Cod_Orgao;char;4;;;
MTTBPBC;;LCOBR;smallint;2;;;
MTTBPBC;;LNOME;char;30;;;
MTTBPBC;;DGBANCO;char;1;;;
MTTBPBC;;AGENCIA;int;4;;;
MTTBPBC;;DGAGE;char;1;;;
MTTBPBC;;CEDENTE;int;4;;;
MTTBPBC;;TCEDENTE;smallint;2;;;
MTTBPBC;;CONTA;int;4;;;
MTTBPBC;;DGCONTA;char;1;;;
MTTBPBC;;CONVENIO;int;4;;;
MTTBPBC;;DIASVALID;smallint;2;;;
MTTBPBC;;TPCART;smallint;2;;;
MTTBPBC;;CODCART;char;5;;;
MTTBPBC;;ESPECIEDOC;char;5;;;
MTTBPBC;;ACEITE;char;1;;;
MTTBPBC;;ESPECIE;char;3;;;
MTTBPBC;;NN_INIC01;smallint;2;;;
MTTBPBC;;NN_FIN01;smallint;2;;;
MTTBPBC;;NN_INIC02;smallint;2;;;
MTTBPBC;;NN_FIN02;smallint;2;;;
MTTBPBC;;NN_MOD;smallint;2;;;
MTTBPBC;;CONTROLE_CIF;smallint;2;;;
MTTBPBC;;COD_DR;char;2;;;
MTTBPBC;;COD_ADM;char;8;;;
MTTBPBC;;CART_CLI;char;12;;;
MTTBPBC;;COD_UNID_POST;char;8;;;
MTTBPBC;;CEP_UNID_ORIG;char;8;;;
MTTBPBC;;CONTRATO_FAC;char;10;;;
MTTBPBC;;CERTIFICADO;char;200;;;
MTTBPBC;;WEBSERVICES;char;1000;;;
MTTBPBC;;NN_INIC03;smallint;2;;;
MTTBPBC;;NN_FIN03;smallint;2;;;
MTTBPBC;;NN_INIC04;smallint;2;;;
MTTBPBC;;NN_FIN04;smallint;2;;;
MTTBPBC;;NN_INIC05;smallint;2;;;
MTTBPBC;;NN_FIN05;smallint;2;;;
MTTBPBC;;CNPJ_BENEF;char;14;;;
MTTBPBC;;CNAE;int;4;;;
MTTBPBC;;NUM_UNID_ORIG;char;5;;;
MTTBPBC;;NOME_BENEF;char;40;;;
MTTBPCB;;CODEMP;smallint;2;;;
MTTBPCB;;FX1_MENOR;smallint;2;;;
MTTBPCB;;FX1_MAIOR;smallint;2;;;
MTTBPCB;;FX1_COD_CAR;smallint;2;;;
MTTBPCB;;FX2_MENOR;smallint;2;;;
MTTBPCB;;FX2_MAIOR;smallint;2;;;
MTTBPCB;;FX2_COD_CAR;smallint;2;;;
MTTBPCB;;FX3_MENOR;smallint;2;;;
MTTBPCB;;FX3_MAIOR;smallint;2;;;
MTTBPCB;;FX3_COD_CAR;smallint;2;;;
MTTBPCB;;FX4_MENOR;smallint;2;;;
MTTBPCB;;FX4_MAIOR;smallint;2;;;
MTTBPCB;;FX4_COD_CAR;smallint;2;;;
MTTBPCB;;FX5_MENOR;smallint;2;;;
MTTBPCB;;FX5_MAIOR;smallint;2;;;
MTTBPCB;;FX5_COD_CAR;smallint;2;;;
MTTBPCB;;FX6_MENOR;smallint;2;;;
MTTBPCB;;FX6_MAIOR;smallint;2;;;
MTTBPCB;;FX6_COD_CAR;smallint;2;;;
MTTBPCB;;FX7_MENOR;smallint;2;;;
MTTBPCB;;FX7_MAIOR;smallint;2;;;
MTTBPCB;;FX7_COD_CAR;smallint;2;;;
MTTBPCB;;FX8_MENOR;smallint;2;;;
MTTBPCB;;FX8_MAIOR;smallint;2;;;
MTTBPCB;;FX8_COD_CAR;smallint;2;;;
MTTBPCB;;FX9_MENOR;smallint;2;;;
MTTBPCB;;FX9_MAIOR;smallint;2;;;
MTTBPCB;;FX9_COD_CAR;smallint;2;;;
MTTBPCB;;FX10_MENOR;smallint;2;;;
MTTBPCB;;FX10_MAIOR;smallint;2;;;
MTTBPCB;;FX10_COD_CAR;smallint;2;;;
MTTBPCB;;FX11_MENOR;smallint;2;;;
MTTBPCB;;FX11_MAIOR;smallint;2;;;
MTTBPCB;;FX11_COD_CAR;smallint;2;;;
MTTBPCB;;FX12_MENOR;smallint;2;;;
MTTBPCB;;FX12_MAIOR;smallint;2;;;
MTTBPCB;;FX12_COD_CAR;smallint;2;;;
MTTBPCB;;FX13_MENOR;smallint;2;;;
MTTBPCB;;FX13_MAIOR;smallint;2;;;
MTTBPCB;;FX13_COD_CAR;smallint;2;;;
MTTBPCB;;FX14_MENOR;smallint;2;;;
MTTBPCB;;FX14_MAIOR;smallint;2;;;
MTTBPCB;;FX14_COD_CAR;smallint;2;;;
MTTBPCB;;FX15_MENOR;smallint;2;;;
MTTBPCB;;FX15_MAIOR;smallint;2;;;
MTTBPCB;;FX15_COD_CAR;smallint;2;;;
MTTBPCB;;FX16_MENOR;smallint;2;;;
MTTBPCB;;FX16_MAIOR;smallint;2;;;
MTTBPCB;;FX16_COD_CAR;smallint;2;;;
MTTBPCB;;FX17_MENOR;smallint;2;;;
MTTBPCB;;FX17_MAIOR;smallint;2;;;
MTTBPCB;;FX17_COD_CAR;smallint;2;;;
MTTBPCB;;FX18_MENOR;smallint;2;;;
MTTBPCB;;FX18_MAIOR;smallint;2;;;
MTTBPCB;;FX18_COD_CAR;smallint;2;;;
MTTBPCB;;FX19_MENOR;smallint;2;;;
MTTBPCB;;FX19_MAIOR;smallint;2;;;
MTTBPCB;;FX19_COD_CAR;smallint;2;;;
MTTBPCB;;FX20_MENOR;smallint;2;;;
MTTBPCB;;FX20_MAIOR;smallint;2;;;
MTTBPCB;;FX20_COD_CAR;smallint;2;;;
MTTBPCB;;COD_AG_COB;smallint;2;;;
MTTBPCB;;DESC_AG_COB;char;80;;;
MTTBPCB;;DIAS_PRX_COB;smallint;2;;;
MTTBPCB;;SIT1_EXC_COB;smallint;2;;;
MTTBPCB;;SIT2_EXC_COB;smallint;2;;;
MTTBPCB;;SIT3_EXC_COB;smallint;2;;;
MTTBPCB;;AG1_EXC_COB;smallint;2;;;
MTTBPCB;;AG2_EXC_COB;smallint;2;;;
MTTBPCB;;AG3_EXC_COB;smallint;2;;;
MTTBPCB;;COD_AG_CAR;smallint;2;;;
MTTBPCB;;DESC_AG_CAR;char;80;;;
MTTBPCB;;DIAS_PRX_CAR;smallint;2;;;
MTTBPCB;;COD_AG_EDT;smallint;2;;;
MTTBPCB;;DESC_AG_EDT;char;80;;;
MTTBPCB;;ATR_MIN_EDT;smallint;2;;;
MTTBPCB;;SIT1_EXC_EDT;smallint;2;;;
MTTBPCB;;SIT2_EXC_EDT;smallint;2;;;
MTTBPCB;;SIT3_EXC_EDT;smallint;2;;;
MTTBPCB;;AG1_EXC_EDT;smallint;2;;;
MTTBPCB;;AG2_EXC_EDT;smallint;2;;;
MTTBPCB;;AG3_EXC_EDT;smallint;2;;;
MTTBPCB;;COD_TXT_EDT;smallint;2;;;
MTTBPCB;;COD_AG_EDP;smallint;2;;;
MTTBPCB;;DESC_AG_EDP;char;80;;;
MTTBPCB;;PRZ_EDP;smallint;2;;;
MTTBPCB;;HST_CC_EDP;smallint;2;;;
MTTBPCB;;TIPO_COBRANC;smallint;2;;;
MTTBPCB;;SIT_EXC_EMIS;varchar;356;;;
MTTBPCB;;QTD_PRT_ATR;smallint;2;;;
MTTBPCB;;TIPO_COB;smallint;2;;;
MTTBPCB;;ACAOCOB_1;smallint;2;;;
MTTBPCB;;AC1_CODAG;smallint;2;;;
MTTBPCB;;AC1_INI;smallint;2;;;
MTTBPCB;;AC1_FIM;smallint;2;;;
MTTBPCB;;ACAOCOB_2;smallint;2;;;
MTTBPCB;;AC2_CODAG;smallint;2;;;
MTTBPCB;;AC2_INI;smallint;2;;;
MTTBPCB;;AC2_FIM;smallint;2;;;
MTTBPCB;;ACAOCOB_3;smallint;2;;;
MTTBPCB;;AC3_CODAG;smallint;2;;;
MTTBPCB;;AC3_INI;smallint;2;;;
MTTBPCB;;AC3_FIM;smallint;2;;;
MTTBPCB;;ACAOCOB_4;smallint;2;;;
MTTBPCB;;AC4_CODAG;smallint;2;;;
MTTBPCB;;AC4_INI;smallint;2;;;
MTTBPCB;;AC4_FIM;smallint;2;;;
MTTBPCB;;ACAOCOB_5;smallint;2;;;
MTTBPCB;;AC5_CODAG;smallint;2;;;
MTTBPCB;;AC5_INI;smallint;2;;;
MTTBPCB;;AC5_FIM;smallint;2;;;
MTTBPCB;;ACAOCOB_6;smallint;2;;;
MTTBPCB;;AC6_CODAG;smallint;2;;;
MTTBPCB;;AC6_INI;smallint;2;;;
MTTBPCB;;AC6_FIM;smallint;2;;;
MTTBPCB;;ACAOCOB_7;smallint;2;;;
MTTBPCB;;AC7_CODAG;smallint;2;;;
MTTBPCB;;AC7_INI;smallint;2;;;
MTTBPCB;;AC7_FIM;smallint;2;;;
MTTBPCB;;ACAOCOB_8;smallint;2;;;
MTTBPCB;;AC8_CODAG;smallint;2;;;
MTTBPCB;;AC8_INI;smallint;2;;;
MTTBPCB;;AC8_FIM;smallint;2;;;
MTTBPCB;;ACAOCOB_9;smallint;2;;;
MTTBPCB;;AC9_CODAG;smallint;2;;;
MTTBPCB;;AC9_INI;smallint;2;;;
MTTBPCB;;AC9_FIM;smallint;2;;;
MTTBPCB;;ACAOCOB_10;smallint;2;;;
MTTBPCB;;AC10_CODAG;smallint;2;;;
MTTBPCB;;AC10_INI;smallint;2;;;
MTTBPCB;;AC10_FIM;smallint;2;;;
MTTBPCB;;ACAOCOB_11;smallint;2;;;
MTTBPCB;;AC11_CODAG;smallint;2;;;
MTTBPCB;;AC11_INI;smallint;2;;;
MTTBPCB;;AC11_FIM;smallint;2;;;
MTTBPCB;;ACAOCOB_12;smallint;2;;;
MTTBPCB;;AC12_CODAG;smallint;2;;;
MTTBPCB;;AC12_INI;smallint;2;;;
MTTBPCB;;AC12_FIM;smallint;2;;;
MTTBPCB;;ACAOCOB_13;smallint;2;;;
MTTBPCB;;AC13_CODAG;smallint;2;;;
MTTBPCB;;AC13_INI;smallint;2;;;
MTTBPCB;;AC13_FIM;smallint;2;;;
MTTBPCB;;ACAOCOB_14;smallint;2;;;
MTTBPCB;;AC14_CODAG;smallint;2;;;
MTTBPCB;;AC14_INI;smallint;2;;;
MTTBPCB;;AC14_FIM;smallint;2;;;
MTTBPCB;;ACAOCOB_15;smallint;2;;;
MTTBPCB;;AC15_CODAG;smallint;2;;;
MTTBPCB;;AC15_INI;smallint;2;;;
MTTBPCB;;AC15_FIM;smallint;2;;;
MTTBPCB;;SIT1_EXC_CCB;smallint;2;;;
MTTBPCB;;SIT2_EXC_CCB;smallint;2;;;
MTTBPCB;;SIT3_EXC_CCB;smallint;2;;;
MTTBPCB;;AG1_EXC_CCB;smallint;2;;;
MTTBPCB;;AG2_EXC_CCB;smallint;2;;;
MTTBPCB;;AG3_EXC_CCB;smallint;2;;;
MTTBPCB;;SPC_NOTIF;smallint;2;;;
MTTBPCB;;SPC_ENVIO;smallint;2;;;
MTTBPCB;;SPC_INCL;smallint;2;;;
MTTBPCB;;SPC_EXCL;smallint;2;;;
MTTBPCB;;VAL_UNIT_EMISS;float;8;;;
MTTBPCB;;VAL_UNIT_REC;float;8;;;
MTTBPCB;;EMAIL_FX_MENOR;int;4;;;
MTTBPCB;;EMAIL_FX_MAIOR;int;4;;;
MTTBPCB;;COD_AG_EMAIL;smallint;2;;;
MTTBPCB;;DESC_AG_EMAIL;char;80;;;
MTTBPCB;;QTD_ATR_WEB;char;15;;;
MTTBPCB;;VALOR_TX_INFOR;float;8;;;
MTTBPCC;;REGIONAL;char;5;;;
MTTBPCC;;CEP_INICIAL;int;4;;;
MTTBPCC;;CEP_FINAL;int;4;;;
MTTBPCC;;DESCRICAO;char;50;;;
MTTBPCE;;CODEMP;smallint;2;;;
MTTBPCE;;EMAIL_DE;char;60;;;
MTTBPCE;;SVR_SMTP;char;50;;;
MTTBPCE;;USER_ID;char;60;;;
MTTBPCE;;USER_PSW;char;15;;;
MTTBPCE;;SRV_PORT;smallint;2;;;
MTTBPCE;;IMPORTANCE;char;6;;;
MTTBPCE;;EMAIL_FORMAT;char;4;;;
MTTBPCE;;BODY_FORMAT;char;4;;;
MTTBPCE;;AUTH_TYPE;smallint;2;;;
MTTBPCE;;USING_SSL;smallint;2;;;
MTTBPCE;;SMTP_TIMEOUT;smallint;2;;;
MTTBPCE;;ENVIO_BOLETO;smallint;2;;;
MTTBPCN;;CODEMP;smallint;2;;;
MTTBPCN;;BANCO;smallint;2;;;
MTTBPCN;;FLGPARAM;smallint;2;;;
MTTBPCN;;LADO;char;1;;;
MTTBPCN;;LINHA;float;8;;;
MTTBPCN;;COLUNA;float;8;;;
MTTBPCN;;TIPO;smallint;2;;;
MTTBPCN;;Dado;char;60;;;
MTTBPCN;;OBS;char;60;;;
MTTBPCN;;ALTURA;float;8;;;
MTTBPCN;;LARGURA;float;8;;;
MTTBPCN;;COR;int;4;;;
MTTBPCN;;FONTE;varchar;120;;;
MTTBPCN;;ALIN_VER;char;1;;;
MTTBPCN;;ALIN_HOR;char;1;;;
MTTBPCS;;CodEmp;smallint;2;;;
MTTBPCS;;Utiliza;smallint;2;;;
MTTBPCS;;Senha_Prov;char;8;;;
MTTBPCS;;Usuario_Rede;smallint;2;;;
MTTBPCS;;Qtd_Senha_Guard;smallint;2;;;
MTTBPCS;;Prazo_Valid;smallint;2;;;
MTTBPCS;;Repete_Qtd;smallint;2;;;
MTTBPCS;;Tem_Numero;smallint;2;;;
MTTBPCS;;Tem_Letra;smallint;2;;;
MTTBPCS;;Tem_CaracterEsp;smallint;2;;;
MTTBPCS;;Seq_Caracter;smallint;2;;;
MTTBPCS;;Usuario_Fixo;char;8;;;
MTTBPCS;;Format_User;char;8;;;
MTTBPCS;;Qtd_Caracter_Senha;smallint;2;;;
MTTBPCS;;Qtd_Acesso;smallint;2;;;
MTTBPCS;;QtdUsuarios;varchar;10;;;
MTTBPCT;;CODEMP;smallint;2;;;
MTTBPCT;;TIPO_PARAM;smallint;2;;;
MTTBPCT;;SEQ;smallint;2;;;
MTTBPCT;;DESCR_PARAM;char;50;;;
MTTBPCT;;VAL1;float;8;;;
MTTBPCT;;VAL2;float;8;;;
MTTBPCT;;INT1;smallint;2;;;
MTTBPCT;;INT2;smallint;2;;;
MTTBPCT;;TXT1;char;50;;;
MTTBPCT;;TXT2;char;50;;;
MTTBPDA;;CodEmp;smallint;2;;;
MTTBPDA;;CodBco;char;3;;;
MTTBPDA;;Cod_Convenio;char;20;;;
MTTBPDA;;Sequencial;int;4;;;
MTTBPDA;;Data_Ult_Remessa;char;8;;;
MTTBPDC;;CODEMP;smallint;2;;;
MTTBPDC;;COD_PDT;smallint;2;;;
MTTBPDC;;SIGLA_GRUPO;char;4;;;
MTTBPDC;;TABELA;char;12;;;
MTTBPDC;;CAMPO;char;12;;;
MTTBPDC;;CAMPO_BD;char;250;;;
MTTBPDC;;CAMPO_BD_QTD;smallint;2;;;
MTTBPDC;;TIPO;char;3;;;
MTTBPDC;;FORMAT;char;30;;;
MTTBPDC;;DESCRICAO;char;100;;;
MTTBPDS;;CODEMP;smallint;2;;;
MTTBPDS;;DATA_CONTAB;char;6;;;
MTTBPDS;;COD_CONTABIL;smallint;2;;;
MTTBPDS;;COD_HIST;smallint;2;;;
MTTBPDS;;COD_EVENTO;smallint;2;;;
MTTBPDS;;COD_COMPON;smallint;2;;;
MTTBPDS;;TIPO_LANC;char;1;;;
MTTBPDS;;CONTA_DEB;char;20;;;
MTTBPDS;;CONTA_CRE;char;20;;;
MTTBPDS;;VALOR_LANC;float;8;;;
MTTBPDS;;REGIAO;smallint;2;;;
MTTBPDS;;SINAL;char;1;;;
MTTBPDT;;CODEMP;smallint;2;;;
MTTBPDT;;CODIGO;smallint;2;;;
MTTBPDT;;DESCRICAO;char;100;;;
MTTBPDT;;LOCAL_IMAGEM;char;200;;;
MTTBPDT;;PAPEL_ORIENT;smallint;2;;;
MTTBPEM;;CODEMP;smallint;2;;;
MTTBPEM;;NOME;char;50;;;
MTTBPEM;;CPF;char;11;;;
MTTBPEM;;NACIONALID;char;12;;;
MTTBPEM;;ESTCIVIL;smallint;2;;;
MTTBPEM;;PROFISSAO;smallint;2;;;
MTTBPEM;;CIDADE;char;25;;;
MTTBPEM;;UF;char;2;;;
MTTBPEM;;CODIGO;smallint;2;;;
MTTBPEM;;DT_INICIO;char;8;;;
MTTBPEM;;DT_FIM;char;8;;;
MTTBPEM;;USU_INCL;char;8;;;
MTTBPEM;;DTA_INCL;char;8;;;
MTTBPEM;;NUMIDT;char;14;;;
MTTBPEM;;DESC1;varchar;1000;;;
MTTBPEM;;DESC2;varchar;1000;;;
MTTBPEM;;DESC3;varchar;1000;;;
MTTBPEM;;DESC4;varchar;1000;;;
MTTBPEM;;DESC5;varchar;1000;;;
MTTBPEMP;;fk_codemp_emp;smallint;2;;;
MTTBPEMP;;parametro;varchar;500;;;
MTTBPEMP;;valor;varchar;1500;;;
MTTBPEP;;CODEMP;smallint;2;;;
MTTBPEP;;REGIAO;smallint;2;;;
MTTBPEP;;NUCLEO;smallint;2;;;
MTTBPEP;;CONTRATO;char;10;;;
MTTBPEP;;SEQ;smallint;2;;;
MTTBPEP;;DTVENC;char;8;;;
MTTBPEP;;DTPAG;char;8;;;
MTTBPEP;;VLPAG;float;8;;;
MTTBPEP;;DESCRICAO;char;10;;;
MTTBPEP;;OBS;char;200;;;
MTTBPEP;;USUCAD;char;10;;;
MTTBPEP;;DATACAD;char;8;;;
MTTBPEP;;HORACAD;char;6;;;
MTTBPFB;;CODEMP;smallint;2;;;
MTTBPFB;;LAYOUT;smallint;2;;;
MTTBPFB;;TIPOREG;smallint;2;;;
MTTBPFB;;DESCRICAO;varchar;30;;;
MTTBPFB;;SEQTIPO;smallint;2;;;
MTTBPFB;;A_POSINI;smallint;2;;;
MTTBPFB;;A_TAMANHO;smallint;2;;;
MTTBPFB;;A_CAMPO;varchar;15;;;
MTTBPFB;;B_IDFCAMPO;varchar;15;;;
MTTBPFB;;B_TIPOCAMPO;smallint;2;;;
MTTBPFB;;B_CONTEUDO;varchar;100;;;
MTTBPFB;;B_FORMATO;smallint;2;;;
MTTBPFU;;CODFIN;smallint;2;;;
MTTBPFU;;DESCRICAO;char;80;;;
MTTBPGA;;CODEMP;smallint;2;;;
MTTBPGA;;GRUPO;smallint;2;;;
MTTBPGA;;DESCRICAO;char;50;;;
MTTBPGA;;AGD_INICIAL;char;50;;;
MTTBPGA;;SITUACAO;int;4;;;
MTTBPGA;;PART_FLUXO;char;1;;;
MTTBPGA;;PERFIS;char;40;;;
MTTBPGA;;EMAIL;char;60;;;
MTTBPGA;;CODIGO_PROC;smallint;2;;;
MTTBPGA;;CTR_PROCESSO;char;1;;;
MTTBPGD;;Codigo;smallint;2;;;
MTTBPGD;;Item;varchar;500;;;
MTTBPGD;;Descricao;varchar;1000;;;
MTTBPGD;;Sigla;char;5;;;
MTTBPGRD;;codigo;int;4;;;
MTTBPGRD;;descricao;varchar;255;;;
MTTBPIDC;;codigo;int;4;;;
MTTBPIDC;;descricao;varchar;255;;;
MTTBPIDC;;sequencial;smallint;2;;;
MTTBPIDC;;identificador;varchar;5;;;
MTTBPIDC;;obrigatorio;bit;1;;;
MTTBPIN;;CODEMP;smallint;2;;;
MTTBPIN;;OPCAO;char;1;;;
MTTBPIN;;FX1_MENOR;int;4;;;
MTTBPIN;;FX1_MAIOR;int;4;;;
MTTBPIN;;FX2_MENOR;int;4;;;
MTTBPIN;;FX2_MAIOR;int;4;;;
MTTBPIN;;FX3_MENOR;int;4;;;
MTTBPIN;;FX3_MAIOR;int;4;;;
MTTBPIN;;FX4_MENOR;int;4;;;
MTTBPIN;;FX4_MAIOR;int;4;;;
MTTBPIN;;FX5_MENOR;int;4;;;
MTTBPIN;;FX5_MAIOR;int;4;;;
MTTBPIN;;FX6_MENOR;int;4;;;
MTTBPIN;;FX6_MAIOR;int;4;;;
MTTBPIN;;FX7_MENOR;int;4;;;
MTTBPIN;;FX7_MAIOR;int;4;;;
MTTBPIN;;FX8_MENOR;int;4;;;
MTTBPIN;;FX8_MAIOR;int;4;;;
MTTBPIN;;FX9_MENOR;int;4;;;
MTTBPIN;;FX9_MAIOR;int;4;;;
MTTBPIN;;FX10_MENOR;int;4;;;
MTTBPIN;;FX10_MAIOR;int;4;;;
MTTBPLA;;CODEMP;smallint;2;;;
MTTBPLA;;REGIAO;smallint;2;;;
MTTBPLA;;NUCLEO;smallint;2;;;
MTTBPLA;;CONTRATO;char;10;;;
MTTBPLA;;ACORDO;smallint;2;;;
MTTBPLA;;TIPOREG;smallint;2;;;
MTTBPLA;;PREST;smallint;2;;;
MTTBPLA;;VENCTO;char;8;;;
MTTBPLA;;ENCARGO;float;8;;;
MTTBPLA;;ATUALIZ;float;8;;;
MTTBPLA;;JURMORA;float;8;;;
MTTBPLA;;JURREM;float;8;;;
MTTBPLA;;DTPAGTO;char;8;;;
MTTBPLA;;VALORPG;float;8;;;
MTTBPLA;;DIFEREN;float;8;;;
MTTBPLA;;OUTROS_1;float;8;;;
MTTBPLA;;OUTROS_2;float;8;;;
MTTBPLA;;OUTROS_3;float;8;;;
MTTBPLA;;DOCPAGTO;char;20;;;
MTTBPLG;;CodEmp;int;4;;;
MTTBPLG;;Regiao;int;4;;;
MTTBPLG;;Nucleo;int;4;;;
MTTBPLG;;Contrato;varchar;10;;;
MTTBPLG;;Sequencia;int;4;;;
MTTBPLG;;SeqLinha;decimal;9;;;
MTTBPLG;;Registro;varchar;140;;;
MTTBPLR;;CODEMP;smallint;2;;;
MTTBPLR;;REGIAO;smallint;2;;;
MTTBPLR;;NUCLEO;smallint;2;;;
MTTBPLR;;CONTRATO;char;10;;;
MTTBPLR;;DTA_RETRO;char;8;;;
MTTBPLR;;HRA_RETRO;char;6;;;
MTTBPLR;;TIP_RETRO;char;1;;;
MTTBPLR;;SEQ_RETRO;smallint;2;;;
MTTBPLR;;SEQ_LINHA;smallint;2;;;
MTTBPLR;;LINHA_IMP;char;150;;;
MTTBPLV;;CODEMP;smallint;2;;;
MTTBPLV;;NUCPAD;char;6;;;
MTTBPLV;;DESCRICAO;char;20;;;
MTTBPLV;;TIPO;smallint;2;;;
MTTBPLV;;COMP_SA;smallint;2;;;
MTTBPLV;;COMP_QT;smallint;2;;;
MTTBPLV;;COMP_GR;smallint;2;;;
MTTBPLV;;COMP_WC;smallint;2;;;
MTTBPLV;;COMP_SV;smallint;2;;;
MTTBPLV;;COMP_CZ;smallint;2;;;
MTTBPLV;;COMP_VR;smallint;2;;;
MTTBPLV;;COMP_SL;smallint;2;;;
MTTBPLV;;COMP_OU;smallint;2;;;
MTTBPLV;;AREA_CONST;float;8;;;
MTTBPLV;;AREA_UTIL;float;8;;;
MTTBPLV;;FRAC_IDEAL;float;8;;;
MTTBPLV;;DT_FINANC;char;8;;;
MTTBPLV;;DT_PREST1;char;8;;;
MTTBPLV;;VLR_VENDA;float;8;;;
MTTBPLV;;VLR_FINANC;float;8;;;
MTTBPLV;;PRAZO;smallint;2;;;
MTTBPLV;;TX_JUROS;float;8;;;
MTTBPLV;;PLANO;smallint;2;;;
MTTBPLV;;TX_JUR_CEF;float;8;;;
MTTBPLV;;MES_REAJ;smallint;2;;;
MTTBPMD;;CODEMP;smallint;2;;;
MTTBPMD;;COD_PROG;smallint;2;;;
MTTBPMD;;COD_MUN;int;4;;;
MTTBPMD;;COD_DISTR;int;4;;;
MTTBPMD;;FLG_CAD;smallint;2;;;
MTTBPMG;;CODEMP;smallint;2;;;
MTTBPMG;;CODMSG;smallint;2;;;
MTTBPMG;;DESCRICAO;char;80;;;
MTTBPMO;;CODEMP;smallint;2;;;
MTTBPMO;;MOEDA_PRT;char;3;;;
MTTBPMO;;FX1_PRT_MEN;float;8;;;
MTTBPMO;;FX1_PRT_MAI;float;8;;;
MTTBPMO;;FX2_PRT_MEN;float;8;;;
MTTBPMO;;FX2_PRT_MAI;float;8;;;
MTTBPMO;;FX3_PRT_MEN;float;8;;;
MTTBPMO;;FX3_PRT_MAI;float;8;;;
MTTBPMO;;FX4_PRT_MEN;float;8;;;
MTTBPMO;;FX4_PRT_MAI;float;8;;;
MTTBPMO;;FX5_PRT_MEN;float;8;;;
MTTBPMO;;FX5_PRT_MAI;float;8;;;
MTTBPMO;;FX6_PRT_MEN;float;8;;;
MTTBPMO;;FX6_PRT_MAI;float;8;;;
MTTBPMO;;FX7_PRT_MEN;float;8;;;
MTTBPMO;;FX7_PRT_MAI;float;8;;;
MTTBPMO;;FX8_PRT_MEN;float;8;;;
MTTBPMO;;FX8_PRT_MAI;float;8;;;
MTTBPMO;;FX9_PRT_MEN;float;8;;;
MTTBPMO;;FX9_PRT_MAI;float;8;;;
MTTBPMO;;FX10_PRT_MEN;float;8;;;
MTTBPMO;;FX10_PRT_MAI;float;8;;;
MTTBPMO;;MOEDA_SLD;char;3;;;
MTTBPMO;;FX1_SLD_MEN;float;8;;;
MTTBPMO;;FX1_SLD_MAI;float;8;;;
MTTBPMO;;FX2_SLD_MEN;float;8;;;
MTTBPMO;;FX2_SLD_MAI;float;8;;;
MTTBPMO;;FX3_SLD_MEN;float;8;;;
MTTBPMO;;FX3_SLD_MAI;float;8;;;
MTTBPMO;;FX4_SLD_MEN;float;8;;;
MTTBPMO;;FX4_SLD_MAI;float;8;;;
MTTBPMO;;FX5_SLD_MEN;float;8;;;
MTTBPMO;;FX5_SLD_MAI;float;8;;;
MTTBPMO;;FX6_SLD_MEN;float;8;;;
MTTBPMO;;FX6_SLD_MAI;float;8;;;
MTTBPMO;;FX7_SLD_MEN;float;8;;;
MTTBPMO;;FX7_SLD_MAI;float;8;;;
MTTBPMO;;FX8_SLD_MEN;float;8;;;
MTTBPMO;;FX8_SLD_MAI;float;8;;;
MTTBPMO;;FX9_SLD_MEN;float;8;;;
MTTBPMO;;FX9_SLD_MAI;float;8;;;
MTTBPMO;;FX10_SLD_MEN;float;8;;;
MTTBPMO;;FX10_SLD_MAI;float;8;;;
MTTBPMSMS;;codigo;int;4;;;
MTTBPMSMS;;CODEMP;int;4;;;
MTTBPMSMS;;CODSMS;int;4;;;
MTTBPMSMS;;DESCRICAO;varchar;50;;;
MTTBPMSMS;;QTDPRTINI;int;4;;;
MTTBPMSMS;;QTDPRTFIN;int;4;;;
MTTBPMSMS;;PERENVIO;int;4;;;
MTTBPMSMS;;DATAINCL;char;8;;;
MTTBPMSMS;;HORAINCL;char;8;;;
MTTBPMSMS;;USRINCL;char;8;;;
MTTBPMSMS;;DataExcl;char;8;;;
MTTBPMSMS;;HORAEXCL;char;8;;;
MTTBPMSMS;;USREXCL;char;8;;;
MTTBPNC;;CodEmp;smallint;2;;;
MTTBPNC;;Regiao;smallint;2;;;
MTTBPNC;;QtdeDiasPrimeiraProjecao;smallint;2;;;
MTTBPNC;;QtdeDiasDemaisProjecoes;smallint;2;;;
MTTBPNC;;SituacaoNotificacaoGerada;varchar;3;;;
MTTBPNC;;SituacaoNotificacaoEnviada;varchar;3;;;
MTTBPNC;;QuantidadeDiasAtraso;int;4;;;
MTTBPNOF;;codigo;int;4;;;
MTTBPNOF;;descricao;varchar;-1;;;
MTTBPPC;;CodEmp;smallint;2;;;
MTTBPPC;;CodPsq;smallint;2;;;
MTTBPPC;;Titulo;char;25;;;
MTTBPPC;;Descricao;char;200;;;
MTTBPPC;;DtaCobr;char;8;;;
MTTBPPC;;SitContr;smallint;2;;;
MTTBPPC;;FaixaAtraso;smallint;2;;;
MTTBPPC;;FaixaInic1;float;8;;;
MTTBPPC;;FaixaFin1;float;8;;;
MTTBPPC;;FaixaInic2;float;8;;;
MTTBPPC;;FaixaFin2;float;8;;;
MTTBPPC;;Exibir;smallint;2;;;
MTTBPPC;;RegiaoInic;smallint;2;;;
MTTBPPC;;RegiaoFin;smallint;2;;;
MTTBPPC;;NucleoInic;smallint;2;;;
MTTBPPC;;NucleoFin;smallint;2;;;
MTTBPPC;;TipoCobr;smallint;2;;;
MTTBPPC;;ArgCobr;varchar;500;;;
MTTBPPC;;TipoContr;smallint;2;;;
MTTBPPC;;ArgContr;varchar;500;;;
MTTBPPC;;PrestIntercalada;smallint;2;;;
MTTBPPC;;SemAgendaCobr;smallint;2;;;
MTTBPPC;;DesprezarSitExcl;smallint;2;;;
MTTBPPC;;SelMunicipio;smallint;2;;;
MTTBPPC;;CodMunic;int;4;;;
MTTBPPC;;SelRegional;smallint;2;;;
MTTBPPC;;CodRegional;smallint;2;;;
MTTBPPCF;;codigo;int;4;;;
MTTBPPCF;;descricao;varchar;150;;;
MTTBPPF;;CODEMP;smallint;2;;;
MTTBPPF;;CODIGO_PLANO;smallint;2;;;
MTTBPPF;;PVP_DTA_INIC;char;8;;;
MTTBPPF;;PVP_DTA_FIN;char;8;;;
MTTBPPF;;SIGLA;char;20;;;
MTTBPPF;;DESCRICAO;char;30;;;
MTTBPPF;;TIPO_OPER;char;1;;;
MTTBPPF;;SIST_AMORTIZ;char;1;;;
MTTBPPF;;USO_DO_CES;char;1;;;
MTTBPPF;;SREAJ_PERIOD;char;1;;;
MTTBPPF;;SREAJ_MOEDA;char;3;;;
MTTBPPF;;SCSD_PERIOD;char;1;;;
MTTBPPF;;SCSD_MOEDA;char;3;;;
MTTBPPF;;VENC_PREST;smallint;2;;;
MTTBPPF;;VMPRES_MOEDA;char;3;;;
MTTBPPF;;VMPRES_QTDE;float;8;;;
MTTBPPF;;CAR_TIPO;char;1;;;
MTTBPPF;;CAR_NUM_MES;smallint;2;;;
MTTBPPF;;FLG_REPACTUA;char;1;;;
MTTBPPF;;FLG_REV_REAJ;char;1;;;
MTTBPPF;;FLG_LIM_1331;smallint;2;;;
MTTBPPF;;QTD_CON;int;4;;;
MTTBPPF;;CODINDREAJ;char;5;;;
MTTBPPF;;CODCORSAL;char;5;;;
MTTBPPF;;DEF_REAJ;smallint;2;;;
MTTBPPF;;DEF_CORR;smallint;2;;;
MTTBPPF1;;CODEMP;smallint;2;;;
MTTBPPF1;;CODIGO_PLANO;smallint;2;;;
MTTBPPF1;;PVP_DTA_INIC;char;8;;;
MTTBPPF1;;PVP_DTA_FIN;char;8;;;
MTTBPPF1;;SIGLA;char;20;;;
MTTBPPF1;;DESCRICAO;char;30;;;
MTTBPPF1;;TIPO_OPER;char;1;;;
MTTBPPF1;;SIST_AMORTIZ;char;1;;;
MTTBPPF1;;USO_DO_CES;char;1;;;
MTTBPPF1;;SREAJ_PERIOD;char;1;;;
MTTBPPF1;;SREAJ_MOEDA;char;3;;;
MTTBPPF1;;SCSD_PERIOD;char;1;;;
MTTBPPF1;;SCSD_MOEDA;char;3;;;
MTTBPPF1;;VENC_PREST;smallint;2;;;
MTTBPPF1;;VMPRES_MOEDA;char;3;;;
MTTBPPF1;;VMPRES_QTDE;float;8;;;
MTTBPPF1;;CAR_TIPO;char;1;;;
MTTBPPF1;;CAR_NUM_MES;smallint;2;;;
MTTBPPF1;;FLG_REPACTUA;char;1;;;
MTTBPPF1;;FLG_REV_REAJ;char;1;;;
MTTBPPF1;;FLG_LIM_1331;smallint;2;;;
MTTBPPF1;;QTD_CON;int;4;;;
MTTBPPF1;;CODINDREAJ;char;5;;;
MTTBPPF1;;CODCORSAL;char;5;;;
MTTBPPMR;;codigo;int;4;;;
MTTBPPMR;;motivo_negativa;text;16;;;
MTTBPPMR;;resposta_recurso;text;16;;;
MTTBPPMR;;sequencia_resposta;smallint;2;;;
MTTBPRC;;CODEMP;smallint;2;;;
MTTBPRC;;REGIAO;smallint;2;;;
MTTBPRC;;NUCLEO;smallint;2;;;
MTTBPRC;;CONTRATO;char;10;;;
MTTBPRC;;CAMPANHA;smallint;2;;;
MTTBPRC;;CGCCPF;char;14;;;
MTTBPRC;;FISJUR;smallint;2;;;
MTTBPRC;;NOME;char;35;;;
MTTBPRC;;ENDERECO;char;45;;;
MTTBPRC;;COMPLEMENTO;char;15;;;
MTTBPRC;;BAIRRO;char;15;;;
MTTBPRC;;CIDADE;char;15;;;
MTTBPRC;;UF;char;2;;;
MTTBPRC;;NUMCEP;int;4;;;
MTTBPRC;;SUFCEP;smallint;2;;;
MTTBPRC;;DTNASC;char;8;;;
MTTBPRC;;CODNAC;smallint;2;;;
MTTBPRC;;ESTCIV;smallint;2;;;
MTTBPRC;;NUMIDENT;char;14;;;
MTTBPRC;;ORGIDENT;char;8;;;
MTTBPRC;;PROCURACAO;char;30;;;
MTTBPRC;;LAVRATURA;char;8;;;
MTTBPRC;;LIVRO;char;30;;;
MTTBPRC;;FOLHA;char;30;;;
MTTBPRC;;CARTORIO;char;140;;;
MTTBPRC;;OUTORGANTE;char;140;;;
MTTBPRC;;COMARCA;char;140;;;
MTTBPRC;;CATEG;int;4;;;
MTTBPRC;;SUBCATEG;int;4;;;
MTTBPRCA;;CODEMP;smallint;2;;;
MTTBPRCA;;REGIAO;smallint;2;;;
MTTBPRCA;;NUCLEO;smallint;2;;;
MTTBPRCA;;CONTRATO;char;10;;;
MTTBPRCA;;AGENCIA;float;8;;;
MTTBPRCA;;DATA_EMISS;char;8;;;
MTTBPRCA;;NUMREC;char;8;;;
MTTBPRCA;;DATA_VENC;char;8;;;
MTTBPRCA;;DESCRICAO;varchar;120;;;
MTTBPRE;;CODEMP;smallint;2;;;
MTTBPRE;;COD_REN_EMP;smallint;2;;;
MTTBPRE;;COD_REN_SIS;smallint;2;;;
MTTBPRE;;SIGLA_REN;char;12;;;
MTTBPRE;;DESC_REN_EMP;char;50;;;
MTTBPRE;;DESC_REN_SIS;char;30;;;
MTTBPRE;;DESC_LEG_EMP;char;50;;;
MTTBPRE;;INI_VALIDADE;char;8;;;
MTTBPRE;;FIM_VALIDADE;char;8;;;
MTTBPRE;;FLAG_VL_REN;char;1;;;
MTTBPRE;;FLAG_PRAZO;char;1;;;
MTTBPRE;;FLAG_TXA_JUR;char;1;;;
MTTBPRE;;FLAG_SIST_AM;char;1;;;
MTTBPRE;;FLAG_SIST_RE;char;1;;;
MTTBPRE;;FLAG_SIST_CO;char;1;;;
MTTBPRE;;FLAG_CES;char;1;;;
MTTBPRE;;FLAG_DT_REAJ;char;1;;;
MTTBPRE;;FLAG_VL_PRES;char;1;;;
MTTBPRE;;FLAG_PERC_RE;char;1;;;
MTTBPRE;;FLAG_TAXAS;char;1;;;
MTTBPRE;;FLAG_COD_CTB;char;1;;;
MTTBPRE;;FLAG_DIA_VEN;char;1;;;
MTTBPRE;;FLAG_CAT_PRO;char;1;;;
MTTBPRE;;FLAG_MES_DIS;char;1;;;
MTTBPRE;;FLAG_TP_OPC;char;1;;;
MTTBPRE;;FLAG_SEG;char;1;;;
MTTBPRE;;FLAG_REPAC;smallint;2;;;
MTTBPRE;;FLAG_CAREN;char;1;;;
MTTBPRE;;FLAG_JUR_PRO;char;1;;;
MTTBPRE;;FLAG_MUL_MOR;char;1;;;
MTTBPRE;;QTD_CON;int;4;;;
MTTBPRE;;FLAG_REINI_PRE;smallint;2;;;
MTTBPRE;;FLAG_REF;char;1;;;
MTTBPRE;;CLASSE;char;80;;;
MTTBPRE;;DESC_RENEG;char;1000;;;
MTTBPRE;;FLG_CESSAO;int;4;;;
MTTBPRE;;CNPJ;char;14;;;
MTTBPRE1;;CODEMP;smallint;2;;;
MTTBPRE1;;COD_REN_EMP;smallint;2;;;
MTTBPRE1;;COD_REN_SIS;smallint;2;;;
MTTBPRE1;;SIGLA_REN;char;12;;;
MTTBPRE1;;DESC_REN_EMP;char;50;;;
MTTBPRE1;;DESC_REN_SIS;char;30;;;
MTTBPRE1;;DESC_LEG_EMP;char;50;;;
MTTBPRE1;;INI_VALIDADE;char;8;;;
MTTBPRE1;;FIM_VALIDADE;char;8;;;
MTTBPRE1;;FLAG_VL_REN;char;1;;;
MTTBPRE1;;FLAG_PRAZO;char;1;;;
MTTBPRE1;;FLAG_TXA_JUR;char;1;;;
MTTBPRE1;;FLAG_SIST_AM;char;1;;;
MTTBPRE1;;FLAG_SIST_RE;char;1;;;
MTTBPRE1;;FLAG_SIST_CO;char;1;;;
MTTBPRE1;;FLAG_CES;char;1;;;
MTTBPRE1;;FLAG_DT_REAJ;char;1;;;
MTTBPRE1;;FLAG_VL_PRES;char;1;;;
MTTBPRE1;;FLAG_PERC_RE;char;1;;;
MTTBPRE1;;FLAG_TAXAS;char;1;;;
MTTBPRE1;;FLAG_COD_CTB;char;1;;;
MTTBPRE1;;FLAG_DIA_VEN;char;1;;;
MTTBPRE1;;FLAG_CAT_PRO;char;1;;;
MTTBPRE1;;FLAG_MES_DIS;char;1;;;
MTTBPRE1;;FLAG_TP_OPC;char;1;;;
MTTBPRE1;;FLAG_SEG;char;1;;;
MTTBPRE1;;FLAG_REPAC;smallint;2;;;
MTTBPRE1;;FLAG_CAREN;char;1;;;
MTTBPRE1;;FLAG_JUR_PRO;char;1;;;
MTTBPRE1;;FLAG_MUL_MOR;char;1;;;
MTTBPRE1;;QTD_CON;int;4;;;
MTTBPRF;;DATA_BASE;char;8;;;
MTTBPRF;;CODEMP;smallint;2;;;
MTTBPRF;;REGIAO;smallint;2;;;
MTTBPRF;;NUCLEO;smallint;2;;;
MTTBPRF;;CONTRATO;char;10;;;
MTTBPRF;;CGCCPF;char;14;;;
MTTBPRF;;DATA_ASS;char;8;;;
MTTBPRF;;VAL_FIN;float;8;;;
MTTBPRF;;TAXA_JUR;float;8;;;
MTTBPRF;;DIA_VENC;char;2;;;
MTTBPRF;;ORIG_REC;smallint;2;;;
MTTBPRF;;CODCAUCAO;char;11;;;
MTTBPRF;;FLG_COB_FCVS;smallint;2;;;
MTTBPRF;;FLG_INTERC;smallint;2;;;
MTTBPRF;;PRAZO_TOT;smallint;2;;;
MTTBPRF;;NUM_PREST;smallint;2;;;
MTTBPRF;;SALDO_DEV;float;8;;;
MTTBPRF;;SALDO_97222;float;8;;;
MTTBPRF;;CORR_INTEGR;float;8;;;
MTTBPRF;;CORR_PRORAT;float;8;;;
MTTBPRF;;CORR_AAPROP;float;8;;;
MTTBPRF;;CORR_DIABASE;char;2;;;
MTTBPRF;;CORR_INDEX;char;3;;;
MTTBPRF;;CORR_PERIOD;char;1;;;
MTTBPRF;;JUROS_PRORAT;float;8;;;
MTTBPRF;;ENC_AMORT;float;8;;;
MTTBPRF;;ENC_JUR_ANT;float;8;;;
MTTBPRF;;ENC_JUR_ATU;float;8;;;
MTTBPRF;;ENC_SEG;float;8;;;
MTTBPRF;;ENC_TAXAS;float;8;;;
MTTBPRF;;ENC_FCVS;float;8;;;
MTTBPRF;;ENC_DIF_MEN;float;8;;;
MTTBPRF;;ENC_DIF_MAI;float;8;;;
MTTBPRF;;ENC_TOTAL;float;8;;;
MTTBPRF;;ENC_SUBS;float;8;;;
MTTBPRF;;ENC_OUTROS;float;8;;;
MTTBPRF;;ENC_FGT_COTA;float;8;;;
MTTBPRF;;ENC_FGT_SOBR;float;8;;;
MTTBPRF;;ENC_PRO_MOR;float;8;;;
MTTBPRF;;ENC_LIQUIDO;float;8;;;
MTTBPRF;;ENC_DIA_ATRS;smallint;2;;;
MTTBPRF;;ENC_PRT_ATRS;smallint;2;;;
MTTBPRF;;ENC_COB_ESP;smallint;2;;;
MTTBPRF;;PREST_ESPEC;float;8;;;
MTTBPRF;;DATA_PRT_ESP;char;8;;;
MTTBPRF;;RECEB_MES1;float;8;;;
MTTBPRF;;RECEB_MES2;float;8;;;
MTTBPRF;;RECEB_MES3;float;8;;;
MTTBPRF;;EMIT_MES1;float;8;;;
MTTBPRF;;EMIT_MES2;float;8;;;
MTTBPRF;;EMIT_MES3;float;8;;;
MTTBPRF;;JUROS_CONTR;float;8;;;
MTTBPRF;;JUROS_1520;float;8;;;
MTTBPRF;;FLG_RES1;char;1;;;
MTTBPRF;;FLG_RES2;char;1;;;
MTTBPRF;;FLG_RES3;char;1;;;
MTTBPRF;;FLG_RES4;smallint;2;;;
MTTBPRF;;FLG_RES5;smallint;2;;;
MTTBPRF;;FLG_RES6;smallint;2;;;
MTTBPRF;;COD_MUNICIP;char;5;;;
MTTBPRF;;NOME_MUNICIP;char;40;;;
MTTBPRF;;UF;char;2;;;
MTTBPRF;;FLG_SEG_CRED;smallint;2;;;
MTTBPRFD;;codigo;int;4;;;
MTTBPRFD;;descricao;varchar;255;;;
MTTBPRH;;CODEMP;smallint;2;;;
MTTBPRH;;COD_PROG;smallint;2;;;
MTTBPRH;;DESCR_PROG;char;100;;;
MTTBPRH;;ORIG_REC;smallint;2;;;
MTTBPRH;;RENDA_MIN;float;8;;;
MTTBPRH;;RENDA_MAX;float;8;;;
MTTBPRH;;PERC_REN_MIN;float;8;;;
MTTBPRH;;PERC_REN_MAX;float;8;;;
MTTBPRH;;VAL_IMOV_MIN;float;8;;;
MTTBPRH;;VAL_IMOV_MAX;float;8;;;
MTTBPRH;;PERC_FIN_MIN;float;8;;;
MTTBPRH;;PERC_FIN_MAX;float;8;;;
MTTBPRH;;PRAZO_MIN;smallint;2;;;
MTTBPRH;;PRAZO_MAX;smallint;2;;;
MTTBPRH;;TX_JUR_MIN;float;8;;;
MTTBPRH;;TX_JUR_MAX;float;8;;;
MTTBPRH;;AREA_IMO_MIN;float;8;;;
MTTBPRH;;AREA_IMO_MAX;float;8;;;
MTTBPRH;;IDADE_MIN;int;4;;;
MTTBPRH;;IDADE_MAX;int;4;;;
MTTBPRH;;QTD_REF;float;8;;;
MTTBPRH;;VAL_SUBSD;float;8;;;
MTTBPRH;;CODMOD;smallint;2;;;
MTTBPRH;;TX_DIF_JUR_MUT;float;8;;;
MTTBPRH;;TX_DIF_JUR_CEF;float;8;;;
MTTBPRH;;DT_INICIO;char;8;;;
MTTBPRH;;DT_TERMINO;char;8;;;
MTTBPRH;;ORIGEM_IMOV;char;5;;;
MTTBPRH;;TX_RISCO;float;8;;;
MTTBPRH;;LIM_RENDA_FAM_TX_ADM;float;8;;;
MTTBPRH;;TX_DESC_TX_ADM;float;8;;;
MTTBPRH;;PRZ_MAX_LIB_PARC;smallint;2;;;
MTTBPRH;;RED_JUR_TEMPO_FGTS;float;8;;;
MTTBPRH;;TP_FGTS_MIN;smallint;2;;;
MTTBPRH;;LIM_SUBS_CEF_VAL;float;8;;;
MTTBPRH;;LIM_SUBS_CEF_PERC_SALDO;float;8;;;
MTTBPRH;;VAL_TX_ADM;float;8;;;
MTTBPRH;;LIM_VAL_TX_ADM;float;8;;;
MTTBPRL;;CODEMP;smallint;2;;;
MTTBPRL;;COD_APLIC;smallint;2;;;
MTTBPRL;;COD_REL;smallint;2;;;
MTTBPRL;;TIPO_REG;smallint;2;;;
MTTBPRL;;SEQ;smallint;2;;;
MTTBPRL;;ARG1;char;100;;;
MTTBPRL;;ARG2;char;100;;;
MTTBPRL;;ARG3;char;100;;;
MTTBPRL;;ARG4;char;100;;;
MTTBPRL;;ARG5;char;100;;;
MTTBPRL;;ARG6;char;100;;;
MTTBPRL;;ARG7;char;100;;;
MTTBPRO;;COD_PROF;smallint;2;;;
MTTBPRO;;TITULO_PROF;char;200;;;
MTTBPRP;;CODEMP;smallint;2;;;
MTTBPRP;;REGIAO;smallint;2;;;
MTTBPRP;;NUCLEO;smallint;2;;;
MTTBPRP;;CONTRATO;char;10;;;
MTTBPRP;;NOME;char;100;;;
MTTBPRP;;DESCRICAO;char;200;;;
MTTBPRP;;VALOR;char;1000;;;
MTTBPRP;;TIPO;smallint;2;;;
MTTBPRT;;FX_INICIAL;smallint;2;;;
MTTBPRT;;FX_FINAL;smallint;2;;;
MTTBPRT;;PERC;float;8;;;
MTTBPSDS;;codigo;smallint;2;;;
MTTBPSDS;;descricao;varchar;150;;;
MTTBPSE;;CODEMP;smallint;2;;;
MTTBPSE;;CODSEG;smallint;2;;;
MTTBPSE;;PLANO_SEG;smallint;2;;;
MTTBPSE;;DESCRICAO;char;30;;;
MTTBPSE;;TIPO_SEG;char;1;;;
MTTBPSE;;MIP_FXA1;smallint;2;;;
MTTBPSE;;MIP_IND1;float;8;;;
MTTBPSE;;MIP_FXA2;smallint;2;;;
MTTBPSE;;MIP_IND2;float;8;;;
MTTBPSE;;MIP_FXA3;smallint;2;;;
MTTBPSE;;MIP_IND3;float;8;;;
MTTBPSE;;MIP_FXA4;smallint;2;;;
MTTBPSE;;MIP_IND4;float;8;;;
MTTBPSE;;MIP_FXA5;smallint;2;;;
MTTBPSE;;MIP_IND5;float;8;;;
MTTBPSE;;MIP_FXA6;smallint;2;;;
MTTBPSE;;MIP_IND6;float;8;;;
MTTBPSE;;DFI_IND;float;8;;;
MTTBPSE;;FLG_DFI_VAL;char;1;;;
MTTBPSE;;DTA_LIM_AVAL;char;8;;;
MTTBPSE;;VAL_LIM_AVAL;float;8;;;
MTTBPSE;;QTD_SEG;int;4;;;
MTTBPSE;;MIP_FXA0;int;4;;;
MTTBPSE;;MIP_FXA7;smallint;2;;;
MTTBPSE;;MIP_IND7;float;8;;;
MTTBPSE;;MIP_FXA8;smallint;2;;;
MTTBPSE;;MIP_IND8;float;8;;;
MTTBPSE;;MIP_FXA9;smallint;2;;;
MTTBPSE;;MIP_IND9;float;8;;;
MTTBPSE;;MIP_FXA10;smallint;2;;;
MTTBPSE;;MIP_IND10;float;8;;;
MTTBPSE;;MIP_FXA11;smallint;2;;;
MTTBPSE;;MIP_IND11;float;8;;;
MTTBPSE;;MIP_FXA12;smallint;2;;;
MTTBPSE;;MIP_IND12;float;8;;;
MTTBPSE;;MIP_FXA13;smallint;2;;;
MTTBPSE;;MIP_IND13;float;8;;;
MTTBPSE;;MIP_FXA14;smallint;2;;;
MTTBPSE;;MIP_IND14;float;8;;;
MTTBPSE;;MIP_FXA15;smallint;2;;;
MTTBPSE;;MIP_IND15;float;8;;;
MTTBPSE;;MIP_FXA16;smallint;2;;;
MTTBPSE;;MIP_IND16;float;8;;;
MTTBPSE;;MIP_FXA17;smallint;2;;;
MTTBPSE;;MIP_IND17;float;8;;;
MTTBPSE;;MIP_FXA18;smallint;2;;;
MTTBPSE;;MIP_IND18;float;8;;;
MTTBPSE;;MIP_FXA19;smallint;2;;;
MTTBPSE;;MIP_IND19;float;8;;;
MTTBPSE;;MIP_FXA20;smallint;2;;;
MTTBPSE;;MIP_IND20;float;8;;;
MTTBPSE;;IOF_MIP;float;8;;;
MTTBPSE;;IOF_DFI;float;8;;;
MTTBPSE;;DTA_APOLICE;char;8;;;
MTTBPSE;;TP_RECALC_FX;smallint;2;;;
MTTBPSE;;DT_RECALC_FX;char;8;;;
MTTBPSE;;MIP_PerRecalc;smallint;2;;;
MTTBPSE;;DFI_PerRecalc;smallint;2;;;
MTTBPSOF;;codigo;smallint;2;;;
MTTBPSOF;;descricao;varchar;150;;;
MTTBPSP;;CODEMP;smallint;2;;;
MTTBPSP;;REGIAO;smallint;2;;;
MTTBPSP;;NUCLEO;smallint;2;;;
MTTBPSP;;CONTRATO;char;10;;;
MTTBPSP;;P_DIVIDA;float;8;;;
MTTBPSP;;P1_NUM_REC;char;8;;;
MTTBPSP;;P1_DATA_VENC;char;8;;;
MTTBPSP;;P1_VL_PARC;float;8;;;
MTTBPSP;;P1_VL_DESC;float;8;;;
MTTBPSP;;P1_VL_TAXA;float;8;;;
MTTBPSP;;P1_DATA_PGTO;char;8;;;
MTTBPSP;;P1_VL_PAGO;float;8;;;
MTTBPSP;;P2_NUM_REC;char;8;;;
MTTBPSP;;P2_DATA_VENC;char;8;;;
MTTBPSP;;P2_VL_PARC;float;8;;;
MTTBPSP;;P2_VL_DESC;float;8;;;
MTTBPSP;;P2_VL_TAXA;float;8;;;
MTTBPSP;;P2_DATA_PGTO;char;8;;;
MTTBPSP;;P2_VL_PAGO;float;8;;;
MTTBPSP;;P3_NUM_REC;char;8;;;
MTTBPSP;;P3_DATA_VENC;char;8;;;
MTTBPSP;;P3_VL_PARC;float;8;;;
MTTBPSP;;P3_VL_DESC;float;8;;;
MTTBPSP;;P3_VL_TAXA;float;8;;;
MTTBPSP;;P3_DATA_PGTO;char;8;;;
MTTBPSP;;P3_VL_PAGO;float;8;;;
MTTBPSP;;P_STATUS1;char;1;;;
MTTBPSP;;P_STATUS2;char;1;;;
MTTBPSP;;P4_NUM_REC;char;8;;;
MTTBPSP;;P4_DATA_VENC;char;8;;;
MTTBPSP;;P4_VL_PARC;float;8;;;
MTTBPSP;;P4_VL_DESC;float;8;;;
MTTBPSP;;P4_VL_TAXA;float;8;;;
MTTBPSP;;P4_DATA_PGTO;char;8;;;
MTTBPSP;;P4_VL_PAGO;float;8;;;
MTTBPSP;;P5_NUM_REC;char;8;;;
MTTBPSP;;P5_DATA_VENC;char;8;;;
MTTBPSP;;P5_VL_PARC;float;8;;;
MTTBPSP;;P5_VL_DESC;float;8;;;
MTTBPSP;;P5_VL_TAXA;float;8;;;
MTTBPSP;;P5_DATA_PGTO;char;8;;;
MTTBPSP;;P5_VL_PAGO;float;8;;;
MTTBPSP;;P6_NUM_REC;char;8;;;
MTTBPSP;;P6_DATA_VENC;char;8;;;
MTTBPSP;;P6_VL_PARC;float;8;;;
MTTBPSP;;P6_VL_DESC;float;8;;;
MTTBPSP;;P6_VL_TAXA;float;8;;;
MTTBPSP;;P6_DATA_PGTO;char;8;;;
MTTBPSP;;P6_VL_PAGO;float;8;;;
MTTBPSP;;P7_NUM_REC;char;8;;;
MTTBPSP;;P7_DATA_VENC;char;8;;;
MTTBPSP;;P7_VL_PARC;float;8;;;
MTTBPSP;;P7_VL_DESC;float;8;;;
MTTBPSP;;P7_VL_TAXA;float;8;;;
MTTBPSP;;P7_DATA_PGTO;char;8;;;
MTTBPSP;;P7_VL_PAGO;float;8;;;
MTTBPSP;;P8_NUM_REC;char;8;;;
MTTBPSP;;P8_DATA_VENC;char;8;;;
MTTBPSP;;P8_VL_PARC;float;8;;;
MTTBPSP;;P8_VL_DESC;float;8;;;
MTTBPSP;;P8_VL_TAXA;float;8;;;
MTTBPSP;;P8_DATA_PGTO;char;8;;;
MTTBPSP;;P8_VL_PAGO;float;8;;;
MTTBPSP;;P9_NUM_REC;char;8;;;
MTTBPSP;;P9_DATA_VENC;char;8;;;
MTTBPSP;;P9_VL_PARC;float;8;;;
MTTBPSP;;P9_VL_DESC;float;8;;;
MTTBPSP;;P9_VL_TAXA;float;8;;;
MTTBPSP;;P9_DATA_PGTO;char;8;;;
MTTBPSP;;P9_VL_PAGO;float;8;;;
MTTBPSP;;P10_NUM_REC;char;8;;;
MTTBPSP;;P10_DATA_VEN;char;8;;;
MTTBPSP;;P10_VL_PARC;float;8;;;
MTTBPSP;;P10_VL_DESC;float;8;;;
MTTBPSP;;P10_VL_TAXA;float;8;;;
MTTBPSP;;P10_DATA_PGT;char;8;;;
MTTBPSP;;P10_VL_PAGO;float;8;;;
MTTBPSP;;P11_NUM_REC;char;8;;;
MTTBPSP;;P11_DATA_VEN;char;8;;;
MTTBPSP;;P11_VL_PARC;float;8;;;
MTTBPSP;;P11_VL_DESC;float;8;;;
MTTBPSP;;P11_VL_TAXA;float;8;;;
MTTBPSP;;P11_DATA_PGT;char;8;;;
MTTBPSP;;P11_VL_PAGO;float;8;;;
MTTBPSP;;P12_NUM_REC;char;8;;;
MTTBPSP;;P12_DATA_VEN;char;8;;;
MTTBPSP;;P12_VL_PARC;float;8;;;
MTTBPSP;;P12_VL_DESC;float;8;;;
MTTBPSP;;P12_VL_TAXA;float;8;;;
MTTBPSP;;P12_DATA_PGT;char;8;;;
MTTBPSP;;P12_VL_PAGO;float;8;;;
MTTBPSPC;;CODEMP;smallint;2;;;
MTTBPSPC;;SPC_NOTIF;smallint;2;;;
MTTBPSPC;;SPC_ENVIO;smallint;2;;;
MTTBPSPC;;SPC_INCL;smallint;2;;;
MTTBPSPC;;SPC_EXCL;smallint;2;;;
MTTBPSPC;;SEQ_UNIC_EMP;int;4;;;
MTTBPSPC;;SEQ_UNIC_ENV;int;4;;;
MTTBPSPC;;QTD_PREST_AB;smallint;2;;;
MTTBPSPC;;ANOS;smallint;2;;;
MTTBPSTR;;codigo;smallint;2;;;
MTTBPSTR;;status;varchar;50;;;
MTTBPTC;;DR_REGIAO;char;5;;;
MTTBPTC;;CEP_INICIAL;int;4;;;
MTTBPTC;;CEP_FINAL;int;4;;;
MTTBPTC;;EXC;char;1;;;
MTTBPTC;;IND_ETIQ;char;50;;;
MTTBPTC;;AM_CENTR;char;50;;;
MTTBPTPD;;codigo;int;4;;;
MTTBPTPD;;descricao;varchar;255;;;
MTTBPTPR;;codigo;smallint;2;;;
MTTBPTPR;;descricao;varchar;50;;;
MTTBPUH;;UNIDADE_HABITACIONAL;char;20;;;
MTTBPUH;;TIPO_UNIDADE;smallint;2;;;
MTTBPUH;;AREA_PRIVATIVA;float;8;;;
MTTBPUH;;AREA_COMUM;float;8;;;
MTTBPUH;;AREA_TERRENO;float;8;;;
MTTBPUH;;AREA_AUX1;float;8;;;
MTTBPUH;;AREA_AUX2;float;8;;;
MTTBPUH;;AREA_AUX3;float;8;;;
MTTBPUH;;DTA_INCLUSAO;char;8;;;
MTTBPUH;;HOR_INCLUSAO;char;8;;;
MTTBPUH;;USU_INCLUSAO;char;8;;;
MTTBPUH;;DTA_ALTER;char;8;;;
MTTBPUH;;HOR_ALTER;char;8;;;
MTTBPUH;;USU_ALTER;char;8;;;
MTTBPVI;;CODEMP;smallint;2;;;
MTTBPVI;;NUM_PROC;char;20;;;
MTTBPVI;;NUM_PROC_VIN;char;20;;;
MTTBPVI;;OBS_PROC_VIN;char;250;;;
MTTBPVI;;FLG_RES1;char;1;;;
MTTBPVI;;FLG_RES2;char;1;;;
MTTBPVI;;FLG_RES3;char;1;;;
MTTBPVI;;FLG_RES4;smallint;2;;;
MTTBPVI;;FLG_RES5;smallint;2;;;
MTTBPVI;;FLG_RES6;smallint;2;;;
MTTBPVI;;DTA_INCLUSAO;char;8;;;
MTTBPVI;;HOR_INCLUSAO;char;8;;;
MTTBPVI;;USU_INCLUSAO;char;8;;;
MTTBPVI;;DTA_ALTER;char;8;;;
MTTBPVI;;HOR_ALTER;char;8;;;
MTTBPVI;;USU_ALTER;char;8;;;
MTTBPWD;;CODEMP;smallint;2;;;
MTTBPWD;;CODUSR;char;8;;;
MTTBPWD;;PSWUSR01;char;8;;;
MTTBPWD;;PSWUSR02;char;8;;;
MTTBPWD;;PSWUSR03;char;8;;;
MTTBPWD;;PSWUSR04;char;8;;;
MTTBPWD;;PSWUSR05;char;8;;;
MTTBPWD;;PSWUSR06;char;8;;;
MTTBPWD;;PSWUSR07;char;8;;;
MTTBPWD;;PSWUSR08;char;8;;;
MTTBPWD;;PSWUSR09;char;8;;;
MTTBPWD;;PSWUSR10;char;8;;;
MTTBPWD;;PSWUSR11;char;8;;;
MTTBPWD;;PSWUSR12;char;8;;;
MTTBPWD;;PSWUSR13;char;8;;;
MTTBPWD;;INDICE;smallint;2;;;
MTTBRAD;;CODEMP;smallint;2;;;
MTTBRAD;;CODRAD;smallint;2;;;
MTTBRAD;;CODMUN;int;4;;;
MTTBRAD;;DESCRICAO;char;60;;;
MTTBRBP;;CODEMP;smallint;2;;;
MTTBRBP;;CODEPD;smallint;2;;;
MTTBRBP;;UNIDADE;char;10;;;
MTTBRBP;;TIPOPAR;smallint;2;;;
MTTBRBP;;NUMPAR;smallint;2;;;
MTTBRBP;;DATA_VENC;char;8;;;
MTTBRBP;;VALOR_PAR;float;8;;;
MTTBRBP;;VALOR_ATUAL;float;8;;;
MTTBRBP;;DATA_PGTO;char;8;;;
MTTBRBP;;VALOR_PAGO;float;8;;;
MTTBRBP;;VALOR_ATPG;float;8;;;
MTTBRBP;;VALOR_MOPG;float;8;;;
MTTBRBU;;CODEMP;smallint;2;;;
MTTBRBU;;CODEPD;smallint;2;;;
MTTBRBU;;UNIDADE;char;10;;;
MTTBRBU;;DESCR;char;50;;;
MTTBRBU;;CGCCPF;char;14;;;
MTTBRBU;;TIPOPESSOA;char;1;;;
MTTBRBU;;COMPRADOR;char;35;;;
MTTBRBU;;DATA_VENDA;char;8;;;
MTTBRBU;;VALOR_AVAL;float;8;;;
MTTBRBU;;VALOR_VENDA;float;8;;;
MTTBRBU;;TX_JURMOR;float;8;;;
MTTBRBU;;CODIND;char;5;;;
MTTBRBU;;AREA_M2;float;8;;;
MTTBRBU;;DATA_DESL;char;8;;;
MTTBRBU;;VALOR_DESL;float;8;;;
MTTBRBU;;ANUENCIA;smallint;2;;;
MTTBRBU;;REPASSE;smallint;2;;;
MTTBRDC;;COD_RF_DOC;int;4;;;
MTTBRDC;;DESCRICAO;char;500;;;
MTTBRDC;;TP_DOC;char;510;;;
MTTBRDC;;DESCRICAO_CURTA;varchar;80;;;
MTTBRDM;;CODEMP;smallint;2;;;
MTTBRDM;;REGIAO;smallint;2;;;
MTTBRDM;;NUCLEO;smallint;2;;;
MTTBRDM;;CONTRATO;char;10;;;
MTTBRDM;;DTA_AVAL;char;8;;;
MTTBRDM;;VAL_AVAL;float;8;;;
MTTBRDM;;DTA_SINPOPPG;char;8;;;
MTTBRDM;;VAL_SINPOPPG;float;8;;;
MTTBRDM;;DTA_SINPOPAB;char;8;;;
MTTBRDM;;VAL_SINPOPAB;float;8;;;
MTTBRDM;;DTA_PARPOPPG;char;8;;;
MTTBRDM;;VAL_PARPOPPG;float;8;;;
MTTBRDM;;DTA_PARPOPAB;char;8;;;
MTTBRDM;;VAL_PARPOPAB;float;8;;;
MTTBRDM;;ACCSEQ;char;20;;;
MTTBREA;;CODEMP;smallint;2;;;
MTTBREA;;PERIOD_REA;char;6;;;
MTTBREA;;PER_EVOL;char;8;;;
MTTBREA;;FLG_TIPO;smallint;2;;;
MTTBREA;;PLANO;smallint;2;;;
MTTBREA;;DESC_PLANO;char;20;;;
MTTBREA;;PERIODO;char;1;;;
MTTBREA;;MES_REAJ;smallint;2;;;
MTTBREA;;DISSIDIO;smallint;2;;;
MTTBREA;;OPCAO;smallint;2;;;
MTTBREA;;INDICE;float;8;;;
MTTBREA;;CATEGORIA;char;8;;;
MTTBREA;;CAT_TIPO;smallint;2;;;
MTTBREA;;SEQCON;char;17;;;
MTTBREA;;NOME;char;35;;;
MTTBREA;;QT_CON;smallint;2;;;
MTTBREC;;SEQUENCIAL;char;8;;;
MTTBREC;;NUM_PRT;char;3;;;
MTTBREC;;CODEMP;smallint;2;;;
MTTBREC;;REGIAO;smallint;2;;;
MTTBREC;;NUCLEO;smallint;2;;;
MTTBREC;;CONTRATO;char;10;;;
MTTBREC;;DATA_EMIS;char;8;;;
MTTBREC;;DATA_VENC;char;8;;;
MTTBREC;;DATA_PRORROG;char;8;;;
MTTBREC;;VLR_ATUAL;float;8;;;
MTTBREC;;VLR_MORA;float;8;;;
MTTBREC;;VLR_JUR_REM;float;8;;;
MTTBREC;;VLR_MULTA;float;8;;;
MTTBREC;;VLR_TARIFA;float;8;;;
MTTBREC;;VLR_TOTAL;float;8;;;
MTTBREC;;TIPO_EMISS;char;1;;;
MTTBREC;;TIPO_ARREC;char;1;;;
MTTBREC;;FLG_COB_TERC;smallint;2;;;
MTTBREC;;FLG_TP_MORA;smallint;2;;;
MTTBREC;;FLG_REC_PAGO;smallint;2;;;
MTTBREC;;COD_RENG;int;4;;;
MTTBREC;;COD_DAMP;int;4;;;
MTTBREC;;CGC_CPF;char;14;;;
MTTBREC;;DESC_MOR_ANT;float;8;;;
MTTBREC;;DESC_MORA;float;8;;;
MTTBREC;;DESC_ATU_MON;float;8;;;
MTTBREC;;DESC_JUR_REM;float;8;;;
MTTBREC;;DESC_MULTA;float;8;;;
MTTBREC;;DESC_QUIT;float;8;;;
MTTBREC;;DESC_PONTUAL;float;8;;;
MTTBREC;;VLR_REC_FGTS;float;8;;;
MTTBREC;;VLR_REC_OUTR;float;8;;;
MTTBREC;;VLR_RES1;float;8;;;
MTTBREC;;VLR_RES2;float;8;;;
MTTBREC;;VLR_RES3;float;8;;;
MTTBREC;;FLG_RES1;int;4;;;
MTTBREC;;FLG_RES2;int;4;;;
MTTBREC;;FLG_RES3;int;4;;;
MTTBREC;;TIPO_IMPRESSAO;smallint;2;;;
MTTBREF;;CODEMP;smallint;2;;;
MTTBREF;;SEQ_TABELA;smallint;2;;;
MTTBREF;;SGH_TABELA;char;10;;;
MTTBREF;;SEQ_GRUPO;smallint;2;;;
MTTBREF;;DESCR_GRUPO;char;25;;;
MTTBREF;;SEQ_CAMPO;smallint;2;;;
MTTBREF;;TIPO_DADO;char;3;;;
MTTBREF;;CAMPO_TABELA;char;15;;;
MTTBREF;;DESCR_CAMPO;char;25;;;
MTTBREF;;FORMA_EXIBIC;char;3;;;
MTTBREF;;FORMATO_MASC;char;30;;;
MTTBREF;;OBSERV;char;50;;;
MTTBREG;;CodEmp;smallint;2;;;
MTTBREG;;Regiao;smallint;2;;;
MTTBREG;;Descricao;char;25;;;
MTTBREG;;POUP_REF;smallint;2;;;
MTTBREG;;FLAG_REF;char;1;;;
MTTBREL;;CODEMP;smallint;2;;;
MTTBREL;;CODIGO;int;4;;;
MTTBREL;;FUNCAO;char;20;;;
MTTBREL;;NOME;char;50;;;
MTTBREL;;TIPO_INFO;smallint;2;;;
MTTBREL;;ARG_001;char;50;;;
MTTBREL;;ARG_002;char;50;;;
MTTBREL;;ARG_003;char;50;;;
MTTBREL;;ARG_004;char;50;;;
MTTBREL;;ARG_005;char;50;;;
MTTBREL;;ARG_006;char;50;;;
MTTBREL;;ARG_007;char;50;;;
MTTBREL;;ARG_008;char;50;;;
MTTBREL;;ARG_009;char;50;;;
MTTBREL;;ARG_010;char;50;;;
MTTBREL;;ARG_011;char;50;;;
MTTBREL;;ARG_012;char;50;;;
MTTBREL;;ARG_013;char;50;;;
MTTBREL;;ARG_014;char;50;;;
MTTBREL;;ARG_015;char;50;;;
MTTBREL;;ARG_016;char;50;;;
MTTBREL;;ARG_017;char;50;;;
MTTBREL;;ARG_018;char;50;;;
MTTBREL;;ARG_019;char;50;;;
MTTBREL;;ARG_020;char;50;;;
MTTBREL;;ARG_021;char;50;;;
MTTBREL;;ARG_022;char;50;;;
MTTBREL;;ARG_023;char;50;;;
MTTBREL;;ARG_024;char;50;;;
MTTBREL;;ARG_025;char;50;;;
MTTBREL;;ARG_026;char;50;;;
MTTBREL;;ARG_027;char;50;;;
MTTBREL;;ARG_028;char;50;;;
MTTBREL;;ARG_029;char;50;;;
MTTBREL;;ARG_030;char;50;;;
MTTBREL;;ARG_031;char;50;;;
MTTBREL;;ARG_032;char;50;;;
MTTBREL;;ARG_033;char;50;;;
MTTBREL;;ARG_034;char;50;;;
MTTBREL;;ARG_035;char;50;;;
MTTBREL;;ARG_036;char;50;;;
MTTBREL;;ARG_037;char;50;;;
MTTBREL;;ARG_038;char;50;;;
MTTBREL;;ARG_039;char;50;;;
MTTBREL;;ARG_040;char;50;;;
MTTBREL;;ARG_041;char;50;;;
MTTBREL;;ARG_042;char;50;;;
MTTBREL;;ARG_043;char;50;;;
MTTBREL;;ARG_044;char;50;;;
MTTBREL;;ARG_045;char;50;;;
MTTBREL;;ARG_046;char;50;;;
MTTBREL;;ARG_047;char;50;;;
MTTBREL;;ARG_048;char;50;;;
MTTBREL;;ARG_049;char;50;;;
MTTBREL;;ARG_050;char;50;;;
MTTBREL;;ARG_051;char;50;;;
MTTBREL;;ARG_052;char;50;;;
MTTBREL;;ARG_053;char;50;;;
MTTBREL;;ARG_054;char;50;;;
MTTBREL;;ARG_055;char;50;;;
MTTBREL;;ARG_056;char;50;;;
MTTBREL;;ARG_057;char;50;;;
MTTBREL;;ARG_058;char;50;;;
MTTBREL;;ARG_059;char;50;;;
MTTBREL;;ARG_060;char;50;;;
MTTBREL;;ARG_061;char;50;;;
MTTBREL;;ARG_062;char;50;;;
MTTBREL;;ARG_063;char;50;;;
MTTBREL;;ARG_064;char;50;;;
MTTBREL;;ARG_065;char;50;;;
MTTBREL;;ARG_066;char;50;;;
MTTBREL;;ARG_067;char;50;;;
MTTBREL;;ARG_068;char;50;;;
MTTBREL;;ARG_069;char;50;;;
MTTBREL;;ARG_070;char;50;;;
MTTBREL;;ARG_071;char;50;;;
MTTBREL;;ARG_072;char;50;;;
MTTBREL;;ARG_073;char;50;;;
MTTBREL;;ARG_074;char;50;;;
MTTBREL;;ARG_075;char;50;;;
MTTBREL;;ARG_076;char;50;;;
MTTBREL;;ARG_077;char;50;;;
MTTBREL;;ARG_078;char;50;;;
MTTBREL;;ARG_079;char;50;;;
MTTBREL;;ARG_080;char;50;;;
MTTBREL;;ARG_081;char;50;;;
MTTBREL;;ARG_082;char;50;;;
MTTBREL;;ARG_083;char;50;;;
MTTBREL;;ARG_084;char;50;;;
MTTBREL;;ARG_085;char;50;;;
MTTBREL;;ARG_086;char;50;;;
MTTBREL;;ARG_087;char;50;;;
MTTBREL;;ARG_088;char;50;;;
MTTBREL;;ARG_089;char;50;;;
MTTBREL;;ARG_090;char;50;;;
MTTBREL;;ARG_091;char;50;;;
MTTBREL;;ARG_092;char;50;;;
MTTBREL;;ARG_093;char;50;;;
MTTBREL;;ARG_094;char;50;;;
MTTBREL;;ARG_095;char;50;;;
MTTBREL;;ARG_096;char;50;;;
MTTBREL;;ARG_097;char;50;;;
MTTBREL;;ARG_098;char;50;;;
MTTBREL;;ARG_099;char;50;;;
MTTBREL;;ARG_100;char;50;;;
MTTBREM;;CODEMP;smallint;2;;;
MTTBREM;;DATA_EMIS;char;8;;;
MTTBREM;;SEQ;smallint;2;;;
MTTBREM;;NUMREC;char;8;;;
MTTBREM;;REGIAO;smallint;2;;;
MTTBREM;;NUCLEO;smallint;2;;;
MTTBREM;;CONTRATO;char;10;;;
MTTBREM;;DATA_VENC;char;8;;;
MTTBREM;;VALOR;float;8;;;
MTTBREM;;REGISTRO;char;500;;;
MTTBREM;;HORA_EMIS;char;8;;;
MTTBREV;;CODEMP;smallint;2;;;
MTTBREV;;COD;smallint;2;;;
MTTBREV;;DESCRICAO;char;33;;;
MTTBREV;;PLANO;smallint;2;;;
MTTBRFC;;CODEMP;smallint;2;;;
MTTBRFC;;REGIAO;smallint;2;;;
MTTBRFC;;NUCLEO;smallint;2;;;
MTTBRFC;;CONTRATO;char;10;;;
MTTBRFC;;DATA_EVENTO;char;8;;;
MTTBRFC;;DATA_CONSOLI;char;8;;;
MTTBRFC;;TIPO_EVENTO;char;3;;;
MTTBRFC;;ORI_REC_TIPO;smallint;2;;;
MTTBRFC;;SALDO_TEOR;float;8;;;
MTTBRFC;;SLD_TEOR_ATU;float;8;;;
MTTBRFC;;SALDO_PROR;float;8;;;
MTTBRFC;;SLD_PROR_ATU;float;8;;;
MTTBRFC;;VAL_FCVS;float;8;;;
MTTBRFC;;VAL_AGENTE;float;8;;;
MTTBRFC;;VAL_MUTUAR;float;8;;;
MTTBRFC;;PRT_VAL_PXN;float;8;;;
MTTBRFC;;FCV_BASICO;float;8;;;
MTTBRFC;;FCV_COMPL;float;8;;;
MTTBRFC;;FCV_RESIDUO;float;8;;;
MTTBRFC;;IND_PROR_PXN;float;8;;;
MTTBRFC;;FCV_JUROS;float;8;;;
MTTBRFC;;MUT_JUROS;float;8;;;
MTTBRFC;;RES_JUROS;float;8;;;
MTTBRFC;;PART_CEF;float;8;;;
MTTBRFC;;TAXA_JUR;float;8;;;
MTTBRFC;;TAXA_JUR_EFT;float;8;;;
MTTBRFC;;DD_ULT_PRT;smallint;2;;;
MTTBRFC;;DD_EVENTO;smallint;2;;;
MTTBRFC;;IND_PROR_SLD;float;8;;;
MTTBRFC;;IND_PROR_CON;float;8;;;
MTTBRFC;;SALDO_VAF4;float;8;;;
MTTBRFC;;SALDO_VF4ATU;float;8;;;
MTTBRFC;;FCV_VAF4;float;8;;;
MTTBRFC;;IND_VAF4_IDC;float;8;;;
MTTBRFC;;IND_VAF4_IDP;float;8;;;
MTTBRFC;;TAXA_JUR_VF4;float;8;;;
MTTBRFC;;IND_VAF4_IJC;float;8;;;
MTTBRFC;;VAF4_122001;float;8;;;
MTTBRFC;;SD_PROR_CONT;float;8;;;
MTTBRFC;;FCV_JUROS_POS;float;8;;;
MTTBRFC;;DATU_SAL_DEV_VAF12_RET;float;8;;;
MTTBRFC;;DATU_SAL_DEV_VAF3_RET;float;8;;;
MTTBRFC;;DATU_SAL_DEV_VAF4_RET;float;8;;;
MTTBRFC;;DATU_DTA_BAS_VAF1234_RET;char;8;;;
MTTBRFC;;SALDO_CONTR;float;8;;;
MTTBRFC;;SALDO_CONTR_ATU;float;8;;;
MTTBRFC;;TAXA_JUROS_CONTR;float;8;;;
MTTBRFG;;CODEMP;smallint;2;;;
MTTBRFG;;DATA_COMP;char;6;;;
MTTBRFG;;EMITIDO;float;8;;;
MTTBRFG;;CANCELADO;float;8;;;
MTTBRFG;;RECEBIDO;float;8;;;
MTTBRFG;;CANC_RECEB;float;8;;;
MTTBRFG;;RESID_GERAD;float;8;;;
MTTBRFG;;CANC_GERAD;float;8;;;
MTTBRFG;;RESID_UTILIZ;float;8;;;
MTTBRFG;;CANC_UTILIZ;float;8;;;
MTTBRFG;;EXCLUIDO;float;8;;;
MTTBRFG;;REATIVADO;float;8;;;
MTTBRFG;;UTILIZ_ANTEC;float;8;;;
MTTBRFG;;CANC_ANTEC;float;8;;;
MTTBRFG;;ATUAL_MONET;float;8;;;
MTTBRFG;;CANC_MONET;float;8;;;
MTTBRFG;;SALDO_ATUAL;float;8;;;
MTTBRFI;;CODEMP;smallint;2;;;
MTTBRFI;;REGIAO;smallint;2;;;
MTTBRFI;;NUCLEO;smallint;2;;;
MTTBRFI;;CONTRATO;char;10;;;
MTTBRFI;;SEQUENCIAL;char;8;;;
MTTBRFI;;DT_REFINANC;char;8;;;
MTTBRFI;;VL_TOTAL;float;8;;;
MTTBRFI;;VL_ATRASO;float;8;;;
MTTBRFI;;VL_JTP;float;8;;;
MTTBRFI;;VL_CORR;float;8;;;
MTTBRFI;;NV_PRAZO;smallint;2;;;
MTTBRFI;;DTU_CORR;char;8;;;
MTTBRFI;;DTP_CORR;char;8;;;
MTTBRFI;;ATLZ_ATRASO;float;8;;;
MTTBRFI;;MORA_ATRASO;float;8;;;
MTTBRFI;;MULTA_ATRASO;float;8;;;
MTTBRFI;;DATA_CONTAB;char;8;;;
MTTBRFI;;DATA_COMP;char;8;;;
MTTBRFI;;DIA_VENC;char;2;;;
MTTBRFI;;VALAUX1;float;8;;;
MTTBRFI;;VALAUX2;float;8;;;
MTTBRFI;;VALAUX3;float;8;;;
MTTBRFI;;QTDE_PATRASO;smallint;2;;;
MTTBRFI;;FLG_SIT;char;3;;;
MTTBRLT;;CODEMP;smallint;2;;;
MTTBRLT;;REGIAO;smallint;2;;;
MTTBRLT;;NUCLEO;smallint;2;;;
MTTBRLT;;CONTRATO;char;10;;;
MTTBRLT;;SEQUENCIA;smallint;2;;;
MTTBRLT;;SUB_SEQ;smallint;2;;;
MTTBRLT;;DATA_HIST;char;8;;;
MTTBRLT;;DESCRICAO;char;249;;;
MTTBRLT;;USR_INC;char;8;;;
MTTBRLT;;DATA_INC;char;8;;;
MTTBRLT;;HORA_INC;char;8;;;
MTTBRLT;;USR_ALT;char;8;;;
MTTBRLT;;DATA_ALT;char;8;;;
MTTBRLT;;HORA_ALT;char;8;;;
MTTBRPC;;CODEMP;smallint;2;;;
MTTBRPC;;SEQUENCIA;smallint;2;;;
MTTBRPC;;DTA_INICIO;char;8;;;
MTTBRPC;;RENDA_PERC;float;8;;;
MTTBRPC;;TAXA_JUROS;float;8;;;
MTTBRPC;;TAXA_DESCONT;float;8;;;
MTTBRPC;;USUARIO;char;8;;;
MTTBRPC;;DTA_INCLUSAO;char;8;;;
MTTBRPC;;HOR_INCLUSAO;char;6;;;
MTTBRPV;;RECIBO;char;11;;;
MTTBRPV;;CONTRATO;char;12;;;
MTTBRPV;;DTA_EMISS;char;8;;;
MTTBRPV;;DTA_VENC;char;8;;;
MTTBRPV;;DTA_VALID;char;8;;;
MTTBRQC;;CODEMP;smallint;2;;;
MTTBRQC;;NUMREC;char;8;;;
MTTBRQC;;REGIAO;smallint;2;;;
MTTBRQC;;NUCLEO;smallint;2;;;
MTTBRQC;;CONTRATO;char;10;;;
MTTBRQC;;DATA_VENC;char;8;;;
MTTBRQC;;VAL_SLD;float;8;;;
MTTBRQC;;PDSC_SLD;float;8;;;
MTTBRQC;;VDSC_SLD;float;8;;;
MTTBRQC;;LIQ_SLD;float;8;;;
MTTBRQC;;VAL_PRT;float;8;;;
MTTBRQC;;PDSC_MAN_PRT;float;8;;;
MTTBRQC;;PDSC_MAT_PRT;float;8;;;
MTTBRQC;;PDSC_ATU_PRT;float;8;;;
MTTBRQC;;PDSC_JRE_PRT;float;8;;;
MTTBRQC;;PDSC_MUL_PRT;float;8;;;
MTTBRQC;;PDSC_ENC_PRT;float;8;;;
MTTBRQC;;VDSC_PRT;float;8;;;
MTTBRQC;;LIQ_PRT;float;8;;;
MTTBRQC;;VAL_CC;float;8;;;
MTTBRQC;;PDSC_CC;float;8;;;
MTTBRQC;;VDSC_CC;float;8;;;
MTTBRQC;;LIQ_CC;float;8;;;
MTTBRQC;;VAL_TOT;float;8;;;
MTTBRQC;;VDSC_TOT;float;8;;;
MTTBRQC;;LIQ_TOT;float;8;;;
MTTBRQC;;REC_FGTS_SLD;float;8;;;
MTTBRQC;;REC_OUTR_SLD;float;8;;;
MTTBRQC;;REC_FGTS_PRT;float;8;;;
MTTBRQC;;REC_OUTR_PRT;float;8;;;
MTTBRQC;;REC_FGTS_CC;float;8;;;
MTTBRQC;;REC_OUTR_CC;float;8;;;
MTTBRQC;;VAL_TXA;float;8;;;
MTTBRQC;;LIQ_GER;float;8;;;
MTTBRQC;;VALOR_FMH;float;8;;;
MTTBRQC;;DIFERENCA_FMH;float;8;;;
MTTBRRR;;CodEmp;smallint;2;;;
MTTBRRR;;Regiao;smallint;2;;;
MTTBRRR;;Nucleo;smallint;2;;;
MTTBRRR;;CONTRATO;char;10;;;
MTTBRRR;;DATA_EVM;char;8;;;
MTTBRRR;;VAL_PREST;float;8;;;
MTTBRRR;;NOSSONUMERO;char;15;;;
MTTBRRR;;CODIGOBARRAS;char;50;;;
MTTBRRR;;LINHADIGITAVEL;char;80;;;
MTTBRRR;;RESTO;char;1500;;;
MTTBRSP;;CODEMP;smallint;2;;;
MTTBRSP;;SEQARQ;int;4;;;
MTTBRSP;;DT_ULT_REM;char;8;;;
MTTBSAB;;CODEMP;smallint;2;;;
MTTBSAB;;REGIAO;smallint;2;;;
MTTBSAB;;NUCLEO;smallint;2;;;
MTTBSAB;;CONTRATO;char;10;;;
MTTBSAB;;TIPO;char;2;;;
MTTBSAB;;DTINCLUSAO;char;8;;;
MTTBSAB;;HOINCLUSAO;char;8;;;
MTTBSAB;;DESCRICAO;char;10;;;
MTTBSAB;;QTD;smallint;2;;;
MTTBSAB;;FREQ;smallint;2;;;
MTTBSAB;;DTINICIO;char;8;;;
MTTBSAB;;DTTERMINO;char;8;;;
MTTBSAB;;TIPOREAJ;char;2;;;
MTTBSAB;;DATAREF;char;8;;;
MTTBSAB;;CODINDICE;char;5;;;
MTTBSAB;;DEFASAGEM;smallint;2;;;
MTTBSAB;;VALOR;float;8;;;
MTTBSAB;;COMPSALDO;char;1;;;
MTTBSAB;;USUARIOINC;char;10;;;
MTTBSAB;;DTALTER;char;8;;;
MTTBSAB;;HOALTER;char;8;;;
MTTBSAB;;USUARIOALT;char;10;;;
MTTBSAB;;SITUACAO;char;1;;;
MTTBSAB;;ACCSEQ;char;35;;;
MTTBSAB;;perireaj;smallint;2;;;
MTTBSAL;;CODEMP;smallint;2;;;
MTTBSAL;;REGIAO;smallint;2;;;
MTTBSAL;;NUCLEO;smallint;2;;;
MTTBSAL;;CONTRATO;char;10;;;
MTTBSAL;;TIPO;char;2;;;
MTTBSAL;;DTINCLUSAO;char;8;;;
MTTBSAL;;HOINCLUSAO;char;8;;;
MTTBSAL;;DESCRICAO;char;10;;;
MTTBSAL;;QTD;smallint;2;;;
MTTBSAL;;FREQ;smallint;2;;;
MTTBSAL;;DTINICIO;char;8;;;
MTTBSAL;;DTTERMINO;char;8;;;
MTTBSAL;;TIPOREAJ;char;2;;;
MTTBSAL;;DATAREF;char;8;;;
MTTBSAL;;CODINDICE;char;5;;;
MTTBSAL;;DEFASAGEM;smallint;2;;;
MTTBSAL;;VALOR;float;8;;;
MTTBSAL;;COMPSALDO;char;1;;;
MTTBSAL;;USUARIOINC;char;10;;;
MTTBSAL;;DTALTER;char;8;;;
MTTBSAL;;HOALTER;char;8;;;
MTTBSAL;;USUARIOALT;char;10;;;
MTTBSAL;;SITUACAO;char;1;;;
MTTBSAL;;ACCSEQ;char;35;;;
MTTBSAL;;perireaj;smallint;2;;;
MTTBSC2;;CODEMP;smallint;2;;;
MTTBSC2;;REGIAO;smallint;2;;;
MTTBSC2;;NUCLEO;smallint;2;;;
MTTBSC2;;CONTRATO;char;10;;;
MTTBSC2;;CODSIT;int;4;;;
MTTBSC2;;DATASIT;char;8;;;
MTTBSC2;;USUCAD;char;10;;;
MTTBSC2;;DATACAD;char;8;;;
MTTBSC2;;HORACAD;char;5;;;
MTTBSC2;;DTVALID;varchar;120;;;
MTTBSCC;;CODEMP;smallint;2;;;
MTTBSCC;;REGIAO;smallint;2;;;
MTTBSCC;;NUCLEO;smallint;2;;;
MTTBSCC;;CONTRATO;char;10;;;
MTTBSCC;;DATA_COMP;char;6;;;
MTTBSCC;;DATA_CAD;char;8;;;
MTTBSCC;;SEQ;smallint;2;;;
MTTBSCC;;CODHIST;smallint;2;;;
MTTBSCC;;LIN_CRED;smallint;2;;;
MTTBSCC;;TPLANC;char;1;;;
MTTBSCC;;SALDO;float;8;;;
MTTBSCC;;VENCIDO;float;8;;;
MTTBSCC;;CORR_MES;float;8;;;
MTTBSCC;;PAGO_MES;float;8;;;
MTTBSCC;;EMIT_MES;float;8;;;
MTTBSCC;;ESTOR_MES;float;8;;;
MTTBSCC;;PARC_REM;smallint;2;;;
MTTBSCE;;CODEMP;smallint;2;;;
MTTBSCE;;CODSCRIPT;smallint;2;;;
MTTBSCE;;USUARIO;char;10;;;
MTTBSCE;;DATA;char;8;;;
MTTBSCE;;HORA;char;8;;;
MTTBSCE;;STATUS;char;200;;;
MTTBSCI;;CODEMP;smallint;2;;;
MTTBSCI;;REGIAO;smallint;2;;;
MTTBSCI;;NUCLEO;smallint;2;;;
MTTBSCI;;CONTRATO;char;10;;;
MTTBSCI;;DATA_INC;char;8;;;
MTTBSCI;;USR_INC;char;8;;;
MTTBSCI;;DATA_EXC;char;8;;;
MTTBSCI;;USR_EXC;char;8;;;
MTTBSCI;;SIT_CONTR;smallint;2;;;
MTTBSCS;;COD_BNH;int;4;;;
MTTBSCS;;SUCURSAL;varchar;20;;;
MTTBSCT;;CodEmp;smallint;2;;;
MTTBSCT;;Codigo;int;4;;;
MTTBSCT;;Descricao;char;50;;;
MTTBSCT;;FlgExCob;smallint;2;;;
MTTBSCT;;TIPOTAB;int;4;;;
MTTBSCT;;FlgExcCar;smallint;2;;;
MTTBSCT;;FlgExcSpc;smallint;2;;;
MTTBSCT;;Classe;char;27;;;
MTTBSCT;;DATALIM;char;8;;;
MTTBSCT;;DESCRICAOSIT;char;1000;;;
MTTBSCT;;FLGDESC;smallint;2;;;
MTTBSCT;;FlgExcEscritura;smallint;2;;;
MTTBSCV;;CODEMP;smallint;2;;;
MTTBSCV;;DATA_INCL;char;8;;;
MTTBSCV;;HORA_INCL;char;6;;;
MTTBSCV;;NUM_IMOVEL;int;4;;;
MTTBSCV;;REGIAO;smallint;2;;;
MTTBSCV;;NUCLEO;smallint;2;;;
MTTBSCV;;CONTRATO;char;10;;;
MTTBSCV;;DATA_OPER;char;8;;;
MTTBSCV;;VALOR_OPER;float;8;;;
MTTBSCV;;VALOR_PAGO;float;8;;;
MTTBSCV;;NORMA;smallint;2;;;
MTTBSCV;;MODALIDADE;smallint;2;;;
MTTBSCV;;MOEDA;char;5;;;
MTTBSCV;;SITUACAO;char;3;;;
MTTBSCV;;DATA_CALC;char;8;;;
MTTBSCV;;PERC_DESC;float;8;;;
MTTBSCV;;VAL_ATLZ_OPE;float;8;;;
MTTBSCV;;VAL_ATLZ_PAG;float;8;;;
MTTBSCV;;VAL_ATLZ_DES;float;8;;;
MTTBSCV;;VAL_NOVA_VEN;float;8;;;
MTTBSCV;;USUARIO;char;8;;;
MTTBSE1;;CODEMP;smallint;2;;;
MTTBSE1;;CGCCPF;char;14;;;
MTTBSE1;;FISJUR;smallint;2;;;
MTTBSE1;;NOMTIT;varchar;60;;;
MTTBSE1;;END_TITC;char;45;;;
MTTBSE1;;CPL_ENDC;char;15;;;
MTTBSE1;;BAIRROC;char;15;;;
MTTBSE1;;CIDADEC;char;15;;;
MTTBSE1;;ESTADOC;char;2;;;
MTTBSE1;;COD_CEPC;int;4;;;
MTTBSE1;;CPL_CEPC;smallint;2;;;
MTTBSE1;;CXA_POSC;int;4;;;
MTTBSE1;;DDD_TELC;int;4;;;
MTTBSE1;;NUM_TELC;int;4;;;
MTTBSE1;;RAM_TELC;int;4;;;
MTTBSE1;;DDD_FAXC;int;4;;;
MTTBSE1;;NUM_FAXC;int;4;;;
MTTBSE1;;CODNAC;smallint;2;;;
MTTBSE1;;CODNAT;char;15;;;
MTTBSE1;;CODSEX;smallint;2;;;
MTTBSE1;;ESTCIV;smallint;2;;;
MTTBSE1;;REGCAS;smallint;2;;;
MTTBSE1;;DTANAS;char;8;;;
MTTBSE1;;ATVPRO;smallint;2;;;
MTTBSE1;;NUMIDT;char;14;;;
MTTBSE1;;ORGIDT;char;6;;;
MTTBSE1;;ESTIDT;char;2;;;
MTTBSE1;;FXA_REND;smallint;2;;;
MTTBSE1;;CNJNOM;char;60;;;
MTTBSE1;;CNJCPF;char;11;;;
MTTBSE1;;CODUSR;char;8;;;
MTTBSE1;;DTAIMP;char;8;;;
MTTBSE1;;DTAMOV;char;8;;;
MTTBSE1;;EMISS_CONJUG;smallint;2;;;
MTTBSE1;;CODAGENTE;char;10;;;
MTTBSE1;;EMAIL;char;60;;;
MTTBSE1;;PIS;char;11;;;
MTTBSE1;;PIS_CONJ;char;11;;;
MTTBSE1;;CONS_ORGAO;char;3;;;
MTTBSE1;;CONS_MUNIC;char;3;;;
MTTBSE1;;CONS_SETOR;char;6;;;
MTTBSE1;;CONS_MATR;char;20;;;
MTTBSE1;;LCOB_BANCO;smallint;2;;;
MTTBSE1;;LCOB_AGENCIA;smallint;2;;;
MTTBSE1;;LCOB_CONTA;char;10;;;
MTTBSE1;;LCOB_TIPO_CC;smallint;2;;;
MTTBSE1;;RENDA;float;8;;;
MTTBSE1;;DTA_RENDA;char;8;;;
MTTBSE1;;TIPO_RENDA;smallint;2;;;
MTTBSE1;;OUT_RENDA1;float;8;;;
MTTBSE1;;DTA_RENDA1;char;8;;;
MTTBSE1;;DESCR_RENDA1;char;30;;;
MTTBSE1;;TIPO_RENDA1;smallint;2;;;
MTTBSE1;;OUT_RENDA2;float;8;;;
MTTBSE1;;DTA_RENDA2;char;8;;;
MTTBSE1;;DESCR_RENDA2;char;30;;;
MTTBSE1;;TIPO_RENDA2;smallint;2;;;
MTTBSE1;;TEMPO_FGTS;smallint;2;;;
MTTBSE1;;DT_TEMPO_FGTS;char;8;;;
MTTBSE1;;VALID_TEMPO_FGTS;smallint;2;;;
MTTBSE1;;DT_CASAMENTO;char;8;;;
MTTBSE1;;CONJTIT_CODNAC;smallint;2;;;
MTTBSE1;;CONJTIT_NUMIDT;char;14;;;
MTTBSE1;;CONJTIT_ORGIDT;char;6;;;
MTTBSE1;;CONJTIT_ESTIDT;char;2;;;
MTTBSE1;;CONJTIT_ATVPRO;smallint;2;;;
MTTBSE1;;CONJ_RENDA;float;8;;;
MTTBSE1;;CONJ_DTA_RENDA;char;8;;;
MTTBSE1;;CONJ_TIPO_RENDA;smallint;2;;;
MTTBSE1;;CONJ_OUT_RENDA1;float;8;;;
MTTBSE1;;CONJ_DTA_RENDA1;char;8;;;
MTTBSE1;;CONJ_DESCR_RENDA1;char;30;;;
MTTBSE1;;CONJ_TIPO_RENDA1;smallint;2;;;
MTTBSE1;;CONJ_OUT_RENDA2;float;8;;;
MTTBSE1;;CONJ_DTA_RENDA2;char;8;;;
MTTBSE1;;CONJ_DESCR_RENDA2;char;30;;;
MTTBSE1;;CONJ_TIPO_RENDA2;smallint;2;;;
MTTBSE1;;RNE;char;25;;;
MTTBSE1;;RNE_CONJ;char;25;;;
MTTBSE1;;NATURAL_CONJ;char;15;;;
MTTBSE1;;DATA_EMI_IDT;char;8;;;
MTTBSE1;;POLIT_EXPO;smallint;2;;;
MTTBSE1;;NOME_MAE;char;60;;;
MTTBSE1;;NOME_PAI;char;60;;;
MTTBSE1;;VAL_PATRI;float;8;;;
MTTBSE1;;DATA_VAL_PATRI;char;8;;;
MTTBSE1;;NOM_REP_LEGAL2;char;60;;;
MTTBSE1;;CPF_REP_LEGAL2;char;11;;;
MTTBSE1;;NOM_REP_LEGAL3;char;60;;;
MTTBSE1;;CPF_REP_LEGAL3;char;11;;;
MTTBSE1;;DDD_CELULAR;int;4;;;
MTTBSE1;;NUM_CELULAR;int;4;;;
MTTBSE1;;AUTORIZANOMESOCIAL;int;4;;;
MTTBSE1;;NOME_SOCIAL;char;60;;;
MTTBSE1;;DATA_AUTORIZA;char;8;;;
MTTBSE1;;NOME_ORIGINAL;char;60;;;
MTTBSE1;;FLG_DEFIC;smallint;2;;;
MTTBSE1;;OBS_DEFIC;varchar;200;;;
MTTBSE1;;CODPCD;varchar;30;;;
MTTBSE1;;CODCID;varchar;100;;;
MTTBSE1;;VULNERABILIDADE;varchar;30;;;
MTTBSE1;;FALECIDO;smallint;2;;;
MTTBSE1;;DATA_MORTE;varchar;8;;;
MTTBSE1;;FLG_IDT;smallint;2;;;
MTTBSE1;;FLG_IDT_CNJ;smallint;2;;;
MTTBSE2;;CODEMP;smallint;2;;;
MTTBSE2;;CLIENTE_UNIC;int;4;;;
MTTBSE2;;FISJUR;smallint;2;;;
MTTBSE2;;CGC_CPF;char;14;;;
MTTBSE2;;NOME_CLIENTE;varchar;60;;;
MTTBSE2;;DTA_NASC;char;8;;;
MTTBSE2;;CODSEX;smallint;2;;;
MTTBSE2;;NUMIDT;char;14;;;
MTTBSE2;;ORGIDT;char;10;;;
MTTBSE2;;ESTIDT;char;2;;;
MTTBSE2;;DTA_EXP_IDT;char;8;;;
MTTBSE2;;TITULO_ELEIT;char;15;;;
MTTBSE2;;ZONA;smallint;2;;;
MTTBSE2;;SECAO;smallint;2;;;
MTTBSE2;;CODNAC;smallint;2;;;
MTTBSE2;;NAT_MUNIC;char;25;;;
MTTBSE2;;NAT_UF;char;2;;;
MTTBSE2;;ESTCIV;smallint;2;;;
MTTBSE2;;REGCAS;smallint;2;;;
MTTBSE2;;COD_CONJUGE;int;4;;;
MTTBSE2;;CPFCONJ_TITU;char;11;;;
MTTBSE2;;EMAIL;char;60;;;
MTTBSE2;;CODAGENTE;char;10;;;
MTTBSE2;;LOGRADOURO;char;3;;;
MTTBSE2;;ENDERECO;char;30;;;
MTTBSE2;;NUMERO;char;10;;;
MTTBSE2;;COMPLEMENTO;char;15;;;
MTTBSE2;;BAIRRO;char;15;;;
MTTBSE2;;COD_MUNIC;int;4;;;
MTTBSE2;;MUNICIPIO;char;25;;;
MTTBSE2;;ESTADO;char;2;;;
MTTBSE2;;CEP;char;8;;;
MTTBSE2;;DDD_FONE;int;4;;;
MTTBSE2;;NUMERO_FONE;int;4;;;
MTTBSE2;;RAMAL_FONE;int;4;;;
MTTBSE2;;DDD_FAX;int;4;;;
MTTBSE2;;NUMERO_FAX;int;4;;;
MTTBSE2;;CGCCPF_EMPRE;char;14;;;
MTTBSE2;;DDD_FONE_COM;int;4;;;
MTTBSE2;;NUM_FONE_COM;int;4;;;
MTTBSE2;;RAM_FONE_COM;int;4;;;
MTTBSE2;;DTA_ADMISSAO;char;8;;;
MTTBSE2;;MATRICULA;char;10;;;
MTTBSE2;;PROFISSAO;smallint;2;;;
MTTBSE2;;CARGO;char;30;;;
MTTBSE2;;CATEG_PROFIS;int;4;;;
MTTBSE2;;MES_BASE;char;2;;;
MTTBSE2;;RENDA;float;8;;;
MTTBSE2;;DTA_RENDA;char;8;;;
MTTBSE2;;OUT_RENDA1;float;8;;;
MTTBSE2;;DTA_REND1;char;8;;;
MTTBSE2;;DESCR_RENDA1;char;30;;;
MTTBSE2;;OUT_RENDA2;float;8;;;
MTTBSE2;;DTA_RENDA2;char;8;;;
MTTBSE2;;DESCR_RENDA2;char;30;;;
MTTBSE2;;COD_BANCO_CC;smallint;2;;;
MTTBSE2;;BANCO_CC;char;25;;;
MTTBSE2;;AGENCIA_CC;int;4;;;
MTTBSE2;;TIPO_CC;int;4;;;
MTTBSE2;;NUMERO_CC;int;4;;;
MTTBSE2;;DTA_INCLUSAO;char;8;;;
MTTBSE2;;HOR_INCLUSAO;char;8;;;
MTTBSE2;;USU_INCLUSAO;char;8;;;
MTTBSE2;;DTA_ALTER;char;8;;;
MTTBSE2;;HOR_ALTER;char;8;;;
MTTBSE2;;USU_ALTER;char;8;;;
MTTBSE2;;FLG_USU;char;1;;;
MTTBSE2;;FLG_SIT_CAD;char;3;;;
MTTBSE2;;QTD_DEPEND;smallint;2;;;
MTTBSE2;;ESCOLARIDADE;smallint;2;;;
MTTBSE2;;FLG_DEFIC;smallint;2;;;
MTTBSE2;;OBS_DEFIC;char;200;;;
MTTBSE2;;COND_MORADIA;smallint;2;;;
MTTBSE2;;TIPO_MORADIA;smallint;2;;;
MTTBSE2;;SIT_MORADIA;smallint;2;;;
MTTBSE2;;SIT_SOLO;smallint;2;;;
MTTBSE2;;QTD_COMODO;smallint;2;;;
MTTBSE2;;ANOS_MORADIA;smallint;2;;;
MTTBSE2;;VAL_MENSAL;float;8;;;
MTTBSE2;;TIPO_RENDA;smallint;2;;;
MTTBSE2;;TIPO_RENDA1;smallint;2;;;
MTTBSE2;;TIPO_RENDA2;smallint;2;;;
MTTBSE2;;CAR_RES_ATU;char;3;;;
MTTBSE2;;DDD_CELULAR;int;4;;;
MTTBSE2;;NUM_CELULAR;int;4;;;
MTTBSE2;;VLR_REND_FAM;float;8;;;
MTTBSE2;;VLR_DESP;float;8;;;
MTTBSE2;;PERC_DESP;float;8;;;
MTTBSE2;;VLR_CAP_PAG;float;8;;;
MTTBSE2;;FLG_CPF;smallint;2;;;
MTTBSE2;;FLG_SPC;smallint;2;;;
MTTBSE2;;FLG_SERASA;smallint;2;;;
MTTBSE2;;FLG_CADMUT;smallint;2;;;
MTTBSE2;;FLG_MUT_AGE;smallint;2;;;
MTTBSE2;;FLG_MUT_CEF;smallint;2;;;
MTTBSE2;;FLG_MUT_OUT;smallint;2;;;
MTTBSE2;;SOL_CLIENTE1;char;100;;;
MTTBSE2;;SOL_CLIENTE2;char;100;;;
MTTBSE2;;SOL_CLIENTE3;char;100;;;
MTTBSE2;;SENHA;varchar;32;;;
MTTBSE2;;LEMB_SENHA;char;100;;;
MTTBSE2;;OBS_CONCL;char;250;;;
MTTBSE2;;FLG_SEL_CEF;int;4;;;
MTTBSE2;;FLG_REST_CEF;int;4;;;
MTTBSE2;;FLG_CONTEMP;int;4;;;
MTTBSE2;;DTA_SEL_CEF;char;8;;;
MTTBSE2;;SEQ_SEL_CEF;int;4;;;
MTTBSE2;;PONT_SEL_CEF;float;8;;;
MTTBSE2;;DTA_REST_CEF;char;8;;;
MTTBSE2;;OBS_REST_CEF;char;200;;;
MTTBSE2;;DTA_CONT_CEF;char;8;;;
MTTBSE2;;OBS_CONT_CEF;char;200;;;
MTTBSE2;;ANOS_MORA_UF;int;4;;;
MTTBSE2;;FLG_CAD_PRIN;int;4;;;
MTTBSE2;;CLI_UNI_PROC;int;4;;;
MTTBSE2;;DT_CASAMENTO;char;8;;;
MTTBSE2;;PIS;char;11;;;
MTTBSE2;;PROC_DATA;char;8;;;
MTTBSE2;;PROC_CARTORIO;char;15;;;
MTTBSE2;;PROC_LIVRO;char;8;;;
MTTBSE2;;PROC_FOLHA;char;6;;;
MTTBSE2;;PROC_MATRIC;char;15;;;
MTTBSE2;;PROC_NUMERO;char;10;;;
MTTBSE2;;PROC_COMARCA;char;50;;;
MTTBSE2;;CODINSCR;char;12;;;
MTTBSE2;;EMANCIPADO;smallint;2;;;
MTTBSE2;;NOME_MAE;varchar;60;;;
MTTBSE2;;NOME_PAI;varchar;60;;;
MTTBSE2;;NOME_SOCIAL;varchar;60;;;
MTTBSE2;;APELIDO;varchar;20;;;
MTTBSE2;;COR_RACA;smallint;2;;;
MTTBSE2;;CNH_NUMERO;varchar;12;;;
MTTBSE2;;CNH_CATEG;varchar;5;;;
MTTBSE2;;CNH_UF;char;2;;;
MTTBSE2;;CNH_DTAEXP;char;8;;;
MTTBSE2;;CNH_DTAVAL;char;8;;;
MTTBSE2;;PONTOREF;varchar;50;;;
MTTBSE2;;NEGPROPRIO;smallint;2;;;
MTTBSE2;;BENEFVAL;float;8;;;
MTTBSE2;;BENEFDTA;char;8;;;
MTTBSE2;;BENEFTIPO;smallint;2;;;
MTTBSE2;;CODPCD;varchar;30;;;
MTTBSE2;;CODCID;varchar;100;;;
MTTBSE2;;USOENERGIA;smallint;2;;;
MTTBSE2;;USOAGUA;smallint;2;;;
MTTBSE2;;USOSANITARIO;smallint;2;;;
MTTBSE2;;PROGHAB;smallint;2;;;
MTTBSE2;;POLIT_EXPO;smallint;2;;;
MTTBSE2;;COD_REP2;int;4;;;
MTTBSE2;;COD_REP3;int;4;;;
MTTBSE2;;VAL_PATRI;float;8;;;
MTTBSE2;;DATA_VAL_PATRI;char;8;;;
MTTBSE2;;VAL_FATUR;float;8;;;
MTTBSE2;;DATA_FATUR;char;8;;;
MTTBSE2;;NUM_INSCR;char;30;;;
MTTBSE2;;DATA_INSCR;char;8;;;
MTTBSE2;;NUM_PASS;char;30;;;
MTTBSE2;;VULNERABILIDADE;char;30;;;
MTTBSE2;;CTPS;char;20;;;
MTTBSE2;;FUNC_PUBLICO;int;4;;;
MTTBSE2;;ESFERA_PUBLICA;int;4;;;
MTTBSE2;;AUTORIZANOMESOCIAL;int;4;;;
MTTBSE2;;DATA_AUTORIZA;char;8;;;
MTTBSE2;;NOME_ORIGINAL;char;60;;;
MTTBSEC;;CODEMP;smallint;2;;;
MTTBSEC;;CODSET;char;6;;;
MTTBSEC;;NOME;char;50;;;
MTTBSED;;CODEMP;smallint;2;;;
MTTBSED;;CLIENTE_UNIC;int;4;;;
MTTBSED;;CODIGO_DESP;smallint;2;;;
MTTBSED;;VALOR_DESP;float;8;;;
MTTBSED;;PERC_DESP;float;8;;;
MTTBSED;;DTA_DESP;char;8;;;
MTTBSED;;APRES_DESP;smallint;2;;;
MTTBSEG;;CodEmp;smallint;2;;;
MTTBSEG;;CodUsr;char;8;;;
MTTBSEG;;ClasUsr;char;3;;;
MTTBSEG;;NomUsr;char;35;;;
MTTBSEG;;PswUsr;char;8;;;
MTTBSEG;;FuncUsr;char;15;;;
MTTBSEG;;DtValidade;char;8;;;
MTTBSEG;;codtrz;smallint;2;;;
MTTBSEG;;DtValidSenha;char;8;;;
MTTBSEG;;Impr_Padrao;char;500;;;
MTTBSEG;;CPF;varchar;14;;;
MTTBSEG;;EMAIL;varchar;60;;;
MTTBSFG;;CODEMP;smallint;2;;;
MTTBSFG;;REGIAO;smallint;2;;;
MTTBSFG;;NUCLEO;smallint;2;;;
MTTBSFG;;CONTRATO;char;10;;;
MTTBSFG;;DAMP;int;4;;;
MTTBSFG;;DTA_COMP;char;6;;;
MTTBSFG;;LIN_CRED;smallint;2;;;
MTTBSFG;;QTD_PARC;smallint;2;;;
MTTBSFG;;PAR_UTI;smallint;2;;;
MTTBSFG;;PAR_REM;smallint;2;;;
MTTBSFG;;SAL_TE;float;8;;;
MTTBSFG;;SAL_RES;float;8;;;
MTTBSFG;;QTD_PAR_RES;smallint;2;;;
MTTBSFG;;VAL_PAR_RES;float;8;;;
MTTBSFG;;QTD_PAR_ARES;smallint;2;;;
MTTBSFG;;VAL_PAR_ARES;float;8;;;
MTTBSFG;;FGT_DTU_UTI;char;8;;;
MTTBSFG;;FGT_DTP_UTI;char;8;;;
MTTBSFG;;FGT_FLG_ATIV;smallint;2;;;
MTTBSGU;;CODEMP;smallint;2;;;
MTTBSGU;;CODSEG;smallint;2;;;
MTTBSGU;;NOME;char;20;;;
MTTBSGU;;SEG_REGIAO;smallint;2;;;
MTTBSGU;;SEG_MATRIC;int;4;;;
MTTBSGU;;SEG_AGENCIA;smallint;2;;;
MTTBSGU;;QTD_PSE;int;4;;;
MTTBSIC;;CODEMP;smallint;2;;;
MTTBSIC;;REGIAO;smallint;2;;;
MTTBSIC;;NUCLEO;smallint;2;;;
MTTBSIC;;CONTRATO;char;10;;;
MTTBSIC;;SIT_1;smallint;2;;;
MTTBSIC;;SIT_2;smallint;2;;;
MTTBSIC;;SIT_3;smallint;2;;;
MTTBSIC;;SIT_4;smallint;2;;;
MTTBSIC;;SIT_5;smallint;2;;;
MTTBSIC;;SIT_6;smallint;2;;;
MTTBSIC;;SIT_7;smallint;2;;;
MTTBSIC;;SIT_8;smallint;2;;;
MTTBSIC;;SIT_9;smallint;2;;;
MTTBSIC;;SIT_10;smallint;2;;;
MTTBSIC;;SIT_11;smallint;2;;;
MTTBSIC;;SIT_12;smallint;2;;;
MTTBSIC;;SIT_13;smallint;2;;;
MTTBSIC;;SIT_14;smallint;2;;;
MTTBSIC;;SIT_15;smallint;2;;;
MTTBSIC;;SIT_16;smallint;2;;;
MTTBSIC;;SIT_17;smallint;2;;;
MTTBSIC;;SIT_18;smallint;2;;;
MTTBSIC;;SIT_19;smallint;2;;;
MTTBSIC;;SIT_20;smallint;2;;;
MTTBSIG;;CONTRATO;char;10;;;
MTTBSIG;;NOMTIT;char;35;;;
MTTBSIG;;NUM_IMOVEL;int;4;;;
MTTBSIG;;DATA_ASS;char;8;;;
MTTBSIG;;VL_VENDA;float;8;;;
MTTBSIG;;VL_ENTRADA;float;8;;;
MTTBSIG;;PERC_ENTRADA;float;8;;;
MTTBSIG;;QTD_PRAZO;smallint;2;;;
MTTBSIG;;QTD_PAGAS;smallint;2;;;
MTTBSIG;;QTD_ATRASO;smallint;2;;;
MTTBSIG;;DT_PRI_ABERT;char;8;;;
MTTBSIG;;DT_ULT_ABERT;char;8;;;
MTTBSIG;;VL_ATRASO;float;8;;;
MTTBSIG;;VL_SALDO;float;8;;;
MTTBSIG;;VL_TOTAL;float;8;;;
MTTBSIG;;DAT_INC;char;8;;;
MTTBSIG;;HOR_INC;char;8;;;
MTTBSIG;;USU_INC;char;8;;;
MTTBSMF;;CODEMP;smallint;2;;;
MTTBSMF;;TIPO_SMH;char;1;;;
MTTBSMF;;DATA_REAJ;char;6;;;
MTTBSMF;;DB_01;float;8;;;
MTTBSMF;;DB_02;float;8;;;
MTTBSMF;;DB_03;float;8;;;
MTTBSMF;;DB_04;float;8;;;
MTTBSMF;;DB_05;float;8;;;
MTTBSMF;;DB_06;float;8;;;
MTTBSMF;;DB_07;float;8;;;
MTTBSMF;;DB_08;float;8;;;
MTTBSMF;;DB_09;float;8;;;
MTTBSMF;;DB_10;float;8;;;
MTTBSMF;;DB_11;float;8;;;
MTTBSMF;;DB_12;float;8;;;
MTTBSMH;;CodEmp;smallint;2;;;
MTTBSMH;;DataSmh;char;6;;;
MTTBSMH;;Anual;float;8;;;
MTTBSMH;;Autonomo;float;8;;;
MTTBSMH;;Aposentado;float;8;;;
MTTBSMH;;Semestral;float;8;;;
MTTBSMH;;Sal_Minimo;float;8;;;
MTTBSMR;;CODEMP;smallint;2;;;
MTTBSMR;;REGIAO;smallint;2;;;
MTTBSMR;;NUCLEO;smallint;2;;;
MTTBSMR;;CONTRATO;char;10;;;
MTTBSMR;;DATA_COMP;char;6;;;
MTTBSMR;;LIN_CRED;smallint;2;;;
MTTBSMR;;CTB_CONTA;char;20;;;
MTTBSMR;;PC_COHAB;float;8;;;
MTTBSMR;;PC_FMH;float;8;;;
MTTBSMR;;PC_PART_FMH;float;8;;;
MTTBSMR;;SLD_REC_ANT;float;8;;;
MTTBSMR;;JUR_REC_ANT;float;8;;;
MTTBSMR;;REC_SOMA_MES;float;8;;;
MTTBSMR;;REC_SUBT_MES;float;8;;;
MTTBSMR;;JRBX_REC_MES;float;8;;;
MTTBSMR;;JRES_REC_MES;float;8;;;
MTTBSMR;;SLD_RECEITA;float;8;;;
MTTBSMR;;DIF_RECEITA;float;8;;;
MTTBSMR;;JUR_RECEITA;float;8;;;
MTTBSMR;;DIF_JUR_REC;float;8;;;
MTTBSMR;;SLD_CUS_ANT;float;8;;;
MTTBSMR;;JUR_CUS_ANT;float;8;;;
MTTBSMR;;CUS_SOMA_MES;float;8;;;
MTTBSMR;;CUS_SUBT_MES;float;8;;;
MTTBSMR;;JRBX_CUS_MES;float;8;;;
MTTBSMR;;JRES_CUS_MES;float;8;;;
MTTBSMR;;SLD_CUSTO;float;8;;;
MTTBSMR;;DIF_CUSTO;float;8;;;
MTTBSMR;;JUR_CUSTO;float;8;;;
MTTBSMR;;DIF_JUR_CUS;float;8;;;
MTTBSMR;;REC_PRV_MES;float;8;;;
MTTBSMR;;REC_PRV_TRI;float;8;;;
MTTBSMR;;REC_PRV_ANU;float;8;;;
MTTBSMR;;REC_PRV_ATM;float;8;;;
MTTBSMR;;CUS_PRV_MES;float;8;;;
MTTBSMR;;CUS_PRV_TRI;float;8;;;
MTTBSMR;;CUS_PRV_ANU;float;8;;;
MTTBSMR;;CUS_PRV_ATM;float;8;;;
MTTBSMR;;FSLD_REC_ANT;float;8;;;
MTTBSMR;;FJUR_REC_ANT;float;8;;;
MTTBSMR;;FREC_SOMA_ME;float;8;;;
MTTBSMR;;FREC_SUBT_ME;float;8;;;
MTTBSMR;;FJRBX_REC_ME;float;8;;;
MTTBSMR;;FJRES_REC_ME;float;8;;;
MTTBSMR;;FSLD_RECEITA;float;8;;;
MTTBSMR;;FDIF_RECEITA;float;8;;;
MTTBSMR;;FJUR_RECEITA;float;8;;;
MTTBSMR;;FDIF_JUR_REC;float;8;;;
MTTBSMR;;FSLD_CUS_ANT;float;8;;;
MTTBSMR;;FJUR_CUS_ANT;float;8;;;
MTTBSMR;;FCUS_SOMA_ME;float;8;;;
MTTBSMR;;FCUS_SUBT_ME;float;8;;;
MTTBSMR;;FJRBX_CUS_ME;float;8;;;
MTTBSMR;;FJRES_CUS_ME;float;8;;;
MTTBSMR;;FSLD_CUSTO;float;8;;;
MTTBSMR;;FDIF_CUSTO;float;8;;;
MTTBSMR;;FJUR_CUSTO;float;8;;;
MTTBSMR;;FDIF_JUR_CUS;float;8;;;
MTTBSMR;;FREC_PRV_MES;float;8;;;
MTTBSMR;;FREC_PRV_TRI;float;8;;;
MTTBSMR;;FREC_PRV_ANU;float;8;;;
MTTBSMR;;FREC_PRV_ATM;float;8;;;
MTTBSMR;;FCUS_PRV_MES;float;8;;;
MTTBSMR;;FCUS_PRV_TRI;float;8;;;
MTTBSMR;;FCUS_PRV_ANU;float;8;;;
MTTBSMR;;FCUS_PRV_ATM;float;8;;;
MTTBSNC;;CODEMP;smallint;2;;;
MTTBSNC;;REGIAO;smallint;2;;;
MTTBSNC;;NUCLEO;smallint;2;;;
MTTBSNC;;CONTRATO;char;10;;;
MTTBSNC;;DT_PROTOCOLO;char;8;;;
MTTBSNC;;HR_PROTOCOLO;char;8;;;
MTTBSNC;;TP_SINISTRO;smallint;2;;;
MTTBSNC;;CNPJCPFTIT;char;14;;;
MTTBSNC;;DT_SINISTRO;char;8;;;
MTTBSNC;;DT_AVISOSIN;char;8;;;
MTTBSNC;;FISJURTIT;smallint;2;;;
MTTBSNC;;NOMTIT;char;35;;;
MTTBSNC;;PERCTIT;float;8;;;
MTTBSNC;;NUMERO_FIF;char;13;;;
MTTBSNC;;MUNICIPIO;char;50;;;
MTTBSNC;;ST_SINISTRO;smallint;2;;;
MTTBSNC;;ST_ATIVSINISTRO;smallint;2;;;
MTTBSNC;;GRUPO_SINISTRO;smallint;2;;;
MTTBSNC;;ULTIMA_FASE;smallint;2;;;
MTTBSNC;;ACCSEQ;char;17;;;
MTTBSNC;;VLSOLICITADO;float;8;;;
MTTBSNC;;DTVENCTO_INAD;char;8;;;
MTTBSNC;;QTDPREST_INAD;smallint;2;;;
MTTBSNC;;VLENCARG_INAD;float;8;;;
MTTBSNC;;VLATUALIZ_INAD;float;8;;;
MTTBSNC;;VLCTACORR_INAD;float;8;;;
MTTBSNC;;SLDEVEDOR_INAD;float;8;;;
MTTBSNC;;DTVENCTO_ATU;char;8;;;
MTTBSNC;;QTDPREST_ATU;smallint;2;;;
MTTBSNC;;VLENCARG_ATU;float;8;;;
MTTBSNC;;VLATUALIZ_ATU;float;8;;;
MTTBSNC;;VLCTACORR_ATU;float;8;;;
MTTBSNC;;SLDEVEDOR_ATU;float;8;;;
MTTBSNC;;USR_INC;char;8;;;
MTTBSNC;;DATA_INC;char;8;;;
MTTBSNC;;HORA_INC;char;8;;;
MTTBSNC;;USR_ALT;char;8;;;
MTTBSNC;;DATA_ALT;char;8;;;
MTTBSNC;;HORA_ALT;char;8;;;
MTTBSNC;;USR_EXC;char;8;;;
MTTBSNC;;DATA_EXC;char;8;;;
MTTBSNC;;HORA_EXC;char;8;;;
MTTBSNC;;USR_CONC;char;8;;;
MTTBSNC;;DATA_CONC;char;8;;;
MTTBSNC;;HORA_CONC;char;8;;;
MTTBSNC;;USR_RENG;char;8;;;
MTTBSNC;;DATA_RENG;char;8;;;
MTTBSNC;;HORA_RENG;char;8;;;
MTTBSNC;;USR_REAB;char;8;;;
MTTBSNC;;DATA_REAB;char;8;;;
MTTBSNC;;HORA_REAB;char;8;;;
MTTBSNC;;NM_SINISTRO;char;10;;;
MTTBSNC;;CODSEG;smallint;2;;;
MTTBSNC;;PLANOSEG;smallint;2;;;
MTTBSNC;;SLDEVEDOR_CONC;float;8;;;
MTTBSNC;;VLINDENIZ_CONC;float;8;;;
MTTBSNC;;VLDIFERE_CONC;float;8;;;
MTTBSNC;;CONTATO_LVI;varchar;100;;;
MTTBSNC;;LOCAL_DANO;smallint;2;;;
MTTBSNC;;TP_IMOVEL;smallint;2;;;
MTTBSNC;;TP_SIN_FIS;smallint;2;;;
MTTBSNC1;;CODEMP;smallint;2;;;
MTTBSNC1;;REGIAO;smallint;2;;;
MTTBSNC1;;NUCLEO;smallint;2;;;
MTTBSNC1;;CONTRATO;char;10;;;
MTTBSNC1;;DT_PROTOCOLO;char;8;;;
MTTBSNC1;;HR_PROTOCOLO;char;8;;;
MTTBSNC1;;TP_SINISTRO;smallint;2;;;
MTTBSNC1;;CNPJCPFTIT;char;14;;;
MTTBSNC1;;DT_SINISTRO;char;8;;;
MTTBSNC1;;DT_AVISOSIN;char;8;;;
MTTBSNC1;;FISJURTIT;smallint;2;;;
MTTBSNC1;;NOMTIT;char;35;;;
MTTBSNC1;;PERCTIT;float;8;;;
MTTBSNC1;;NUMERO_FIF;char;13;;;
MTTBSNC1;;MUNICIPIO;char;50;;;
MTTBSNC1;;ST_SINISTRO;smallint;2;;;
MTTBSNC1;;ST_ATIVSINISTRO;smallint;2;;;
MTTBSNC1;;GRUPO_SINISTRO;smallint;2;;;
MTTBSNC1;;ULTIMA_FASE;smallint;2;;;
MTTBSNC1;;ACCSEQ;char;17;;;
MTTBSNC1;;VLSOLICITADO;float;8;;;
MTTBSNC1;;DTVENCTO_INAD;char;8;;;
MTTBSNC1;;QTDPREST_INAD;smallint;2;;;
MTTBSNC1;;VLENCARG_INAD;float;8;;;
MTTBSNC1;;VLATUALIZ_INAD;float;8;;;
MTTBSNC1;;VLCTACORR_INAD;float;8;;;
MTTBSNC1;;SLDEVEDOR_INAD;float;8;;;
MTTBSNC1;;DTVENCTO_ATU;char;8;;;
MTTBSNC1;;QTDPREST_ATU;smallint;2;;;
MTTBSNC1;;VLENCARG_ATU;float;8;;;
MTTBSNC1;;VLATUALIZ_ATU;float;8;;;
MTTBSNC1;;VLCTACORR_ATU;float;8;;;
MTTBSNC1;;SLDEVEDOR_ATU;float;8;;;
MTTBSNC1;;USR_INC;char;8;;;
MTTBSNC1;;DATA_INC;char;8;;;
MTTBSNC1;;HORA_INC;char;8;;;
MTTBSNC1;;USR_ALT;char;8;;;
MTTBSNC1;;DATA_ALT;char;8;;;
MTTBSNC1;;HORA_ALT;char;8;;;
MTTBSNC1;;USR_EXC;char;8;;;
MTTBSNC1;;DATA_EXC;char;8;;;
MTTBSNC1;;HORA_EXC;char;8;;;
MTTBSNC1;;USR_CONC;char;8;;;
MTTBSNC1;;DATA_CONC;char;8;;;
MTTBSNC1;;HORA_CONC;char;8;;;
MTTBSNC1;;USR_RENG;char;8;;;
MTTBSNC1;;DATA_RENG;char;8;;;
MTTBSNC1;;HORA_RENG;char;8;;;
MTTBSNC1;;USR_REAB;char;8;;;
MTTBSNC1;;DATA_REAB;char;8;;;
MTTBSNC1;;HORA_REAB;char;8;;;
MTTBSNC1;;NM_SINISTRO;char;10;;;
MTTBSNC1;;CODSEG;smallint;2;;;
MTTBSNC1;;PLANOSEG;smallint;2;;;
MTTBSNC1;;SLDEVEDOR_CONC;float;8;;;
MTTBSNC1;;VLINDENIZ_CONC;float;8;;;
MTTBSNC1;;VLDIFERE_CONC;float;8;;;
MTTBSNCAUX;;CODEMP;smallint;2;;;
MTTBSNCAUX;;REGIAO;smallint;2;;;
MTTBSNCAUX;;NUCLEO;smallint;2;;;
MTTBSNCAUX;;CONTRATO;char;10;;;
MTTBSNCAUX;;DT_PROTOCOLO;char;8;;;
MTTBSNCAUX;;HR_PROTOCOLO;char;8;;;
MTTBSNCAUX;;TP_SINISTRO;smallint;2;;;
MTTBSNCAUX;;CNPJCPFTIT;char;14;;;
MTTBSNCAUX;;ID_AVISO_API;varchar;17;;;
MTTBSNCAUX;;PROTOCOLOBASE64;varbinary;-1;;;
MTTBSNO;;CODEMP;smallint;2;;;
MTTBSNO;;REGIAO;smallint;2;;;
MTTBSNO;;NUCLEO;smallint;2;;;
MTTBSNO;;CONTRATO;char;10;;;
MTTBSNO;;DT_PROTOCOLO;char;8;;;
MTTBSNO;;HR_PROTOCOLO;char;8;;;
MTTBSNO;;TP_SINISTRO;smallint;2;;;
MTTBSNO;;CNPJCPFTIT;char;14;;;
MTTBSNO;;SEQOCORR;int;4;;;
MTTBSNO;;FS_SINISTRO;smallint;2;;;
MTTBSNO;;DT_AGENDA;char;8;;;
MTTBSNO;;HR_AGENDA;char;6;;;
MTTBSNO;;ST_OCORRENCIA;smallint;2;;;
MTTBSNO;;EXISTE_DOC;char;1;;;
MTTBSNO;;TIPODOC;smallint;2;;;
MTTBSNO;;REFERDOC;smallint;2;;;
MTTBSNO;;DATA_DOC;char;8;;;
MTTBSNO;;HORA_DOC;char;8;;;
MTTBSNO;;USR_INC;char;8;;;
MTTBSNO;;DATA_INC;char;8;;;
MTTBSNO;;HORA_INC;char;8;;;
MTTBSNO;;USR_ALT;char;8;;;
MTTBSNO;;DATA_ALT;char;8;;;
MTTBSNO;;HORA_ALT;char;8;;;
MTTBSNO;;USR_EXC;char;8;;;
MTTBSNO;;DATA_EXC;char;8;;;
MTTBSNO;;HORA_EXC;char;8;;;
MTTBSNO;;USR_CONC;char;8;;;
MTTBSNO;;DATA_CONC;char;8;;;
MTTBSNO;;HORA_CONC;char;8;;;
MTTBSNP;;CODEMP;smallint;2;;;
MTTBSNP;;GRUPO;smallint;2;;;
MTTBSNP;;SITUACAO;int;4;;;
MTTBSNP;;COD_HIST_T;smallint;2;;;
MTTBSNP;;COD_HIST_P;smallint;2;;;
MTTBSOL;;CODEMP;smallint;2;;;
MTTBSOL;;SOL_ID;int;4;;;
MTTBSOL;;CLIENTE_EMP;smallint;2;;;
MTTBSOL;;CLIENTE_AREA;smallint;2;;;
MTTBSOL;;CLIENTE_USU;smallint;2;;;
MTTBSOL;;SISTEMA_COD;smallint;2;;;
MTTBSOL;;SISTEMA_MOD;smallint;2;;;
MTTBSOL;;DTA_SOL;char;8;;;
MTTBSOL;;HORA_SOL;char;8;;;
MTTBSOL;;TIPO_SOL;smallint;2;;;
MTTBSOL;;ORIGEM_SOL;smallint;2;;;
MTTBSOL;;TITULO_SOL;char;50;;;
MTTBSOL;;DESCR_SOL;char;255;;;
MTTBSOL;;PRIOR_USU;smallint;2;;;
MTTBSOL;;OBS_SOL;char;255;;;
MTTBSOL;;ATEND_SOL;char;25;;;
MTTBSOL;;CUSTO_CLIENT;smallint;2;;;
MTTBSOL;;PRIOR_SIST;smallint;2;;;
MTTBSOL;;DTA_ENV_ORC;char;8;;;
MTTBSOL;;QTD_HOR_ORC;smallint;2;;;
MTTBSOL;;DTA_APRV_ORC;char;8;;;
MTTBSOL;;USU_APRV_ORC;smallint;2;;;
MTTBSOL;;DTA_INI_PREV;char;8;;;
MTTBSOL;;QTD_HOR_PREV;smallint;2;;;
MTTBSOL;;QTD_REC_PREV;smallint;2;;;
MTTBSOL;;RESP_PRINC;char;8;;;
MTTBSOL;;DTA_INI_REAL;char;8;;;
MTTBSOL;;DTA_FINAL;char;8;;;
MTTBSOL;;QTD_HOR_REAL;smallint;2;;;
MTTBSOL;;QTD_REC_REAL;smallint;2;;;
MTTBSOL;;ANEXO_01;char;250;;;
MTTBSOL;;ANEXO_02;char;250;;;
MTTBSOL;;ANEXO_03;char;250;;;
MTTBSOL;;STATUS_SOL;smallint;2;;;
MTTBSOL;;DTA_STATUS;char;8;;;
MTTBSOL;;DTA_INCL;char;8;;;
MTTBSOL;;HOR_INCL;char;8;;;
MTTBSOL;;DTA_ALTER;char;8;;;
MTTBSOL;;HOR_ALTER;char;8;;;
MTTBSPC;;CodEmp;smallint;2;;;
MTTBSPC;;Regiao;smallint;2;;;
MTTBSPC;;Nucleo;smallint;2;;;
MTTBSPC;;Contrato;char;10;;;
MTTBSPC;;Data_Comp;char;6;;;
MTTBSPC;;Cod_Contabil;smallint;2;;;
MTTBSPC;;Sit_Contr;smallint;2;;;
MTTBSPC;;Nivel_Risco;smallint;2;;;
MTTBSPC;;Saldo_Teor;float;8;;;
MTTBSPC;;Saldo_30;float;8;;;
MTTBSPC;;Enc_Atraso;float;8;;;
MTTBSPC;;Enc_Total;float;8;;;
MTTBSPC;;Enc_Total_30;float;8;;;
MTTBSPC;;Enc_Amort;float;8;;;
MTTBSPC;;Enc_Juros;float;8;;;
MTTBSPC;;Enc_Taxas;float;8;;;
MTTBSPC;;Enc_Fcvs;float;8;;;
MTTBSPC;;Enc_Seg;float;8;;;
MTTBSPC;;Enc_Fgts;float;8;;;
MTTBSPC;;Enc_Subs;float;8;;;
MTTBSPC;;Prv_EncAmort;float;8;;;
MTTBSPC;;Prv_EncJuros;float;8;;;
MTTBSPC;;Prv_EncTaxas;float;8;;;
MTTBSPC;;Prv_EncFcvs;float;8;;;
MTTBSPC;;Prv_EncSeg;float;8;;;
MTTBSPC;;Prv_EncFgts;float;8;;;
MTTBSPC;;Prv_EncSubs;float;8;;;
MTTBSPC;;Prv_CorMon;float;8;;;
MTTBSPC;;Prv_Creli;float;8;;;
MTTBSPC;;Sd_TermPrazo;float;8;;;
MTTBSPC;;Pro_Cor_2M;float;8;;;
MTTBSPC;;Pro_Cor_3M;float;8;;;
MTTBSPC;;Rec_Atu_Mon;float;8;;;
MTTBSPC;;Prov_Mora;float;8;;;
MTTBSPC;;Prov_Mora_At;float;8;;;
MTTBSPC;;Rap_CMon;float;8;;;
MTTBSPC;;Rap_CMon_30;float;8;;;
MTTBSPC;;Rap_Juros;float;8;;;
MTTBSPC;;Rap_Juros_30;float;8;;;
MTTBSPC;;Rap_Taxas;float;8;;;
MTTBSPC;;Rap_Taxas_30;float;8;;;
MTTBSPC;;Vinc_Ate15;float;8;;;
MTTBSPC;;Vinc_Ate30;float;8;;;
MTTBSPC;;Vinc_Ate60;float;8;;;
MTTBSPC;;Vinc_Ate90;float;8;;;
MTTBSPC;;Vinc_Ate120;float;8;;;
MTTBSPC;;Vinc_Ate150;float;8;;;
MTTBSPC;;Vinc_Ate180;float;8;;;
MTTBSPC;;Vinc_Ate360;float;8;;;
MTTBSPC;;Vinc_Ate720;float;8;;;
MTTBSPC;;Vinc_Ate1080;float;8;;;
MTTBSPC;;Vinc_Ate1440;float;8;;;
MTTBSPC;;Vinc_Ate1800;float;8;;;
MTTBSPC;;Vinc_Ate5400;float;8;;;
MTTBSPC;;Vinc_Apos;float;8;;;
MTTBSPC;;Venc_Ate14;float;8;;;
MTTBSPC;;Venc_Ate30;float;8;;;
MTTBSPC;;Venc_Ate60;float;8;;;
MTTBSPC;;Venc_Ate90;float;8;;;
MTTBSPC;;Venc_Ate120;float;8;;;
MTTBSPC;;Venc_Ate150;float;8;;;
MTTBSPC;;Venc_Ate180;float;8;;;
MTTBSPC;;Venc_Ate240;float;8;;;
MTTBSPC;;Venc_Ate300;float;8;;;
MTTBSPC;;Venc_Ate360;float;8;;;
MTTBSPC;;Venc_Ate540;float;8;;;
MTTBSPC;;Venc_Apos;float;8;;;
MTTBSPC;;Data_Cl;char;8;;;
MTTBSPC;;Data_Atraso;char;8;;;
MTTBSPC;;Fx_CBP;smallint;2;;;
MTTBSPC;;Cob_Fcvs;char;1;;;
MTTBSPC;;Tipo_Saldo;char;1;;;
MTTBSPC;;Qtd_Dias;int;4;;;
MTTBSPC;;Sd_97222;float;8;;;
MTTBSPC;;Prazo_Rem;smallint;2;;;
MTTBSPC;;Tx_Juros;float;8;;;
MTTBSPC;;Vl_Garant;float;8;;;
MTTBSPC;;Vl_Aval;float;8;;;
MTTBSPC;;Qtd_Prt_AB;smallint;2;;;
MTTBSPC;;SALDO_DC;char;1;;;
MTTBSPC;;COB_TERB;smallint;2;;;
MTTBSPC;;BXA_NAPROP;float;8;;;
MTTBSPC;;NIVEL_RISINF;smallint;2;;;
MTTBSPC;;PRV_CRELIINF;float;8;;;
MTTBSPC;;RAP_CMON_MM;float;8;;;
MTTBSPC;;RAP_JUROS_MM;float;8;;;
MTTBSPC;;RAP_TAXAS_MM;float;8;;;
MTTBSPC;;ENC_TAXA1;float;8;;;
MTTBSPC;;ENC_TAXA2;float;8;;;
MTTBSPC;;ENC_TAXA3;float;8;;;
MTTBSPC;;ENC_SEG_MIP;float;8;;;
MTTBSPC;;ENC_SEG_CRED;float;8;;;
MTTBSPC;;ENC_SEG_DFI;float;8;;;
MTTBSPC;;PRV_ENCTAXA1;float;8;;;
MTTBSPC;;PRV_ENCTAXA2;float;8;;;
MTTBSPC;;PRV_ENCTAXA3;float;8;;;
MTTBSPC;;PRV_ENCSEGM;float;8;;;
MTTBSPC;;PRV_ENCSEGC;float;8;;;
MTTBSPC;;PRV_ENCSEGD;float;8;;;
MTTBSPC;;PRV_ENCTOTAL;float;8;;;
MTTBSPC;;PROV_ATUMON;float;8;;;
MTTBSPC;;PROV_JURCON;float;8;;;
MTTBSPC;;PROV_MULTA;float;8;;;
MTTBSPC;;PRO_CM;float;8;;;
MTTBSPC;;PRO_JR;float;8;;;
MTTBSPC;;PRO_TX;float;8;;;
MTTBSPC;;PRO_TX1;float;8;;;
MTTBSPC;;PRO_TX2;float;8;;;
MTTBSPC;;PRO_TX3;float;8;;;
MTTBSPC;;PRO_CM_1M;float;8;;;
MTTBSPC;;PRO_JR_1M;float;8;;;
MTTBSPC;;PRO_TX_1M;float;8;;;
MTTBSPC;;PRO_TX1_1M;float;8;;;
MTTBSPC;;PRO_TX2_1M;float;8;;;
MTTBSPC;;PRO_TX3_1M;float;8;;;
MTTBSPC;;SALDO_REF;float;8;;;
MTTBSPC;;SALDO_REF_30;float;8;;;
MTTBSPC;;DATA_INI;char;8;;;
MTTBSPC;;DATA_FIM;char;8;;;
MTTBSPC;;QTD_PRT_30;smallint;2;;;
MTTBSPC;;PRAZO;smallint;2;;;
MTTBSPC;;DIA_VENC;char;2;;;
MTTBSPC;;DIA_CORR;char;2;;;
MTTBSPC;;RESP_AGENTE;float;8;;;
MTTBSPC;;RESP_FCVS;float;8;;;
MTTBSPC;;RESP_MUTUAR;float;8;;;
MTTBSPC;;RESP_CEF;float;8;;;
MTTBSPC;;ORI_REC_TIPO;smallint;2;;;
MTTBSPC;;PART_CEF;float;8;;;
MTTBSPC;;TIPOFIN;smallint;2;;;
MTTBSPC;;STATUS;smallint;2;;;
MTTBSPC;;REC_JC;float;8;;;
MTTBSPC;;REC_TX;float;8;;;
MTTBSPC;;NOV_JUROS;float;8;;;
MTTBSPC;;NOV_JURCON;float;8;;;
MTTBSPC;;NOV_PRVJUROS;float;8;;;
MTTBSPC;;NOV_SALDO;float;8;;;
MTTBSPC;;NOV_PROJUR;float;8;;;
MTTBSPC;;NOV_PROJUR2;float;8;;;
MTTBSPC;;STC_COD1;char;3;;;
MTTBSPC;;STC_COD2;char;3;;;
MTTBSPC;;STC_COD3;char;3;;;
MTTBSPC;;STC_COD4;char;3;;;
MTTBSPC;;STC_COD5;char;3;;;
MTTBSPC;;PE_VLR_LIB;float;8;;;
MTTBSPC;;PE_QTD_LIB;int;4;;;
MTTBSPC;;DATA_CP;char;8;;;
MTTBSPC;;QTD_PRT_CP;int;4;;;
MTTBSPC;;QTD_PRT_LP;int;4;;;
MTTBSPC;;VLR_FV_CP;float;8;;;
MTTBSPC;;VLR_FV_LP;float;8;;;
MTTBSPC;;VLR_JT_CP;float;8;;;
MTTBSPC;;VLR_JT_LP;float;8;;;
MTTBSPC;;VLR_ACORDO;float;8;;;
MTTBSPC;;QTD_PAR_ACOR;int;4;;;
MTTBSPC;;ENC_ATRAMORT;float;8;;;
MTTBSPC;;ENC_ATRJUROS;float;8;;;
MTTBSPC;;ENC_ATRTAXAS;float;8;;;
MTTBSPC;;ENC_ATRTAXA1;float;8;;;
MTTBSPC;;ENC_ATRTAXA2;float;8;;;
MTTBSPC;;ENC_ATRTAXA3;float;8;;;
MTTBSPC;;ENC_ATRFCVS;float;8;;;
MTTBSPC;;ENC_ATRSEGS;float;8;;;
MTTBSPC;;ENC_ATRSEGM;float;8;;;
MTTBSPC;;ENC_ATRSEGC;float;8;;;
MTTBSPC;;ENC_ATRSEGD;float;8;;;
MTTBSPC;;ENC_ATRFGTS;float;8;;;
MTTBSPC;;ENC_ATRSUBS;float;8;;;
MTTBSPC;;BPP_VAL_PGTO;float;8;;;
MTTBSPCF;;CodEmp;smallint;2;;;
MTTBSPCF;;Regiao;smallint;2;;;
MTTBSPCF;;Nucleo;smallint;2;;;
MTTBSPCF;;Contrato;char;10;;;
MTTBSPCF;;Data_Comp;char;6;;;
MTTBSPCF;;OPVSLDG0401;float;8;;;
MTTBSPCF;;OPVSLDG0402;float;8;;;
MTTBSPCF;;OPVSLDG0403;float;8;;;
MTTBSPCF;;OPVSLDG0404;float;8;;;
MTTBSPCF;;OPVSLDG0405;float;8;;;
MTTBSPCF;;OPVSLDG0501;float;8;;;
MTTBSPCF;;OPVSLDG0502;float;8;;;
MTTBSPCF;;OPVSLDG0503;float;8;;;
MTTBSPCF;;OPVSLDG0533;float;8;;;
MTTBSPCF;;OPVSLDG0504;float;8;;;
MTTBSPCF;;OPVSLDG0505;float;8;;;
MTTBSPCF;;OPVSLDG0506;float;8;;;
MTTBSRT;;CODEMP;smallint;2;;;
MTTBSRT;;COD_BCO;char;3;;;
MTTBSRT;;COD_AGE;char;5;;;
MTTBSRT;;DTA_BXA;char;8;;;
MTTBSRT;;LOTE;smallint;2;;;
MTTBSRT;;SEQ;smallint;2;;;
MTTBSRT;;REGIAO;smallint;2;;;
MTTBSRT;;NUCLEO;smallint;2;;;
MTTBSRT;;CONTRATO;char;10;;;
MTTBSRT;;PAG_COD_BAIX;smallint;2;;;
MTTBSRT;;PRT_NUM_PRES;smallint;2;;;
MTTBSRT;;PRT_VAL_PGTO;float;8;;;
MTTBSRT;;PGT_DIF_PGTO;float;8;;;
MTTBSRT;;FLG_SIT;smallint;2;;;
MTTBSRT;;FLG_ATZ;smallint;2;;;
MTTBSRT;;DTA_BASE_PRO;char;8;;;
MTTBSRT;;ACC_SEQ;char;26;;;
MTTBSUB;;CODEMP;smallint;2;;;
MTTBSUB;;REGIAO;smallint;2;;;
MTTBSUB;;NUCLEO;smallint;2;;;
MTTBSUB;;CONTRATO;char;10;;;
MTTBSUB;;DTA_AUT;char;8;;;
MTTBSUB;;DTA_INI;char;8;;;
MTTBSUB;;DOC_AUT;char;20;;;
MTTBSUB;;PRAZO;smallint;2;;;
MTTBSUB;;VLR_Limite;float;8;;;
MTTBSUB;;MOEDA;char;3;;;
MTTBSUB;;CT_UTILIZ;smallint;2;;;
MTTBSUB;;CT_U_UTIL;char;8;;;
MTTBSUB;;DTA_ENCER;char;8;;;
MTTBSUB;;ACCSEQ;char;25;;;
MTTBSUB;;CT_DIVIDA;char;1;;;
MTTBSUB;;CT_PRAZO;smallint;2;;;
MTTBSUB;;CT_CARENCIA;smallint;2;;;
MTTBSUB;;CT_PLANO;smallint;2;;;
MTTBSUB;;CT_REGIAO;smallint;2;;;
MTTBSUB;;CT_LIN_CRED;smallint;2;;;
MTTBSUB;;CT_TX_JUROS;float;8;;;
MTTBSUB;;CT_CAR_TIPO;smallint;2;;;
MTTBSUB;;CT_SEG_MIP;char;1;;;
MTTBSUB;;CT_COD_SEG;smallint;2;;;
MTTBSUB;;CT_PLANO_SEG;smallint;2;;;
MTTBSUB;;CT_FLG_IMPL;char;1;;;
MTTBSUB;;CT_DTUINCORP;char;8;;;
MTTBSUX;;CODEMP;smallint;2;;;
MTTBSUX;;REGIAO;smallint;2;;;
MTTBSUX;;NUCLEO;smallint;2;;;
MTTBSUX;;CONTRATO;char;10;;;
MTTBSUX;;DTA_AUT;char;8;;;
MTTBSUX;;DTA_INI;char;8;;;
MTTBSUX;;DOC_AUT;char;20;;;
MTTBSUX;;PRAZO;smallint;2;;;
MTTBSUX;;VLR_Limite;float;8;;;
MTTBSUX;;MOEDA;char;3;;;
MTTBSUX;;CT_UTILIZ;smallint;2;;;
MTTBSUX;;CT_U_UTIL;char;8;;;
MTTBSUX;;DTA_ENCER;char;8;;;
MTTBSUX;;ACCSEQ;char;25;;;
MTTBSUX;;CT_DIVIDA;char;1;;;
MTTBSUX;;CT_PRAZO;smallint;2;;;
MTTBSUX;;CT_CARENCIA;smallint;2;;;
MTTBSUX;;CT_PLANO;smallint;2;;;
MTTBSUX;;CT_REGIAO;smallint;2;;;
MTTBSUX;;CT_LIN_CRED;smallint;2;;;
MTTBSUX;;CT_TX_JUROS;float;8;;;
MTTBSUX;;CT_CAR_TIPO;smallint;2;;;
MTTBSUX;;CT_SEG_MIP;char;1;;;
MTTBSUX;;CT_COD_SEG;smallint;2;;;
MTTBSUX;;CT_PLANO_SEG;smallint;2;;;
MTTBSUX;;CT_FLG_IMPL;char;1;;;
MTTBSUX;;CT_DTUINCORP;char;8;;;
MTTBSVD;;CODEMP;smallint;2;;;
MTTBSVD;;DATA_COMP;char;6;;;
MTTBSVD;;REGIAO;smallint;2;;;
MTTBSVD;;NUCLEO;smallint;2;;;
MTTBSVD;;CONTRATO;char;10;;;
MTTBSVD;;TIPO;smallint;2;;;
MTTBSVD;;SALDO_DIF;float;8;;;
MTTBSVD;;VAL_APR;float;8;;;
MTTBSVD;;VAL_NAO_APR;float;8;;;
MTTBSVD;;LIN_CRED;smallint;2;;;
MTTBSVD;;DATA_PRI_ATR;char;8;;;
MTTBSVD;;QTD_DIAS;smallint;2;;;
MTTBSVD;;NUM_PRES;smallint;2;;;
MTTBSVD;;PROV_COR_MON;float;8;;;
MTTBSVD;;PROV_QTD_DIA;smallint;2;;;
MTTBSVD;;DATA_ULT_EVE;char;8;;;
MTTBTAE;;Codemp;smallint;2;;;
MTTBTAE;;Codigo;char;1;;;
MTTBTAE;;Descricao;char;120;;;
MTTBTAE;;Tipo_Doc;char;1;;;
MTTBTAE;;Tipo_Arrec;char;1;;;
MTTBTAE;;Cod_Reng;smallint;2;;;
MTTBTAE;;VALOR_PADRAO;float;8;;;
MTTBTCA;;CODEMP;smallint;2;;;
MTTBTCA;;CODCAMP;smallint;2;;;
MTTBTCA;;CODTRZ;smallint;2;;;
MTTBTCA;;CODNUC;smallint;2;;;
MTTBTCA;;DTINCL;char;8;;;
MTTBTCA;;HRINCL;char;6;;;
MTTBTCA;;USINCL;char;8;;;
MTTBTCA;;DTINICIO;char;8;;;
MTTBTCA;;DTFIM;char;8;;;
MTTBTCA;;DTCANC;char;8;;;
MTTBTCA;;HRCANC;char;6;;;
MTTBTCA;;USCANC;char;8;;;
MTTBTCA;;DTFIMANT;char;8;;;
MTTBTCA;;DTULTTRZ;char;8;;;
MTTBTCA;;QTDPREST;smallint;2;;;
MTTBTCO;;CODEMP;smallint;2;;;
MTTBTCO;;REGIAO;smallint;2;;;
MTTBTCO;;NUCLEO;smallint;2;;;
MTTBTCO;;CONTRATO;char;10;;;
MTTBTCO;;SEQUENCIAL;char;8;;;
MTTBTCO;;ANO;char;4;;;
MTTBTCO;;CODUSR;char;8;;;
MTTBTCO;;DATA_INC;char;8;;;
MTTBTCO;;HORA_INC;char;6;;;
MTTBTCO;;CODUSR_EXC;char;8;;;
MTTBTCO;;DATA_EXC;char;8;;;
MTTBTCO;;HORA_EXC;char;6;;;
MTTBTCT;;CodEmp;smallint;2;;;
MTTBTCT;;Cod_Contabil;smallint;2;;;
MTTBTCT;;Conta_Financ;char;20;;;
MTTBTCT;;Cod_Hist;smallint;2;;;
MTTBTCT;;Flag_Juncao;char;1;;;
MTTBTCT;;Cod_Conta;char;20;;;
MTTBTCT;;Cod_Evento;smallint;2;;;
MTTBTCT;;Natureza;char;1;;;
MTTBTCT;;Cod_Especie;smallint;2;;;
MTTBTCT;;Valor_Lanc;float;8;;;
MTTBTCT;;Dta_Base;char;6;;;
MTTBTCT;;Flag_Mes;char;1;;;
MTTBTCT;;Data_Contab;char;8;;;
MTTBTCT;;REGIAO;smallint;2;;;
MTTBTCT;;NUCLEO;smallint;2;;;
MTTBTCT;;CONTRATO;char;10;;;
MTTBTCT;;Data_Proc_Fech_Diario;char;8;;;
MTTBTDC;;COD_TP_DOC;int;4;;;
MTTBTDC;;DESCRICAO;char;500;;;
MTTBTEE;;CODEMP;smallint;2;;;
MTTBTEE;;REGIAO;smallint;2;;;
MTTBTEE;;NUCLEO;smallint;2;;;
MTTBTEE;;CONTRATO;char;10;;;
MTTBTEE;;DATA_TR;char;8;;;
MTTBTEE;;HORA_TR;char;8;;;
MTTBTEE;;USR_TR;char;8;;;
MTTBTEE;;CODIND_TR;char;8;;;
MTTBTEE;;DESCIND_TR;char;35;;;
MTTBTEE;;CODEMP_TR;smallint;2;;;
MTTBTEE;;REGIAO_TR;smallint;2;;;
MTTBTEE;;NUCLEO_TR;smallint;2;;;
MTTBTEE;;CONTRATO_TR;char;10;;;
MTTBTEE;;LCOB_TIPO;smallint;2;;;
MTTBTEE;;LCOB_LOCAL;smallint;2;;;
MTTBTEE;;LIN_CRED;smallint;2;;;
MTTBTEE;;REG_ACORDOS;char;40;;;
MTTBTEE;;VALPAGO_PRIN;float;8;;;
MTTBTEE;;VALPAGO_ACORD;float;8;;;
MTTBTEE;;VALABERTO_PRIN;float;8;;;
MTTBTEE;;VALABERTO_ACORD;float;8;;;
MTTBTEE;;SLDDEV_ACORD;float;8;;;
MTTBTEE;;DATA_REPRO;char;8;;;
MTTBTEE;;HORA_REPRO;char;8;;;
MTTBTEE;;USR_REPRO;char;8;;;
MTTBTEE;;R_VALPAGO_PRIN;float;8;;;
MTTBTEE;;R_VALPAGO_ACORD;float;8;;;
MTTBTEE;;R_VALABERTO_PRIN;float;8;;;
MTTBTEE;;R_VALABERTO_ACORD;float;8;;;
MTTBTEE;;R_SLDDEV_ACORD;float;8;;;
MTTBTIN;;CodEmp;smallint;2;;;
MTTBTIN;;Cta_Financ;char;20;;;
MTTBTIN;;Cod_Hist;smallint;2;;;
MTTBTIN;;Cod_Especie;smallint;2;;;
MTTBTIN;;Regiao;smallint;2;;;
MTTBTIN;;Nucleo;smallint;2;;;
MTTBTIN;;Contrato;char;10;;;
MTTBTIN;;Natureza;char;1;;;
MTTBTIN;;Valor;float;8;;;
MTTBTIN;;Dta_Base;char;6;;;
MTTBTIN;;Flag_Mes;char;1;;;
MTTBTIN;;Data_Proc_Fech_Diario;char;8;;;
MTTBTIT;;CODEMP;smallint;2;;;
MTTBTIT;;COD_TITULO;smallint;2;;;
MTTBTIT;;DESC_TITULO;char;50;;;
MTTBTIT;;QTD_REF;int;4;;;
MTTBTJM;;CODEMP;smallint;2;;;
MTTBTJM;;DAT_TJM;char;6;;;
MTTBTJM;;PERC_REM;float;8;;;
MTTBTJM;;TAXA_MAX;float;8;;;
MTTBTLC;;CODEMP;smallint;2;;;
MTTBTLC;;COD_LANC_SGH;char;6;;;
MTTBTLC;;DESC_LANC;char;50;;;
MTTBTLC;;COD_LAN_CLI1;char;50;;;
MTTBTLC;;COD_LAN_CLI2;char;50;;;
MTTBTLC;;COD_LAN_CLI3;char;50;;;
MTTBTLC;;FLG_CONTAB;smallint;2;;;
MTTBTMP;;CodEmp;smallint;2;;;
MTTBTMP;;Codigo;char;6;;;
MTTBTMP;;CodHis;smallint;2;;;
MTTBTMP;;CodHisExc;smallint;2;;;
MTTBTMP;;Juncao;smallint;2;;;
MTTBTMP;;SldDeb;char;3;;;
MTTBTMP;;SldCre;char;3;;;
MTTBTMP;;AmoDeb;char;3;;;
MTTBTMP;;AmoCre;char;3;;;
MTTBTMP;;JurDeb;char;3;;;
MTTBTMP;;JurCre;char;3;;;
MTTBTMP;;TaxDeb;char;3;;;
MTTBTMP;;TaxCre;char;3;;;
MTTBTMP;;SegDeb;char;3;;;
MTTBTMP;;SegCre;char;3;;;
MTTBTMP;;FcvDeb;char;3;;;
MTTBTMP;;FcvCre;char;3;;;
MTTBTMP;;FgtDeb;char;3;;;
MTTBTMP;;FgtCre;char;3;;;
MTTBTMP;;SubDeb;char;3;;;
MTTBTMP;;SubCre;char;3;;;
MTTBTMP;;CcoDeb;char;3;;;
MTTBTMP;;CcoCre;char;3;;;
MTTBTMP;;MorDeb;char;3;;;
MTTBTMP;;MorCre;char;3;;;
MTTBTMP;;DesDeb;char;3;;;
MTTBTMP;;DesCre;char;3;;;
MTTBTMP;;DifDeb;char;3;;;
MTTBTMP;;DifCre;char;3;;;
MTTBTMP;;CorDeb;char;3;;;
MTTBTMP;;CorCre;char;3;;;
MTTBTMP;;Compl;char;6;;;
MTTBTPA;;CODEMP;smallint;2;;;
MTTBTPA;;COD_ACAO;smallint;2;;;
MTTBTPA;;DESC_ACAO;char;50;;;
MTTBTPA;;FLG_EXEC;smallint;2;;;
MTTBTPA;;QTD_REF;int;4;;;
MTTBTST;;CODEMP;smallint;2;;;
MTTBTST;;CODFUNC;int;4;;;
MTTBTST;;NOMEFUNC;char;30;;;
MTTBTST;;FUNCFUNC;char;20;;;
MTTBTST;;SALFUNC;float;8;;;
MTTBTXT;;CODEMP;smallint;2;;;
MTTBTXT;;CODTXT;smallint;2;;;
MTTBTXT;;ASSUNTO;char;25;;;
MTTBTXT;;TEXTO;text;16;;;
MTTBUNI;;CODEMP;smallint;2;;;
MTTBUNI;;CODEPE;int;4;;;
MTTBUNI;;CODBLQ;char;5;;;
MTTBUNI;;CODUNI;char;6;;;
MTTBUNI;;INSC_MUNICIP;char;20;;;
MTTBUNI;;SITUACAO;char;5;;;
MTTBUNI;;DT_INI_SITUA;char;8;;;
MTTBUNI;;DT_AVALIACAO;char;8;;;
MTTBUNI;;DT_VENDA;char;8;;;
MTTBUNI;;CODEMP_REC;smallint;2;;;
MTTBUNI;;REGIAO_REC;smallint;2;;;
MTTBUNI;;NUCLEO_REC;smallint;2;;;
MTTBUNI;;CONTRATO_REC;char;10;;;
MTTBUNI;;AREA_UTIL;float;8;;;
MTTBUNI;;AREA_PRIVADA;float;8;;;
MTTBUNI;;AREA_COMUM;float;8;;;
MTTBUNI;;AREA_TOTAL;float;8;;;
MTTBUNI;;FRACAO_IDEAL;float;8;;;
MTTBUNI;;CAUCIONADA;char;1;;;
MTTBUNI;;OPCAO_VMDVMR;char;1;;;
MTTBUNI;;VL_AVALIACAO;float;8;;;
MTTBUNI;;VL_VENDA;float;8;;;
MTTBUNI;;CODEMP_FIN;smallint;2;;;
MTTBUNI;;REGIAO_FIN;smallint;2;;;
MTTBUNI;;NUCLEO_FIN;smallint;2;;;
MTTBUNI;;CONTRATO_FIN;char;10;;;
MTTBUPC;;CodEmp;smallint;2;;;
MTTBUPC;;DataUpc;char;6;;;
MTTBUPC;;Upc;float;8;;;
MTTBUSR;;CODEMP;smallint;2;;;
MTTBUSR;;CODUSR;char;8;;;
MTTBUSR;;DOMINIO;char;50;;;
MTTBUSR;;CONTA;char;20;;;
MTTBUSR;;USR_INC;char;8;;;
MTTBUSR;;DATA_INC;char;8;;;
MTTBUSR;;HORA_INC;char;8;;;
MTTBUSR;;USR_ALT;char;8;;;
MTTBUSR;;DATA_ALT;char;8;;;
MTTBUSR;;HORA_ALT;char;8;;;
MTTBUTZ;;CODEMP;smallint;2;;;
MTTBUTZ;;CODUSR;char;8;;;
MTTBUTZ;;CODTRZ;smallint;2;;;
MTTBUXT;;CodEmp;smallint;2;;;
MTTBUXT;;CodUsr;char;8;;;
MTTBUXT;;CodApm;char;8;;;
MTTBUXT;;DtaIniVal;char;8;;;
MTTBUXT;;DtaFimVal;char;8;;;
MTTBUXT;;UsrInc;char;8;;;
MTTBUXT;;DtaInc;char;8;;;
MTTBUXT;;HraInc;char;8;;;
MTTBUXT;;UsRAlt;char;8;;;
MTTBUXT;;DtaAlt;char;8;;;
MTTBUXT;;HraAlt;char;8;;;
MTTBVAE;;CODEMP;smallint;2;;;
MTTBVAE;;NUCLEO;smallint;2;;;
MTTBVAE;;CONTRATO;char;10;;;
MTTBVAE;;DATA_EVM;char;6;;;
MTTBVAE;;DIA_CORR;smallint;2;;;
MTTBVAE;;IND_CORR;float;8;;;
MTTBVAE;;VAL_CORR;float;8;;;
MTTBVAE;;VALOR_AVAL;float;8;;;
MTTBVAE;;FLG_MOVTO;smallint;2;;;
MTTBVAM;;CODEMP;smallint;2;;;
MTTBVAM;;NUCLEO;smallint;2;;;
MTTBVAM;;CONTRATO;char;10;;;
MTTBVAM;;DATA_EVM;char;6;;;
MTTBVAM;;DATA_AVAL;char;8;;;
MTTBVAM;;VALOR_AVAL;float;8;;;
MTTBVAM;;CUSR_INCL;char;8;;;
MTTBVAM;;DATA_INCL;char;8;;;
MTTBVAM;;CUSR_ALT;char;8;;;
MTTBVAM;;DATA_ALT;char;8;;;
MTTBVAR;;CODEMP;smallint;2;;;
MTTBVAR;;COD_VARA;smallint;2;;;
MTTBVAR;;COD_COMARCA;int;4;;;
MTTBVAR;;COD_FORO;smallint;2;;;
MTTBVAR;;COD_ORGAO;smallint;2;;;
MTTBVAR;;DESC_VARA;char;15;;;
MTTBVAR;;QTD_REF;int;4;;;
MTTBVLP;;CODEMP;smallint;2;;;
MTTBVLP;;NUM_PROC;char;20;;;
MTTBVLP;;TIPO_PROC;smallint;2;;;
MTTBVLP;;TIPO_VALOR;char;3;;;
MTTBVLP;;COD_VALOR;smallint;2;;;
MTTBVLP;;DTA_VENC_VAL;char;8;;;
MTTBVLP;;SEQ_VALOR;smallint;2;;;
MTTBVLP;;REGIAO;smallint;2;;;
MTTBVLP;;NUCLEO;smallint;2;;;
MTTBVLP;;CONTRATO;char;10;;;
MTTBVLP;;DTA_EFETIV;char;8;;;
MTTBVLP;;FORMA_EFETIV;smallint;2;;;
MTTBVLP;;COMP_EFETIV;char;100;;;
MTTBVLP;;VAL_EFETIV;float;8;;;
MTTBVLP;;COD_PRE_SER;smallint;2;;;
MTTBVLP;;COD_FORNEC;smallint;2;;;
MTTBVLP;;OBS_VALOR;char;250;;;
MTTBVLP;;DTA_ULT_ATUA;char;8;;;
MTTBVLP;;VAL_ATUALIZ;float;8;;;
MTTBVLP;;DTA_RESSARC;char;8;;;
MTTBVLP;;DTA_PAG_TERC;char;8;;;
MTTBVLP;;FLG_PAG_TERC;smallint;2;;;
MTTBVLP;;FLG_REEM_MUT;smallint;2;;;
MTTBVLP;;FLG_RES1;char;1;;;
MTTBVLP;;FLG_RES2;char;1;;;
MTTBVLP;;FLG_RES3;char;1;;;
MTTBVLP;;FLG_RES4;smallint;2;;;
MTTBVLP;;FLG_RES5;smallint;2;;;
MTTBVLP;;FLG_RES6;smallint;2;;;
MTTBVLP;;DTA_INCLUSAO;char;8;;;
MTTBVLP;;HOR_INCLUSAO;char;8;;;
MTTBVLP;;USU_INCLUSAO;char;8;;;
MTTBVLP;;DTA_ALTER;char;8;;;
MTTBVLP;;HOR_ALTER;char;8;;;
MTTBVLP;;USU_ALTER;char;8;;;
MTTBVLP;;NUM_CI;smallint;2;;;
MTTBVLP;;DEBITAR;smallint;2;;;
MTTBVLP;;DT_PREV;char;8;;;
MTTBVND;;CODEMP;smallint;2;;;
MTTBVND;;CGCCPF;char;14;;;
MTTBVND;;REGIAO;smallint;2;;;
MTTBVND;;NUCLEO;smallint;2;;;
MTTBVND;;CONTRATO;char;10;;;
MTTBVND;;FISJUR;smallint;2;;;
MTTBVND;;VAL_VENDA;float;8;;;
MTTBVND;;BANCO;smallint;2;;;
MTTBVND;;AGENCIA;int;4;;;
MTTBVND;;TIPO_CONTA;smallint;2;;;
MTTBVND;;NUMERO_CONTA;char;10;;;
MTTBVND;;SITUACAO;smallint;2;;;
MTTBVND;;DATA_SIT;char;8;;;
MTTBVND;;DATA_CREDITO;char;8;;;
MTTBVND;;USR_FEITO;char;8;;;
MTTBVND;;DTA_FEITO;char;8;;;
MTTBVND;;HRO_FEITO;char;8;;;
MTTBVND;;USR_CONF;char;8;;;
MTTBVND;;DTA_CONF;char;8;;;
MTTBVND;;HRO_CONF;char;8;;;
MTTBVND;;IND_CORR;float;8;;;
MTTBVND;;VAL_CORR;float;8;;;
MTTBVND;;IND_JUR;float;8;;;
MTTBVND;;VAL_JUR;float;8;;;
MTTBVND;;VAL_CRED;float;8;;;
MTTBVND;;PERC_PART;float;8;;;
MTTBVND;;VALOR_PART;float;8;;;
MTTBVND;;ALIQ_IR;float;8;;;
MTTBVND;;VAL_IR;float;8;;;
MTTBVND;;TIPO_LIBERACAO;smallint;2;;;
MTTBVND;;DATA_LIBERACAO_FGTS;varchar;8;;;
MTTBVND;;SITUACAO_LIBERACAO_FGTS;smallint;2;;;
MTTBVND;;DATA_SITUACAO_FGTS;varchar;8;;;
MTTBVND;;CHEQUE_ADM_FGTS;smallint;2;;;
MTTBVND;;SEQ_REC_LCT;varchar;10;;;
MTTBVRV;;CODEMP;smallint;2;;;
MTTBVRV;;CODIGO;smallint;2;;;
MTTBVRV;;NOME;char;15;;;
MTTBVRV;;DESCRICAO;char;30;;;
MTTBLOG;;<ILOG5,;sysname,>;0;;;
MTTBLOG;;<ILOG5,;sysname,>;0;;;
MTTBLOG;;<ILOG5,;sysname,>;0;;;
MTTBLOG;;<ILOG5,;sysname,>;0;;;
MTTBLOG;;<ILOG5,;sysname,>;0;;;
MTTBLOG;;<ILOG5,;sysname,>;0;;;
